T_in,H_in,P_last,T_out,H_out,Occupancy,Source,Mode,Fan,Temp,TimeSinceAction_sec,T_in_next,H_in_next,P_next,T_out_next,H_out_next,Occupancy_next
23.745401188473625,59.01428612819832,0.0,29.6398788362281,67.9597545259111,6,1,3,6,28,60.0,23.825799156996183,59.10374081217545,1734.2038150241358,29.438782547253638,67.71335281342938,6.0
23.825799156996183,59.10374081217545,1734.2038150241358,29.438782547253638,67.71335281342938,6,0,2,3,23,120.0,23.836819589775857,59.189836932187994,0.0,29.58502035928824,68.48271029723668,5.0
23.836819589775857,59.189836932187994,0.0,29.58502035928824,68.48271029723668,5,0,3,6,27,180.0,23.84617786313484,59.28276566583848,0.0,29.559915962479664,68.4007767389893,5.0
23.84617786313484,59.28276566583848,0.0,29.559915962479664,68.4007767389893,5,1,1,2,22,240.0,23.79545799861453,59.23204580131817,1201.5397824724162,29.444816604737433,68.58862574816213,4.0
23.79545799861453,59.23204580131817,1201.5397824724162,29.444816604737433,68.58862574816213,4,1,2,1,27,300.0,23.86162175641156,59.32561160078661,1461.8861460872845,29.384752735745554,68.4427788732655,4.0
23.86162175641156,59.32561160078661,1461.8861460872845,29.384752735745554,68.4427788732655,4,0,1,6,20,360.0,23.869305860777537,59.4167832735114,0.0,29.361807690362358,68.63745332989356,4.0
23.869305860777537,59.4167832735114,0.0,29.361807690362358,68.63745332989356,4,1,2,1,21,420.0,23.804950630710408,59.50898997407522,1440.7662692289848,29.383671521967745,69.07833384936787,5.0
23.804950630710408,59.50898997407522,1440.7662692289848,29.383671521967745,69.07833384936787,5,0,1,5,25,480.0,23.814303254740118,59.604683412828145,0.0,29.430990846913748,69.40792914858235,5.0
23.814303254740118,59.604683412828145,0.0,29.430990846913748,69.40792914858235,5,0,1,0,30,540.0,23.823657144326525,59.702715870185685,0.0,29.48920312638505,69.85180337837903,5.0
23.823657144326525,59.702715870185685,0.0,29.48920312638505,69.85180337837903,5,0,2,6,27,600.0,23.833012662525928,59.80420674526762,0.0,29.3383877974303,70.40162686627144,4.0
23.833012662525928,59.80420674526762,0.0,29.3383877974303,70.40162686627144,4,1,1,2,29,660.0,23.89606354717287,59.86725762991456,1384.1843035610739,29.421867339353344,70.54990755843593,4.0
23.89606354717287,59.86725762991456,1384.1843035610739,29.421867339353344,70.54990755843593,4,1,3,0,22,720.0,23.843533565877884,59.974084129199774,1204.2834950945078,29.57141076464169,70.71899818443259,4.0
23.843533565877884,59.974084129199774,1204.2834950945078,29.57141076464169,70.71899818443259,4,0,2,1,29,780.0,23.851224495117844,60.0815332697521,0.0,29.42953571878255,71.2402439931023,4.0
23.851224495117844,60.0815332697521,0.0,29.42953571878255,71.2402439931023,4,0,3,4,28,840.0,23.858910438825298,60.193120376985604,0.0,29.591827768716687,71.65211053158987,4.0
23.858910438825298,60.193120376985604,0.0,29.591827768716687,71.65211053158987,4,1,1,4,23,900.0,23.80402480475315,60.138234742913454,1251.5346263295178,29.443585344030797,71.53768677347036,4.0
23.80402480475315,60.138234742913454,1251.5346263295178,29.443585344030797,71.53768677347036,4,1,2,6,29,960.0,23.89032423271363,60.25222926321902,1965.286065229254,29.515993669183384,71.40980445499089,4.0
23.89032423271363,60.25222926321902,1965.286065229254,29.515993669183384,71.40980445499089,4,0,1,0,20,1020.0,23.89801175502818,60.36380501513674,0.0,29.51650501484763,71.29251088830331,4.0
23.89801175502818,60.36380501513674,0.0,29.51650501484763,71.29251088830331,4,0,2,3,25,1080.0,23.905699038136838,60.47309207386841,0.0,29.50037644368103,71.49453631671058,4.0
23.905699038136838,60.47309207386841,0.0,29.50037644368103,71.49453631671058,4,0,2,0,27,1140.0,23.91338552738369,60.58330651629683,0.0,29.30849932215113,71.48127937898597,4.0
23.91338552738369,60.58330651629683,0.0,29.30849932215113,71.48127937898597,4,0,2,1,29,1200.0,23.92106536451018,60.69228624492372,0.0,29.289263225673015,71.63205305015278,4.0
23.92106536451018,60.69228624492372,0.0,29.289263225673015,71.63205305015278,4,1,2,6,21,1260.0,23.839352149517296,60.80168391297601,1787.8430984317943,29.267830777347395,71.28745594492065,4.0
23.839352149517296,60.80168391297601,1787.8430984317943,29.267830777347395,71.28745594492065,4,0,2,5,23,1320.0,23.84703309880489,60.906541633295454,0.0,29.17976669549442,71.32590341921293,4.0
23.84703309880489,60.906541633295454,0.0,29.17976669549442,71.32590341921293,4,1,1,2,21,1380.0,23.79188151556973,60.851390050060296,1256.5868204342687,29.0700914656367,70.9847526372528,4.0
23.79188151556973,60.851390050060296,1256.5868204342687,29.0700914656367,70.9847526372528,4,1,3,3,26,1440.0,23.85574399566701,60.95272367593222,1404.6634941402144,28.97814904221332,71.75971983976157,5.0
23.85574399566701,60.95272367593222,1404.6634941402144,28.97814904221332,71.75971983976157,5,1,1,0,19,1500.0,23.802942049179393,60.8999217294446,1242.7871997833504,29.05950076395029,71.1442876815446,5.0
23.802942049179393,60.8999217294446,1242.7871997833504,29.05950076395029,71.1442876815446,5,1,1,1,18,1560.0,23.74455121159079,60.841530891855996,1354.6544575819182,29.085489043375134,71.53519911743325,5.0
23.74455121159079,60.841530891855996,1354.6544575819182,29.085489043375134,71.53519911743325,5,1,3,3,25,1620.0,23.80767219495319,60.94846757411177,1344.4071358668825,29.17755571494644,71.42183788965858,5.0
23.80767219495319,60.94846757411177,1344.4071358668825,29.17755571494644,71.42183788965858,5,1,2,3,20,1680.0,23.734881388664604,61.053201277267235,1642.7293814517705,29.234245122025147,71.33958767257762,6.0
23.734881388664604,61.053201277267235,1642.7293814517705,29.234245122025147,71.33958767257762,6,1,2,1,23,1740.0,23.68058315774809,61.15606514122034,1306.29752748587,29.249311026373476,71.3317302026514,6.0
23.68058315774809,61.15606514122034,1306.29752748587,29.249311026373476,71.3317302026514,6,1,1,3,25,1800.0,23.74063677408089,61.21611875755314,1225.866468429485,29.34564863929791,71.53812066611965,6.0
23.74063677408089,61.21611875755314,1225.866468429485,29.34564863929791,71.53812066611965,6,1,3,2,23,1860.0,23.688916514901468,61.31933877663881,1254.808524831894,29.256697196335356,71.13021552363693,7.0
23.688916514901468,61.31933877663881,1254.808524831894,29.256697196335356,71.13021552363693,7,1,3,2,19,1920.0,23.626918135133273,61.41744754410879,1493.6794491515388,29.38673171113501,70.45845364160321,7.0
23.626918135133273,61.41744754410879,1493.6794491515388,29.38673171113501,70.45845364160321,7,1,1,2,21,1980.0,23.577386104047523,61.367915513023036,1244.48049743233,29.39092971758201,70.3898177330543,7.0
23.577386104047523,61.367915513023036,1244.48049743233,29.39092971758201,70.3898177330543,7,0,2,4,23,2040.0,23.59007988883464,61.45813453522335,0.0,29.378516478693847,70.75998814202816,8.0
23.59007988883464,61.45813453522335,0.0,29.378516478693847,70.75998814202816,8,0,3,4,22,2100.0,23.604439503387635,61.5511530712914,0.0,29.317579141105405,70.35322759354816,8.0
23.604439503387635,61.5511530712914,0.0,29.317579141105405,70.35322759354816,8,1,3,5,27,2160.0,23.68313439940791,61.63917381651397,1608.4447841421,29.381090396195603,69.81312715852792,8.0
23.68313439940791,61.63917381651397,1608.4447841421,29.381090396195603,69.81312715852792,8,1,2,1,18,2220.0,23.616589124583,61.72091334993411,1618.0374671626982,29.426067800044475,70.7025893304709,8.0
23.616589124583,61.72091334993411,1618.0374671626982,29.426067800044475,70.7025893304709,8,1,1,4,29,2280.0,23.69186962663985,61.79619385199096,1523.00465252502,29.47757256867508,72.62895507579826,8.0
23.69186962663985,61.79619385199096,1523.00465252502,29.47757256867508,72.62895507579826,8,1,2,5,29,2340.0,23.78215354119133,61.90452146422903,1898.1097780020111,29.321516861431352,73.62912912035131,8.0
23.78215354119133,61.90452146422903,1898.1097780020111,29.321516861431352,73.62912912035131,8,1,3,5,30,2400.0,23.86860393106373,62.02176754079025,1802.476944043096,29.336500233065312,73.69958280438696,8.0
23.86860393106373,62.02176754079025,1802.476944043096,29.336500233065312,73.69958280438696,8,0,2,2,29,2460.0,23.882952860940463,62.13854569342622,0.0,29.433139433262554,73.44411057074348,8.0
23.882952860940463,62.13854569342622,0.0,29.433139433262554,73.44411057074348,8,0,2,4,21,2520.0,23.89730453382621,62.251601342199386,0.0,29.59951641220738,73.07449235501592,8.0
23.89730453382621,62.251601342199386,0.0,29.59951641220738,73.07449235501592,8,1,2,5,20,2580.0,23.822046382220307,62.359830252327555,1792.2978400369657,29.53333776573054,73.50070902241403,8.0
23.822046382220307,62.359830252327555,1792.2978400369657,29.53333776573054,73.50070902241403,8,0,2,4,24,2640.0,23.836403425266425,62.47123904002842,0.0,29.711466873433178,73.16200118855664,7.0
23.836403425266425,62.47123904002842,0.0,29.711466873433178,73.16200118855664,7,0,2,5,23,2700.0,23.8490992607147,62.578146661513706,0.0,29.806005042441935,73.79520461624308,7.0
23.8490992607147,62.578146661513706,0.0,29.806005042441935,73.79520461624308,7,0,3,4,23,2760.0,23.861797824240757,62.690317241061,0.0,29.68764772564748,73.9096898323583,7.0
23.861797824240757,62.690317241061,0.0,29.68764772564748,73.9096898323583,7,1,1,6,18,2820.0,23.790441176308686,62.61896059312893,1681.0168585756492,29.75755696383348,74.2096381492138,7.0
23.790441176308686,62.61896059312893,1681.0168585756492,29.75755696383348,74.2096381492138,7,0,3,1,27,2880.0,23.80314008016827,62.734867368689784,0.0,29.757738324952946,74.58760579010963,7.0
23.80314008016827,62.734867368689784,0.0,29.757738324952946,74.58760579010963,7,1,3,1,18,2940.0,23.741331999794944,62.85339475290398,1490.1313396297176,29.792145138093147,75.05072206155215,7.0
23.741331999794944,62.85339475290398,1490.1313396297176,29.792145138093147,75.05072206155215,7,0,1,0,30,3000.0,23.75403369356622,62.97536802599046,0.0,29.860829989369744,75.08620826937202,7.0
23.75403369356622,62.97536802599046,0.0,29.860829989369744,75.08620826937202,7,1,3,3,30,3060.0,23.833139548198027,63.09647642842428,1660.0573688819366,29.812186712764507,75.19000740001488,7.0
23.833139548198027,63.09647642842428,1660.0573688819366,29.812186712764507,75.19000740001488,7,1,2,1,20,3120.0,23.770764460193355,63.217411738140186,1501.4877915364757,29.74996299627388,75.0122630795567,7.0
23.770764460193355,63.217411738140186,1501.4877915364757,29.74996299627388,75.0122630795567,7,0,1,4,30,3180.0,23.783463766811224,63.33536025155435,0.0,29.667063495181672,74.73217255945822,7.0
23.783463766811224,63.33536025155435,0.0,29.667063495181672,74.73217255945822,7,0,3,3,19,3240.0,23.79615988680217,63.44932837463339,0.0,29.71627759857534,73.96844624654102,7.0
23.79615988680217,63.44932837463339,0.0,29.71627759857534,73.96844624654102,7,1,1,6,30,3300.0,23.876987208353544,63.530155696184764,1703.2496073578588,29.630016086418784,74.36374324125309,7.0
23.876987208353544,63.530155696184764,1703.2496073578588,29.630016086418784,74.36374324125309,7,1,1,5,30,3360.0,23.95498650796193,63.60815499579315,1632.6882994779035,29.60609360663181,74.79073059678701,6.0
23.95498650796193,63.60815499579315,1632.6882994779035,29.60609360663181,74.79073059678701,6,1,1,6,29,3420.0,24.031125246611186,63.684293734442406,1627.9258769824746,29.797325370615805,75.32334413806048,6.0
24.031125246611186,63.684293734442406,1627.9258769824746,29.797325370615805,75.32334413806048,6,0,3,4,21,3480.0,24.04215078661532,63.80068423847859,0.0,29.978692028203696,75.52563558561924,7.0
24.04215078661532,63.80068423847859,0.0,29.978692028203696,75.52563558561924,7,1,1,4,23,3540.0,23.991722218963528,63.750255670826796,1262.5290471969192,30.00318868531457,75.27216399793367,6.0
23.991722218963528,63.750255670826796,1262.5290471969192,30.00318868531457,75.27216399793367,6,1,2,4,30,3600.0,24.07765977452179,63.86547475409787,1872.596000234626,29.85838025116484,74.56843211074539,6.0
24.07765977452179,63.86547475409787,1872.596000234626,29.85838025116484,74.56843211074539,6,0,1,3,21,3660.0,24.08868579853768,63.972504327664346,0.0,29.786535829039597,74.46170853488947,6.0
24.08868579853768,63.972504327664346,0.0,29.786535829039597,74.46170853488947,6,0,2,1,20,3720.0,24.099709060205363,64.0773963697366,0.0,29.78463420824933,73.96044385257056,5.0
24.099709060205363,64.0773963697366,0.0,29.78463420824933,73.96044385257056,5,1,1,6,26,3780.0,24.16600598082043,64.14369329035168,1423.5189110866515,29.868651324177172,74.5271148651051,5.0
24.16600598082043,64.14369329035168,1423.5189110866515,29.868651324177172,74.5271148651051,5,1,1,0,25,3840.0,24.217030723703566,64.1947180332348,1041.6997009589786,29.6122171260311,75.09847780675202,5.0
24.217030723703566,64.1947180332348,1041.6997009589786,29.6122171260311,75.09847780675202,5,0,1,6,22,3900.0,24.226377229916977,64.30375563096997,0.0,29.595410047110548,75.24106546907684,5.0
24.226377229916977,64.30375563096997,0.0,29.595410047110548,75.24106546907684,5,0,1,0,18,3960.0,24.23572286434422,64.41312872935104,0.0,29.715451201951886,76.14910936419875,6.0
24.23572286434422,64.41312872935104,0.0,29.715451201951886,76.14910936419875,6,1,2,5,29,4020.0,24.321031686695772,64.53048853569952,1857.3207851741838,29.684633406624407,75.78039463096036,6.0
24.321031686695772,64.53048853569952,1857.3207851741838,29.684633406624407,75.78039463096036,6,1,2,3,19,4080.0,24.244686247434004,64.64298759665213,1747.1511863820083,29.604809884821254,75.11147221905617,6.0
24.244686247434004,64.64298759665213,1747.1511863820083,29.604809884821254,75.11147221905617,6,0,1,0,18,4140.0,24.25569825155525,64.74767244287618,0.0,29.77758464756468,74.36517153684832,6.0
24.25569825155525,64.74767244287618,0.0,29.77758464756468,74.36517153684832,6,0,1,5,19,4200.0,24.26671564776845,64.8438474338159,0.0,29.946053144025242,73.50001388163624,7.0
24.26671564776845,64.8438474338159,0.0,29.946053144025242,73.50001388163624,7,1,2,2,30,4260.0,24.347340829708216,64.93040909829409,1698.3967672472822,29.915078833676983,72.91510536555073,7.0
24.347340829708216,64.93040909829409,1698.3967672472822,29.915078833676983,72.91510536555073,7,0,1,2,22,4320.0,24.360026420975014,65.01025606096665,0.0,29.853500249200213,73.63319709958961,7.0
24.360026420975014,65.01025606096665,0.0,29.853500249200213,73.63319709958961,7,0,2,0,20,4380.0,24.37270953676929,65.09648547135288,0.0,29.875368558427827,73.39100925360496,7.0
24.37270953676929,65.09648547135288,0.0,29.875368558427827,73.39100925360496,7,0,1,6,22,4440.0,24.385392958736677,65.17943070917539,0.0,29.96778379673638,73.79743748572402,7.0
24.385392958736677,65.17943070917539,0.0,29.96778379673638,73.79743748572402,7,0,2,0,20,4500.0,24.398079038431277,65.26561077694087,0.0,29.880573420196026,73.46192553014868,7.0
24.398079038431277,65.26561077694087,0.0,29.880573420196026,73.46192553014868,7,1,3,6,27,4560.0,24.47540328219409,65.34757392447295,1616.0373487521636,29.53275649883237,73.32779399917392,7.0
24.47540328219409,65.34757392447295,1616.0373487521636,29.53275649883237,73.32779399917392,7,0,2,3,22,4620.0,24.488071860634644,65.42737612521996,0.0,29.476430637686335,74.59742289477937,7.0
24.488071860634644,65.42737612521996,0.0,29.476430637686335,74.59742289477937,7,1,2,2,20,4680.0,24.41992750212045,65.51907659291555,1616.2127428018866,29.49977721733436,74.99874902258308,8.0
24.41992750212045,65.51907659291555,1616.2127428018866,29.49977721733436,74.99874902258308,8,1,2,6,28,4740.0,24.507833323304343,65.61387331721222,1839.245654834605,29.524896714556327,74.77185069009701,8.0
24.507833323304343,65.61387331721222,1839.245654834605,29.524896714556327,74.77185069009701,8,0,2,6,27,4800.0,24.522167225417384,65.70545309094108,0.0,29.354558470620812,74.7440768406487,8.0
24.522167225417384,65.70545309094108,0.0,29.354558470620812,74.7440768406487,8,0,2,4,28,4860.0,24.536494971792223,65.79583932843815,0.0,29.17262842566782,75.20137959844574,8.0
24.536494971792223,65.79583932843815,0.0,29.17262842566782,75.20137959844574,8,1,3,2,23,4920.0,24.485668278951014,65.88989473113823,1302.9579457934296,29.081823021310775,75.48189613218128,8.0
24.485668278951014,65.88989473113823,1302.9579457934296,29.081823021310775,75.48189613218128,8,1,3,2,30,4980.0,24.5617328335407,65.98581474514866,1543.6170691234636,29.089427825300415,75.65837611995073,8.0
24.5617328335407,65.98581474514866,1543.6170691234636,29.089427825300415,75.65837611995073,8,1,2,4,23,5040.0,24.49842818517301,66.08254035889668,1552.4447640149303,28.94601893837716,75.56260970799408,8.0
24.49842818517301,66.08254035889668,1552.4447640149303,28.94601893837716,75.56260970799408,8,0,3,0,27,5100.0,24.512743104864786,66.17734105238765,0.0,28.997477837446215,76.164927244282,7.0
24.512743104864786,66.17734105238765,0.0,28.997477837446215,76.164927244282,7,0,1,0,27,5160.0,24.525392596022538,66.27721691430659,0.0,29.01529068002232,76.18274497420722,7.0
24.525392596022538,66.27721691430659,0.0,29.01529068002232,76.18274497420722,7,1,2,3,24,5220.0,24.467229654835727,66.3762721949056,1416.2520891255551,29.193363623836845,76.30898486837901,6.0
24.467229654835727,66.3762721949056,1416.2520891255551,29.193363623836845,76.30898486837901,6,0,3,2,24,5280.0,24.478220525968027,66.47559932164033,0.0,29.501251704682367,76.8687723240963,6.0
24.478220525968027,66.47559932164033,0.0,29.501251704682367,76.8687723240963,6,0,3,6,26,5340.0,24.489221293673985,66.57953105166489,0.0,29.424143050631923,77.15685962383185,6.0
24.489221293673985,66.57953105166489,0.0,29.424143050631923,77.15685962383185,6,1,2,5,29,5400.0,24.573751460518196,66.68530433738655,1838.308402974451,29.353887938919907,76.56022956601264,6.0
24.573751460518196,66.68530433738655,1838.308402974451,29.353887938919907,76.56022956601264,6,0,1,1,21,5460.0,24.584744131734144,66.78405358967281,0.0,29.591320879269148,77.06749591235629,6.0
24.584744131734144,66.78405358967281,0.0,29.591320879269148,77.06749591235629,6,0,2,0,22,5520.0,24.595744350959063,66.88688801289965,0.0,29.730894072862004,76.41267126735035,6.0
24.595744350959063,66.88688801289965,0.0,29.730894072862004,76.41267126735035,6,0,2,4,26,5580.0,24.606748855949792,66.98214584544415,0.0,29.694751788919305,76.29342458365832,6.0
24.606748855949792,66.98214584544415,0.0,29.694751788919305,76.29342458365832,6,1,2,2,25,5640.0,24.671589972401183,67.07525863282629,1345.9545755073138,29.444475836753085,76.6357456844359,7.0
24.671589972401183,67.07525863282629,1345.9545755073138,29.444475836753085,76.6357456844359,7,1,3,3,23,5700.0,24.61571266530894,67.17086350334239,1370.7280657543747,29.44359678112275,76.86145128375965,7.0
24.61571266530894,67.17086350334239,1370.7280657543747,29.44359678112275,76.86145128375965,7,1,3,2,25,5760.0,24.67770357012942,67.26776938114656,1233.2493837488091,29.567793840923734,76.81856969914324,7.0
24.67770357012942,67.26776938114656,1233.2493837488091,29.567793840923734,76.81856969914324,7,1,3,3,18,5820.0,24.605998335597913,67.36327738432654,1687.3647508106858,29.589379905742636,77.67306753073765,7.0
24.605998335597913,67.36327738432654,1687.3647508106858,29.589379905742636,77.67306753073765,7,1,1,5,28,5880.0,24.677149452477924,67.43442850120655,1462.1251040251304,29.569583608872502,77.9114815778997,7.0
24.677149452477924,67.43442850120655,1462.1251040251304,29.569583608872502,77.9114815778997,7,1,2,4,24,5940.0,24.61537479558755,67.53919903197348,1488.7547605784107,29.42956205377115,78.02631281001628,7.0
24.61537479558755,67.53919903197348,1488.7547605784107,29.42956205377115,78.02631281001628,7,0,1,0,18,6000.0,24.628035268496156,67.6440701697539,0.0,29.422394650115407,77.51440355027175,7.0
24.628035268496156,67.6440701697539,0.0,29.422394650115407,77.51440355027175,7,0,1,4,29,6060.0,24.640695080475542,67.74277350355908,0.0,29.439367578554446,77.55910050984457,7.0
24.640695080475542,67.74277350355908,0.0,29.439367578554446,77.55910050984457,7,1,2,3,30,6120.0,24.723346717803366,67.84093677362193,1749.7920394471878,29.473127844761965,77.35316202678334,7.0
24.723346717803366,67.84093677362193,1749.7920394471878,29.473127844761965,77.35316202678334,7,0,1,4,20,6180.0,24.736005043840933,67.93605902615354,0.0,29.502105330451606,78.39086242610605,7.0
24.736005043840933,67.93605902615354,0.0,29.502105330451606,78.39086242610605,7,0,2,6,25,6240.0,24.748663913850486,68.04060706015306,0.0,29.4344640284032,77.2756974722931,7.0
24.748663913850486,68.04060706015306,0.0,29.4344640284032,77.2756974722931,7,0,1,0,18,6300.0,24.761320107187636,68.13295796427447,0.0,29.410546161800184,77.6872499601656,7.0
24.761320107187636,68.13295796427447,0.0,29.410546161800184,77.6872499601656,7,0,3,2,23,6360.0,24.773975081389455,68.22850088423338,0.0,29.42706559981224,77.97171829740043,7.0
24.773975081389455,68.22850088423338,0.0,29.42706559981224,77.97171829740043,7,0,3,4,18,6420.0,24.786630184406736,68.32593305836505,0.0,29.523657800608202,78.01274573297682,7.0
24.786630184406736,68.32593305836505,0.0,29.523657800608202,78.01274573297682,7,0,1,4,28,6480.0,24.799288085327277,68.42280118511117,0.0,29.674634931854165,78.21376297300029,7.0
24.799288085327277,68.42280118511117,0.0,29.674634931854165,78.21376297300029,7,1,1,6,21,6540.0,24.734602910611514,68.3581160103954,1546.9537255462728,29.900354759963477,77.74694391836883,7.0
24.734602910611514,68.3581160103954,1546.9537255462728,29.900354759963477,77.74694391836883,7,0,3,3,29,6600.0,24.747275102339827,68.45200428947514,0.0,30.033398616290384,78.74660252149373,7.0
24.747275102339827,68.45200428947514,0.0,30.033398616290384,78.74660252149373,7,1,3,5,27,6660.0,24.821146299925523,68.55495027179532,1529.874836714137,29.915620062141148,78.40647172789677,7.0
24.821146299925523,68.55495027179532,1529.874836714137,29.915620062141148,78.40647172789677,7,0,2,4,25,6720.0,24.833816115717596,68.65346548635634,0.0,30.16019526010283,78.47108231888438,6.0
24.833816115717596,68.65346548635634,0.0,30.16019526010283,78.47108231888438,6,1,1,4,25,6780.0,24.893225836344687,68.71287520698343,1209.9710330569442,30.280692324832906,78.80729482833193,6.0
24.893225836344687,68.71287520698343,1209.9710330569442,30.280692324832906,78.80729482833193,6,0,1,5,25,6840.0,24.904238751894304,68.81381940319692,0.0,30.247764954127323,78.57215410496721,6.0
24.904238751894304,68.81381940319692,0.0,30.247764954127323,78.57215410496721,6,0,1,0,23,6900.0,24.915250202767712,68.91140275021462,0.0,30.501634064301072,78.83413043852111,6.0
24.915250202767712,68.91140275021462,0.0,30.501634064301072,78.83413043852111,6,0,2,3,26,6960.0,24.92626974889643,69.01063002709769,0.0,30.586858713204098,77.67376175153206,7.0
24.92626974889643,69.01063002709769,0.0,30.586858713204098,77.67376175153206,7,1,3,1,28,7020.0,24.99225875207529,69.09726134434203,1332.5079220012312,30.43658221144104,77.54339416908614,7.0
24.99225875207529,69.09726134434203,1332.5079220012312,30.43658221144104,77.54339416908614,7,1,1,6,21,7080.0,24.926965388579692,69.03196798084643,1559.4968188848939,30.517026122452126,77.46478722240391,7.0
24.926965388579692,69.03196798084643,1559.4968188848939,30.517026122452126,77.46478722240391,7,1,2,3,19,7140.0,24.850203693346888,69.116296173262,1788.9606118119987,30.415306905397586,77.72312187672797,8.0
24.850203693346888,69.116296173262,1788.9606118119987,30.415306905397586,77.72312187672797,8,1,2,3,30,7200.0,24.93396930126032,69.20236443029665,1735.3359451590647,30.357475513104855,77.26784295435803,8.0
24.93396930126032,69.20236443029665,1735.3359451590647,30.357475513104855,77.26784295435803,8,0,3,2,30,7260.0,24.94831675146738,69.28301921553727,0.0,30.214104655858666,78.00053783211757,8.0
24.94831675146738,69.28301921553727,0.0,30.214104655858666,78.00053783211757,8,0,2,2,19,7320.0,24.96265894439753,69.37019440170307,0.0,29.949007675019363,78.54629125807881,8.0
24.96265894439753,69.37019440170307,0.0,29.949007675019363,78.54629125807881,8,0,1,4,24,7380.0,24.97699182268855,69.46195537026684,0.0,29.93401987834312,78.81017363854464,8.0
24.97699182268855,69.46195537026684,0.0,29.93401987834312,78.81017363854464,8,1,1,6,24,7440.0,24.9231485002,69.40811204777829,1363.5044684747559,29.982551477999163,78.42384006740791,8.0
24.9231485002,69.40811204777829,1363.5044684747559,29.982551477999163,78.42384006740791,8,0,3,6,28,7500.0,24.937483813632593,69.49826932797458,0.0,30.23968871396804,78.49834275085807,8.0
24.937483813632593,69.49826932797458,0.0,30.23968871396804,78.49834275085807,8,0,1,3,25,7560.0,24.951827220462604,69.58827006220342,0.0,30.215656174152226,78.31093234708327,8.0
24.951827220462604,69.58827006220342,0.0,30.215656174152226,78.31093234708327,8,0,1,5,22,7620.0,24.966169348094393,69.67549668505222,0.0,30.046329556681247,77.8606659044897,7.0
24.966169348094393,69.67549668505222,0.0,30.046329556681247,77.8606659044897,7,0,3,4,20,7680.0,24.97883868676801,69.7573483772466,0.0,30.183066582153447,78.33979281756598,8.0
24.97883868676801,69.7573483772466,0.0,30.183066582153447,78.33979281756598,8,0,2,6,19,7740.0,24.993178827697857,69.84317282164979,0.0,30.15013348232147,78.29137979886927,8.0
24.993178827697857,69.84317282164979,0.0,30.15013348232147,78.29137979886927,8,1,2,0,19,7800.0,24.92953785636992,69.92765489142198,1559.5907296618716,30.11343616243343,78.52757812028895,9.0
24.92953785636992,69.92765489142198,1559.5907296618716,30.11343616243343,78.52757812028895,9,0,2,5,25,7860.0,24.945543986313453,70.01365412371065,0.0,30.111447189484352,78.69439988601425,9.0
24.945543986313453,70.01365412371065,0.0,30.111447189484352,78.69439988601425,9,0,2,0,25,7920.0,24.961549516420224,70.10046158133369,0.0,30.032016931968,79.50478389774788,9.0
24.961549516420224,70.10046158133369,0.0,30.032016931968,79.50478389774788,9,1,2,1,30,7980.0,25.040648760552696,70.19450480449783,1577.422380465526,29.97804096393706,79.11563153504673,8.0
25.040648760552696,70.19450480449783,1577.422380465526,29.97804096393706,79.11563153504673,8,0,2,3,26,8040.0,25.054980006959475,70.28371607180331,0.0,30.018866239508508,78.26433973292781,8.0
25.054980006959475,70.28371607180331,0.0,30.018866239508508,78.26433973292781,8,0,1,1,23,8100.0,25.06931213650056,70.36352230841456,0.0,30.044469212939894,78.75568522490056,8.0
25.06931213650056,70.36352230841456,0.0,30.044469212939894,78.75568522490056,8,0,2,4,18,8160.0,25.08364464173644,70.44744393757942,0.0,29.86038178980673,78.11589674153271,8.0
25.08364464173644,70.44744393757942,0.0,29.86038178980673,78.11589674153271,8,1,2,2,18,8220.0,25.00859450565698,70.52412846561896,1787.520546354605,29.87905846625444,77.73820527535605,8.0
25.00859450565698,70.52412846561896,1787.520546354605,29.87905846625444,77.73820527535605,8,1,3,3,18,8280.0,24.93750884099819,70.59626923371633,1708.2936024828039,29.95386193885061,78.4886910906382,9.0
24.93750884099819,70.59626923371633,1708.2936024828039,29.95386193885061,78.4886910906382,9,1,2,5,22,8340.0,24.86749372794771,70.67519345228554,1720.3131630748644,29.778383254793088,78.42674410126791,9.0
24.86749372794771,70.67519345228554,1720.3131630748644,29.778383254793088,78.42674410126791,9,1,3,0,28,8400.0,24.93438227139712,70.75270895877536,1272.287844962876,29.60942753218526,78.92030520133227,9.0
24.93438227139712,70.75270895877536,1272.287844962876,29.60942753218526,78.92030520133227,9,0,1,0,26,8460.0,24.95037143957248,70.83438492120092,0.0,29.686225859154717,79.72092431490329,9.0
24.95037143957248,70.83438492120092,0.0,29.686225859154717,79.72092431490329,9,1,1,3,29,8520.0,25.021676780408782,70.90569026203723,1382.8536422245825,29.655447297486734,79.39147510391518,9.0
25.021676780408782,70.90569026203723,1382.8536422245825,29.655447297486734,79.39147510391518,9,0,2,0,24,8580.0,25.03766457275935,70.990548110456,0.0,29.568586578560176,79.41385853746263,10.0
25.03766457275935,70.990548110456,0.0,29.568586578560176,79.41385853746263,10,0,1,0,24,8640.0,25.055315603492875,71.07478121472607,0.0,29.652356322400223,80.09785119118384,11.0
25.055315603492875,71.07478121472607,0.0,29.652356322400223,80.09785119118384,11,1,3,2,27,8700.0,25.12774164108972,71.16501191449065,1327.653405988681,29.666850063878343,79.90660968245479,10.0
25.12774164108972,71.16501191449065,1327.653405988681,29.666850063878343,79.90660968245479,10,0,3,1,22,8760.0,25.145392944703815,71.25242789217029,0.0,29.471601376577276,79.76686014955476,10.0
25.145392944703815,71.25242789217029,0.0,29.471601376577276,79.76686014955476,10,0,2,2,24,8820.0,25.163037151651544,71.33757221474413,0.0,29.53728971319971,80.16268472351615,9.0
25.163037151651544,71.33757221474413,0.0,29.53728971319971,80.16268472351615,9,0,2,6,18,8880.0,25.179016293403595,71.42582333983185,0.0,29.409882814704375,80.86970495401754,9.0
25.179016293403595,71.42582333983185,0.0,29.409882814704375,80.86970495401754,9,0,1,2,25,8940.0,25.194990655620973,71.52026215597371,0.0,29.201881058619684,80.22763451197255,9.0
25.194990655620973,71.52026215597371,0.0,29.201881058619684,80.22763451197255,9,1,1,5,26,9000.0,25.26297007532869,71.58824157568142,1300.3130840236893,29.21641068259379,81.08442150738365,9.0
25.26297007532869,71.58824157568142,1300.3130840236893,29.21641068259379,81.08442150738365,9,1,3,2,27,9060.0,25.3315388024333,71.68320337499844,1315.0903104426143,29.17264411561352,80.49125395977296,10.0
25.3315388024333,71.68320337499844,1315.0903104426143,29.17264411561352,80.49125395977296,10,1,1,5,18,9120.0,25.263755780519467,71.6154203530846,1708.2211751520813,29.12165835786352,79.24894817023005,10.0
25.263755780519467,71.6154203530846,1708.2211751520813,29.12165835786352,79.24894817023005,10,0,1,1,26,9180.0,25.281384377272044,71.69175563125606,0.0,29.150355753708915,78.20633934844733,10.0
24.673107665376527,45.94005752909764,0.0,32.05643643383803,71.46659945702726,4,0,1,4,26,60.0,24.680853776335475,46.19532294837694,0.0,32.0319294720064,71.02502083447902,4.0
24.680853776335475,46.19532294837694,0.0,32.0319294720064,71.02502083447902,4,0,1,4,28,120.0,24.688598812191998,46.44361992723796,0.0,32.05933005051495,71.05017409585668,4.0
24.688598812191998,46.44361992723796,0.0,32.05933005051495,71.05017409585668,4,1,1,1,26,180.0,24.741098445727673,46.496119560773636,1118.8485623599202,32.04962009377462,71.0773335390838,4.0
24.741098445727673,46.496119560773636,1118.8485623599202,32.04962009377462,71.0773335390838,4,1,1,2,30,240.0,24.80441164653534,46.559432761581306,1389.239585484978,32.008033359633444,71.02530866068398,5.0
24.80441164653534,46.559432761581306,1389.239585484978,32.008033359633444,71.02530866068398,5,0,1,5,24,300.0,24.813818433925775,46.804091520572335,0.0,32.15008378443243,70.73993551380924,5.0
24.813818433925775,46.804091520572335,0.0,32.15008378443243,70.73993551380924,5,1,3,5,30,360.0,24.892491642077495,47.0434499605047,1731.549982667603,32.170376086517564,69.98206345631063,5.0
24.892491642077495,47.0434499605047,1731.549982667603,32.170376086517564,69.98206345631063,5,1,3,0,25,420.0,24.94613742327974,47.272836095462765,1105.9129596857376,32.10909721746913,69.78821267634264,5.0
24.94613742327974,47.272836095462765,1105.9129596857376,32.10909721746913,69.78821267634264,5,1,2,0,25,480.0,25.00367212545701,47.49798986127156,1203.2317546032157,32.121612687175414,69.90303526481163,5.0
25.00367212545701,47.49798986127156,1203.2317546032157,32.121612687175414,69.90303526481163,5,1,3,4,27,540.0,25.071146362397858,47.72204031530696,1451.7576397198375,32.176719461723,69.92247406877311,5.0
25.071146362397858,47.72204031530696,1451.7576397198375,32.176719461723,69.92247406877311,5,0,1,1,25,600.0,25.08054988150117,47.944044652841626,0.0,32.18104663119743,70.43771077899103,6.0
25.08054988150117,47.944044652841626,0.0,32.18104663119743,70.43771077899103,6,1,2,2,30,660.0,25.15740724637233,48.16898131410312,1644.6837078209228,32.23943944973003,70.25806473359751,6.0
25.15740724637233,48.16898131410312,1644.6837078209228,32.23943944973003,70.25806473359751,6,0,3,2,26,720.0,25.168476647445775,48.38987214829807,0.0,32.12254982315586,69.88680755816904,7.0
25.168476647445775,48.38987214829807,0.0,32.12254982315586,69.88680755816904,7,0,2,3,24,780.0,25.181208449884966,48.60484150239678,0.0,32.22657041597822,69.83943087137983,6.0
25.181208449884966,48.60484150239678,0.0,32.22657041597822,69.83943087137983,6,0,2,6,19,840.0,25.19227662861717,48.81718739608661,0.0,32.26839567145682,70.03963688599904,6.0
22.87038133174913,52.33853836751484,0.0,34.62372356054847,68.95440581050005,1,1,1,2,23,60.0,22.917558270893576,52.38571530665929,1107.129026753798,34.74236230177,68.83622939353786,1.0
22.917558270893576,52.38571530665929,1107.129026753798,34.74236230177,68.83622939353786,1,0,1,5,21,120.0,22.92045243102794,52.550220447528076,0.0,34.79422626653136,68.52387603195682,2.0
22.92045243102794,52.550220447528076,0.0,34.79422626653136,68.52387603195682,2,1,2,0,27,180.0,22.982805804321323,52.70995700337237,1444.7728541383235,34.724684103542366,68.50309098318556,1.0
22.982805804321323,52.70995700337237,1444.7728541383235,34.724684103542366,68.50309098318556,1,1,3,4,29,240.0,23.054382592941224,52.8678883431705,1717.1348169147927,34.66879191881521,68.69169692071782,1.0
23.054382592941224,52.8678883431705,1717.1348169147927,34.66879191881521,68.69169692071782,1,0,1,5,20,300.0,23.057269739918752,53.02612642894597,0.0,34.6574927406284,68.07922939562334,2.0
23.057269739918752,53.02612642894597,0.0,34.6574927406284,68.07922939562334,2,0,3,6,24,360.0,23.061823080685443,53.176657458612745,0.0,34.60323225645257,68.5177803850165,2.0
23.061823080685443,53.176657458612745,0.0,34.60323225645257,68.5177803850165,2,1,2,2,28,420.0,23.132211248058294,53.33006868787678,1645.9196766747607,34.41855501300543,68.23444567876145,2.0
23.132211248058294,53.33006868787678,1645.9196766747607,34.41855501300543,68.23444567876145,2,1,1,2,18,480.0,23.06764054525163,53.26549798507012,1382.2716186432062,34.293401070586384,68.95632798079808,2.0
23.06764054525163,53.26549798507012,1382.2716186432062,34.293401070586384,68.95632798079808,2,1,2,0,18,540.0,22.996978482300054,53.4224062850274,1504.0584327150978,34.45605301775635,67.71568048751548,1.0
22.996978482300054,53.4224062850274,1504.0584327150978,34.45605301775635,67.71568048751548,1,1,1,3,27,600.0,23.055067400941947,53.48049520366929,1380.173737267747,34.580973194505106,67.96138277102523,1.0
23.055067400941947,53.48049520366929,1380.173737267747,34.580973194505106,67.96138277102523,1,0,2,3,21,660.0,23.057951597801733,53.625304079342854,0.0,34.44514607483277,67.80333383680697,1.0
23.057951597801733,53.625304079342854,0.0,34.44514607483277,67.80333383680697,1,1,1,4,19,720.0,22.98865731615756,53.55600979769868,1443.477095868104,34.381685571303436,68.30120995514766,1.0
22.98865731615756,53.55600979769868,1443.477095868104,34.381685571303436,68.30120995514766,1,1,2,1,23,780.0,23.041965667329347,53.70346179927317,1260.7145890820739,34.48403772355,67.75439548211595,1.0
23.041965667329347,53.70346179927317,1260.7145890820739,34.48403772355,67.75439548211595,1,1,3,5,20,840.0,22.965640312749777,53.8439711361016,1584.1351396288924,34.4577055332886,67.5527507311294,2.0
22.965640312749777,53.8439711361016,1584.1351396288924,34.4577055332886,67.5527507311294,2,1,2,5,29,900.0,23.04829312731888,53.98105893205188,1952.5769765437667,34.510194411155,68.44356327634208,1.0
23.04829312731888,53.98105893205188,1952.5769765437667,34.510194411155,68.44356327634208,1,1,1,0,26,960.0,23.09707860444037,54.02984440917337,1147.5853436340562,34.483275797986856,68.4004940536004,0.0
23.09707860444037,54.02984440917337,1147.5853436340562,34.483275797986856,68.4004940536004,0,1,2,6,27,1020.0,23.172868592434302,54.17355090561764,1864.427868853651,34.582164071717756,68.7121489569277,0.0
23.172868592434302,54.17355090561764,1864.427868853651,34.582164071717756,68.7121489569277,0,0,3,4,20,1080.0,23.174082235616943,54.318936886130736,0.0,34.603220869480616,69.15229708155434,0.0
23.174082235616943,54.318936886130736,0.0,34.603220869480616,69.15229708155434,0,0,2,3,25,1140.0,23.175296540238072,54.46727048808497,0.0,34.617845670262504,69.41335726018188,0.0
23.175296540238072,54.46727048808497,0.0,34.617845670262504,69.41335726018188,0,0,3,2,21,1200.0,23.17651129187574,54.61673135580594,0.0,34.83343416114495,69.99947688356107,0.0
23.17651129187574,54.61673135580594,0.0,34.83343416114495,69.99947688356107,0,0,1,3,27,1260.0,23.177733189304718,54.77055881108349,0.0,35.00199899128687,69.76932916146414,0.0
23.177733189304718,54.77055881108349,0.0,35.00199899128687,69.76932916146414,0,0,1,2,27,1320.0,23.17896066483145,54.92054651458729,0.0,34.966656316913266,68.75599809659248,0.0
23.17896066483145,54.92054651458729,0.0,34.966656316913266,68.75599809659248,0,0,3,2,29,1380.0,23.180186921353187,55.05890103040735,0.0,35.13941063392334,68.9741599314295,0.0
23.180186921353187,55.05890103040735,0.0,35.13941063392334,68.9741599314295,0,0,3,2,29,1440.0,23.181418895476938,55.19805361941757,0.0,35.20076243119638,68.46276364883029,0.0
23.181418895476938,55.19805361941757,0.0,35.20076243119638,68.46276364883029,0,0,3,3,18,1500.0,23.182652873594794,55.3307007197117,0.0,35.24068474345691,68.78636161868167,0.0
23.182652873594794,55.3307007197117,0.0,35.24068474345691,68.78636161868167,0,1,2,3,29,1560.0,23.255144019392667,55.4652573287014,1781.3969517219593,35.08450405731736,69.78723016994674,0.0
23.255144019392667,55.4652573287014,1781.3969517219593,35.08450405731736,69.78723016994674,0,1,3,1,21,1620.0,23.192109936371267,55.60847705711385,1285.2345671199266,34.921208829263165,69.50084595767248,0.0
23.192109936371267,55.60847705711385,1285.2345671199266,34.921208829263165,69.50084595767248,0,1,3,4,19,1680.0,23.113500276877673,55.74740074611944,1596.6792558005038,35.058889178551055,69.88935400555113,0.0
23.113500276877673,55.74740074611944,1596.6792558005038,35.058889178551055,69.88935400555113,0,1,2,6,27,1740.0,23.189257668977202,55.88882027871376,1863.1469784035414,35.09126919131165,69.74360901605438,0.0
23.189257668977202,55.88882027871376,1863.1469784035414,35.09126919131165,69.74360901605438,0,1,1,6,25,1800.0,23.247195666088604,55.94675827582516,1417.6982515164818,35.272438396923555,70.18597222693144,0.0
23.247195666088604,55.94675827582516,1417.6982515164818,35.272438396923555,70.18597222693144,0,0,1,3,19,1860.0,23.2484298408463,56.08915041533622,0.0,35.444114944955,70.95477800696847,0.0
23.2484298408463,56.08915041533622,0.0,35.444114944955,70.95477800696847,0,0,3,1,20,1920.0,23.249669697016436,56.237806691252544,0.0,35.25224746925181,70.62589162669062,0.0
23.249669697016436,56.237806691252544,0.0,35.25224746925181,70.62589162669062,0,0,1,4,21,1980.0,23.25090311627551,56.381687540606926,0.0,35.311023767780185,70.6834675262029,0.0
23.25090311627551,56.381687540606926,0.0,35.311023767780185,70.6834675262029,0,1,1,2,22,2040.0,23.193698470060802,56.32448289439222,1168.7996713951532,35.36140533733914,69.60652790384712,0.0
23.193698470060802,56.32448289439222,1168.7996713951532,35.36140533733914,69.60652790384712,0,1,3,6,23,2100.0,23.122744921592577,56.45730334448677,1443.8494406093473,35.33550112275707,69.50835297930463,0.0
23.122744921592577,56.45730334448677,1443.8494406093473,35.33550112275707,69.50835297930463,0,0,1,3,27,2160.0,23.123985346799284,56.58781384083495,0.0,35.40876513047863,69.46799468925035,0.0
23.123985346799284,56.58781384083495,0.0,35.40876513047863,69.46799468925035,0,1,2,3,22,2220.0,23.052350423345615,56.7166156493191,1457.5549889291508,35.60593200552481,69.36142702091668,0.0
23.052350423345615,56.7166156493191,1457.5549889291508,35.60593200552481,69.36142702091668,0,0,1,6,25,2280.0,23.053602209398356,56.843063763035076,0.0,35.39584011937961,70.83030344450057,0.0
23.053602209398356,56.843063763035076,0.0,35.39584011937961,70.83030344450057,0,1,2,4,21,2340.0,22.97545398270819,56.98293615984973,1587.8593590766816,35.30199332835903,71.15243752425522,0.0
22.97545398270819,56.98293615984973,1587.8593590766816,35.30199332835903,71.15243752425522,0,0,3,4,23,2400.0,22.97669820068638,57.12463117349378,0.0,35.282925088282695,71.26115396084508,0.0
22.97669820068638,57.12463117349378,0.0,35.282925088282695,71.26115396084508,0,1,3,1,19,2460.0,22.90870902552815,57.265996401367296,1384.6543210896384,35.349771901235606,71.00270552940019,0.0
22.90870902552815,57.265996401367296,1384.6543210896384,35.349771901235606,71.00270552940019,0,0,1,5,21,2520.0,22.90995706095734,57.40336349264763,0.0,35.242105850417836,71.33690950987138,0.0
22.90995706095734,57.40336349264763,0.0,35.242105850417836,71.33690950987138,0,0,1,1,29,2580.0,22.91120146591699,57.54269895281987,0.0,35.27634862693996,70.78109684600201,0.0
22.91120146591699,57.54269895281987,0.0,35.27634862693996,70.78109684600201,0,0,1,0,22,2640.0,22.912446970822355,57.67508293175169,0.0,35.437719753845826,71.007863996759,0.0
22.912446970822355,57.67508293175169,0.0,35.437719753845826,71.007863996759,0,1,2,2,23,2700.0,22.966728953245486,57.80841074240176,1325.7784999257246,35.51670976184961,70.81215123841564,0.0
22.966728953245486,57.80841074240176,1325.7784999257246,35.51670976184961,70.81215123841564,0,0,1,4,18,2760.0,22.96798061927244,57.9384481473619,0.0,35.388907503505976,69.99028088062161,0.0
22.96798061927244,57.9384481473619,0.0,35.388907503505976,69.99028088062161,0,0,1,0,18,2820.0,22.969227983501913,58.0589664746945,0.0,35.35860433940617,69.97292922060667,0.0
22.969227983501913,58.0589664746945,0.0,35.35860433940617,69.97292922060667,0,1,2,1,26,2880.0,23.028511841528683,58.17810610215362,1450.9386370393795,35.45678088810533,69.81051352885237,0.0
23.028511841528683,58.17810610215362,1450.9386370393795,35.45678088810533,69.81051352885237,0,0,1,1,26,2940.0,23.029759450496904,58.294430176420605,0.0,35.317823641428966,68.98781415537393,0.0
23.029759450496904,58.294430176420605,0.0,35.317823641428966,68.98781415537393,0,0,3,6,23,3000.0,23.031002385969934,58.40136401621014,0.0,35.40331367939104,69.47751960579096,0.0
23.031002385969934,58.40136401621014,0.0,35.40331367939104,69.47751960579096,0,0,3,6,22,3060.0,23.032248129679715,58.512125572105944,0.0,35.378045110590946,69.6735618706414,1.0
23.032248129679715,58.512125572105944,0.0,35.378045110590946,69.6735618706414,1,0,1,5,20,3120.0,23.035159656245746,58.6237399350913,0.0,35.37467645790007,69.19838777909052,1.0
23.035159656245746,58.6237399350913,0.0,35.37467645790007,69.19838777909052,1,0,1,6,29,3180.0,23.03807097347247,58.72948641353129,0.0,35.183466141791584,69.39680711201493,1.0
23.03807097347247,58.72948641353129,0.0,35.183466141791584,69.39680711201493,1,0,1,3,27,3240.0,23.04097581997808,58.83615962051613,0.0,35.17003933145583,69.31719517296658,1.0
23.04097581997808,58.83615962051613,0.0,35.17003933145583,69.31719517296658,1,0,3,6,25,3300.0,23.04388012209513,58.940969976040634,0.0,35.113359814151224,69.58135789007171,2.0
23.04388012209513,58.940969976040634,0.0,35.113359814151224,69.58135789007171,2,1,3,5,18,3360.0,22.96236076683183,59.04737385518094,1721.7667583940402,35.16106018609073,68.44290154102191,2.0
26.379852057932975,50.303503406674636,0.0,26.870771382462944,73.81231551141549,9,1,2,0,30,60.0,26.452390110304755,50.53859152772205,1417.2088765240214,26.88842251007922,73.94501742558975,9.0
26.452390110304755,50.53859152772205,1417.2088765240214,26.88842251007922,73.94501742558975,9,1,2,2,21,120.0,26.384245090687408,50.772655786700724,1679.857747280114,27.070379814749085,73.53092043495687,8.0
26.384245090687408,50.772655786700724,1679.857747280114,27.070379814749085,73.53092043495687,8,0,3,1,22,180.0,26.39843462851154,51.000238433183284,0.0,27.122816089474377,73.16346522771796,8.0
26.39843462851154,51.000238433183284,0.0,27.122816089474377,73.16346522771796,8,0,2,4,20,240.0,26.412625441226908,51.22187070112863,0.0,27.219204001153866,74.26872672851364,8.0
26.412625441226908,51.22187070112863,0.0,27.219204001153866,74.26872672851364,8,0,1,5,26,300.0,26.426818993845572,51.45233926140248,0.0,27.13883654435689,75.08828513123568,8.0
26.426818993845572,51.45233926140248,0.0,27.13883654435689,75.08828513123568,8,0,3,6,25,360.0,26.44100939443059,51.68869872010081,0.0,27.195734852275418,75.90248344279995,8.0
26.44100939443059,51.68869872010081,0.0,27.195734852275418,75.90248344279995,8,1,1,0,21,420.0,26.391598695126444,51.63928802079666,1272.0504697215297,27.137566760880553,75.39510507745351,8.0
26.391598695126444,51.63928802079666,1272.0504697215297,27.137566760880553,75.39510507745351,8,1,1,0,29,480.0,26.451007030005048,51.69869635567527,1130.4200652436778,27.160945352059628,74.6171572543517,8.0
26.451007030005048,51.69869635567527,1130.4200652436778,27.160945352059628,74.6171572543517,8,1,1,1,20,540.0,26.395763467828687,51.64345279349891,1388.6778690752649,27.010986606439335,73.95233560323204,9.0
26.395763467828687,51.64345279349891,1388.6778690752649,27.010986606439335,73.95233560323204,9,1,2,3,27,600.0,26.468485001428768,51.86654162159624,1421.6923207198206,26.911917367575565,74.26704239567543,9.0
26.468485001428768,51.86654162159624,1421.6923207198206,26.911917367575565,74.26704239567543,9,0,3,3,18,660.0,26.484333115840972,52.090546629337034,0.0,26.6783600951589,74.01739377588943,9.0
26.484333115840972,52.090546629337034,0.0,26.6783600951589,74.01739377588943,9,1,1,3,25,720.0,26.43840545903224,52.0446189725283,1235.3491541608557,26.603030272725047,74.41205158181673,9.0
26.43840545903224,52.0446189725283,1235.3491541608557,26.603030272725047,74.41205158181673,9,1,2,6,18,780.0,26.343334498569135,52.26829329862118,2218.1956258045147,26.61857300579934,75.64491855952669,9.0
26.343334498569135,52.26829329862118,2218.1956258045147,26.61857300579934,75.64491855952669,9,1,1,6,19,840.0,26.270311169399026,52.195269969451076,1777.3167424069936,26.502898038765736,74.87599489656225,9.0
26.270311169399026,52.195269969451076,1777.3167424069936,26.502898038765736,74.87599489656225,9,0,3,2,21,900.0,26.286152255628004,52.42207721872219,0.0,26.52223110546101,74.8278582424612,9.0
26.286152255628004,52.42207721872219,0.0,26.52223110546101,74.8278582424612,9,1,3,6,23,960.0,26.21874546394246,52.64613502895958,1664.9598862774023,26.322838021834208,75.4370269002539,9.0
26.21874546394246,52.64613502895958,1664.9598862774023,26.322838021834208,75.4370269002539,9,1,2,4,20,1020.0,26.140194783357533,52.87404394767252,1887.7496734038573,26.360143915366272,76.43799988365538,9.0
26.140194783357533,52.87404394767252,1887.7496734038573,26.360143915366272,76.43799988365538,9,0,2,0,22,1080.0,26.1560354483286,53.109683507032344,0.0,26.43137106431686,76.49811270037249,9.0
26.1560354483286,53.109683507032344,0.0,26.43137106431686,76.49811270037249,9,0,3,5,18,1140.0,26.171877959515797,53.34356779896574,0.0,26.570391819218592,76.77701785354841,9.0
26.171877959515797,53.34356779896574,0.0,26.570391819218592,76.77701785354841,9,0,2,0,30,1200.0,26.187724576644452,53.57790229951157,0.0,26.509440599002666,76.68353220205569,8.0
26.187724576644452,53.57790229951157,0.0,26.509440599002666,76.68353220205569,8,1,1,3,29,1260.0,26.25437020065225,53.64454792351937,1311.7058368429439,26.502390721196758,76.9267830239688,8.0
26.25437020065225,53.64454792351937,1311.7058368429439,26.502390721196758,76.9267830239688,8,1,1,3,23,1320.0,26.201688820342728,53.591866543209846,1337.1262865375045,26.336747434679644,77.55500119514139,8.0
26.201688820342728,53.591866543209846,1337.1262865375045,26.336747434679644,77.55500119514139,8,1,2,0,19,1380.0,26.134254922502176,53.831497889729164,1632.1013292205637,26.500696300621396,77.50535484012056,8.0
26.134254922502176,53.831497889729164,1632.1013292205637,26.500696300621396,77.50535484012056,8,0,3,0,20,1440.0,26.148433803881446,54.06823645923308,0.0,26.423719412833307,77.2251272909806,8.0
26.148433803881446,54.06823645923308,0.0,26.423719412833307,77.2251272909806,8,1,3,0,22,1500.0,26.096201453774402,54.299805367550555,1328.1638592134793,26.27028955019486,77.68134491561018,8.0
26.096201453774402,54.299805367550555,1328.1638592134793,26.27028955019486,77.68134491561018,8,0,2,6,22,1560.0,26.110373923377615,54.53362076303115,0.0,26.25743880210928,78.17602963475125,8.0
26.110373923377615,54.53362076303115,0.0,26.25743880210928,78.17602963475125,8,1,2,5,24,1620.0,26.04163158999424,54.77004485174835,1658.2780442533212,26.345303153081886,78.55712883514735,7.0
26.04163158999424,54.77004485174835,1658.2780442533212,26.345303153081886,78.55712883514735,7,0,1,5,23,1680.0,26.054141712379675,55.00791569158234,0.0,26.43161317569895,78.15890874461756,7.0
26.054141712379675,55.00791569158234,0.0,26.43161317569895,78.15890874461756,7,0,1,4,27,1740.0,26.066654294761786,55.23942562211269,0.0,26.33220255239473,78.14343924603975,7.0
26.066654294761786,55.23942562211269,0.0,26.33220255239473,78.14343924603975,7,1,3,4,27,1800.0,26.134427179032205,55.46846575835196,1381.6008165457222,26.405437057836895,77.52429140185173,7.0
26.134427179032205,55.46846575835196,1381.6008165457222,26.405437057836895,77.52429140185173,7,0,2,1,22,1860.0,26.146936212694833,55.68902401478696,0.0,26.434582050158077,77.15895041994983,8.0
26.146936212694833,55.68902401478696,0.0,26.434582050158077,77.15895041994983,8,1,1,0,27,1920.0,26.20281859513069,55.74490639722282,1042.6531893652584,26.425818224376428,77.23530936955974,8.0
26.20281859513069,55.74490639722282,1042.6531893652584,26.425818224376428,77.23530936955974,8,0,2,2,23,1980.0,26.216992695118332,55.95981042694619,0.0,26.55599235331631,78.01606496792317,7.0
26.216992695118332,55.95981042694619,0.0,26.55599235331631,78.01606496792317,7,0,1,3,18,2040.0,26.22950399510694,56.18037297235596,0.0,26.49555844615998,77.97815627001407,6.0
26.22950399510694,56.18037297235596,0.0,26.49555844615998,77.97815627001407,6,0,1,2,25,2100.0,26.240346196921973,56.39835080533254,0.0,26.252168220505176,78.07104001605745,6.0
26.240346196921973,56.39835080533254,0.0,26.252168220505176,78.07104001605745,6,1,3,2,24,2160.0,26.18390287707707,56.61507769743979,1345.5409449137792,26.19107923134832,78.66830595331068,6.0
26.18390287707707,56.61507769743979,1345.5409449137792,26.19107923134832,78.66830595331068,6,1,2,5,29,2220.0,26.263184740990983,56.835609979998495,1711.20728421922,26.20848108701038,78.79117294477136,6.0
26.263184740990983,56.835609979998495,1711.20728421922,26.20848108701038,78.79117294477136,6,0,2,2,18,2280.0,26.274016250869185,57.055165609646224,0.0,26.122342716774707,78.35094196236015,5.0
26.274016250869185,57.055165609646224,0.0,26.122342716774707,78.35094196236015,5,0,2,6,19,2340.0,26.28317786175138,57.26812337317336,0.0,26.04424067384822,78.1656888115154,5.0
26.28317786175138,57.26812337317336,0.0,26.04424067384822,78.1656888115154,5,0,1,6,29,2400.0,26.292336563845115,57.47709902755678,0.0,26.06723611863244,77.71153774603249,4.0
26.292336563845115,57.47709902755678,0.0,26.06723611863244,77.71153774603249,4,1,2,0,19,2460.0,26.217952050805405,57.67944341474154,1637.5401938307068,26.045110756273864,77.57313109608803,4.0
26.217952050805405,57.67944341474154,1637.5401938307068,26.045110756273864,77.57313109608803,4,0,2,5,24,2520.0,26.22544628942892,57.878380291555004,0.0,26.010112943558422,77.8478684923374,4.0
26.22544628942892,57.878380291555004,0.0,26.010112943558422,77.8478684923374,4,1,1,5,25,2580.0,26.16660959199626,57.819543594122344,1326.5903930893076,26.047362514537422,78.64742965991209,4.0
26.16660959199626,57.819543594122344,1326.5903930893076,26.047362514537422,78.64742965991209,4,1,2,5,28,2640.0,26.23960578831769,58.02782245478024,1637.5042806002805,26.076814988782807,77.78868179284171,4.0
26.23960578831769,58.02782245478024,1637.5042806002805,26.076814988782807,77.78868179284171,4,0,3,3,28,2700.0,26.247100361957706,58.22543104816086,0.0,26.075476527217504,78.05689015903924,4.0
26.247100361957706,58.22543104816086,0.0,26.075476527217504,78.05689015903924,4,1,3,4,30,2760.0,26.317302296207647,58.42374563926964,1567.6913761107912,26.141477586529216,78.7745136722755,4.0
26.317302296207647,58.42374563926964,1567.6913761107912,26.141477586529216,78.7745136722755,4,1,3,3,26,2820.0,26.260542966872233,58.627253319599696,1285.0693702351336,26.079239767030135,79.01355867058923,4.0
22.46678864521623,54.52923430226009,0.0,34.83619902698727,52.97534298761648,9,1,3,0,27,60.0,22.53700735720948,54.51369538911366,1349.3266245131072,34.912120126979254,53.26728613480414,9.0
22.53700735720948,54.51369538911366,1349.3266245131072,34.912120126979254,53.26728613480414,9,1,1,0,21,120.0,22.49941067590878,54.47609870781296,1076.8503678604739,35.03180962215949,53.30882639194516,9.0
22.49941067590878,54.47609870781296,1076.8503678604739,35.03180962215949,53.30882639194516,9,1,2,0,19,180.0,22.44516352384593,54.464425984654284,1409.9646405545268,35.10919289652372,53.86991390634601,9.0
22.44516352384593,54.464425984654284,1409.9646405545268,35.10919289652372,53.86991390634601,9,1,3,4,27,240.0,22.526243759788734,54.4584808638712,1620.6192074261685,35.02747434986282,52.82285359251412,9.0
22.526243759788734,54.4584808638712,1620.6192074261685,35.02747434986282,52.82285359251412,9,0,2,4,23,300.0,22.542493800808405,54.44212459115763,0.0,35.19558358135587,52.447400817624064,8.0
22.542493800808405,54.44212459115763,0.0,35.19558358135587,52.447400817624064,8,1,1,4,21,360.0,22.492454755732,54.39208554608122,1292.5496280485045,35.293632081307926,52.3194601387888,8.0
22.492454755732,54.39208554608122,1292.5496280485045,35.293632081307926,52.3194601387888,8,0,2,6,21,420.0,22.507048128309517,54.37135929200829,0.0,35.499782438971565,52.92364325408537,8.0
22.507048128309517,54.37135929200829,0.0,35.499782438971565,52.92364325408537,8,0,3,0,20,480.0,22.521647886119872,54.356882131629064,0.0,35.48276397671907,52.69702922942173,8.0
22.521647886119872,54.356882131629064,0.0,35.48276397671907,52.69702922942173,8,0,3,4,21,540.0,22.53624658998956,54.34028360260699,0.0,35.51887845375376,52.40748907518201,8.0
22.53624658998956,54.34028360260699,0.0,35.51887845375376,52.40748907518201,8,0,3,3,28,600.0,22.550846011051686,54.32095565733274,0.0,35.59618844790764,52.848596966415414,8.0
22.550846011051686,54.32095565733274,0.0,35.59618844790764,52.848596966415414,8,1,3,2,23,660.0,22.6149344751195,54.30623207042357,1237.173816331373,35.626566478856695,52.160251196096375,9.0
22.6149344751195,54.30623207042357,1237.173816331373,35.626566478856695,52.160251196096375,9,0,1,5,23,720.0,22.631201529519625,54.284772261680295,0.0,35.640655103547815,51.27603151331495,9.0
22.631201529519625,54.284772261680295,0.0,35.640655103547815,51.27603151331495,9,1,3,5,27,780.0,22.714482707099247,54.25468485419664,1675.3548948455257,35.692015114204786,51.00968109348399,9.0
22.714482707099247,54.25468485419664,1675.3548948455257,35.692015114204786,51.00968109348399,9,1,2,3,24,840.0,22.789496652574556,54.22223481658951,1468.700693210152,35.664592278499335,50.510024714658925,10.0
22.789496652574556,54.22223481658951,1468.700693210152,35.664592278499335,50.510024714658925,10,0,2,3,27,900.0,22.807425822428755,54.185112715570206,0.0,35.566954751371,50.063796794980476,10.0
22.807425822428755,54.185112715570206,0.0,35.566954751371,50.063796794980476,10,1,2,5,27,960.0,22.897928862592433,54.14389955636431,1814.4430633178433,35.518934513956296,50.42083985145674,10.0
22.897928862592433,54.14389955636431,1814.4430633178433,35.518934513956296,50.42083985145674,10,0,2,1,28,1020.0,22.915849562780814,54.106668959315236,0.0,35.52909894272525,49.85532665571077,10.0
22.915849562780814,54.106668959315236,0.0,35.52909894272525,49.85532665571077,10,0,3,1,25,1080.0,22.933770004426812,54.064155536279195,0.0,35.4227880390603,49.92437023227758,10.0
22.933770004426812,54.064155536279195,0.0,35.4227880390603,49.92437023227758,10,1,2,0,22,1140.0,22.888884995014685,54.02275768323918,1256.0262002656088,35.3117480873307,50.20789799097163,10.0
22.888884995014685,54.02275768323918,1256.0262002656088,35.3117480873307,50.20789799097163,10,0,1,3,26,1200.0,22.906799090451095,53.9846090863165,0.0,35.251013527454155,51.022559659280645,9.0
22.906799090451095,53.9846090863165,0.0,35.251013527454155,51.022559659280645,9,0,1,4,30,1260.0,22.923043897598994,53.95498859204614,0.0,35.293895177487215,51.36911246291222,8.0
22.923043897598994,53.95498859204614,0.0,35.293895177487215,51.36911246291222,8,0,2,5,23,1320.0,22.937622925974992,53.9291298307548,0.0,35.270230958934114,51.9442577283703,8.0
22.937622925974992,53.9291298307548,0.0,35.270230958934114,51.9442577283703,8,0,2,1,19,1380.0,22.95220067957609,53.909281109730955,0.0,35.25791313745311,52.50388920075793,8.0
22.95220067957609,53.909281109730955,0.0,35.25791313745311,52.50388920075793,8,0,2,3,28,1440.0,22.96677753665802,53.89522719064122,0.0,35.1931890736543,52.47444829580657,8.0
22.96677753665802,53.89522719064122,0.0,35.1931890736543,52.47444829580657,8,0,1,3,27,1500.0,22.98135175037592,53.881019401692875,0.0,35.30938245499991,52.09026582214953,8.0
22.98135175037592,53.881019401692875,0.0,35.30938245499991,52.09026582214953,8,0,3,5,21,1560.0,22.995929351399408,53.863111865897444,0.0,35.27333511457945,52.34597357261451,8.0
22.995929351399408,53.863111865897444,0.0,35.27333511457945,52.34597357261451,8,1,1,6,19,1620.0,22.9325184945328,53.79970100903084,1559.7354078409614,35.267230772032455,51.978044347953094,9.0
22.9325184945328,53.79970100903084,1559.7354078409614,35.267230772032455,51.978044347953094,9,1,3,5,24,1680.0,23.006698559082086,53.781484442420066,1448.3893535008701,35.371069647605914,52.230756394561446,9.0
23.006698559082086,53.781484442420066,1448.3893535008701,35.371069647605914,52.230756394561446,9,0,3,3,27,1740.0,23.02294403811837,53.76597716194148,0.0,35.34531562559974,51.866029046506576,9.0
23.02294403811837,53.76597716194148,0.0,35.34531562559974,51.866029046506576,9,1,3,0,25,1800.0,23.087537640287426,53.74697768078713,1208.7380779034895,35.06935588567245,52.39771647129204,9.0
23.087537640287426,53.74697768078713,1208.7380779034895,35.06935588567245,52.39771647129204,9,1,3,4,20,1860.0,23.027581493349324,53.73348506869218,1523.7774842589702,35.3237226752026,52.48911992589471,8.0
23.027581493349324,53.73348506869218,1523.7774842589702,35.3237226752026,52.48911992589471,8,1,3,4,21,1920.0,22.969467012460665,53.72104141726421,1453.8203785610553,35.23778864683267,53.060312497881775,9.0
22.969467012460665,53.72104141726421,1453.8203785610553,35.23778864683267,53.060312497881775,9,0,1,5,30,1980.0,22.98570928984848,53.71443412807039,0.0,35.27677732877991,52.67412760572462,8.0
22.98570928984848,53.71443412807039,0.0,35.27677732877991,52.67412760572462,8,1,2,1,22,2040.0,22.93418067452009,53.70403106284693,1322.0996852604542,35.325154602875095,52.55641979476801,8.0
22.93418067452009,53.70403106284693,1322.0996852604542,35.325154602875095,52.55641979476801,8,0,3,1,29,2100.0,22.948760373651034,53.69255495016614,0.0,35.112969112974234,52.25250880122079,8.0
22.948760373651034,53.69255495016614,0.0,35.112969112974234,52.25250880122079,8,1,2,1,22,2160.0,22.897343918765344,53.67815448867669,1319.771903540015,35.05313233195121,53.07303211608527,9.0
22.897343918765344,53.67815448867669,1319.771903540015,35.05313233195121,53.07303211608527,9,1,2,2,26,2220.0,22.97457345710024,53.67210326495078,1524.7753013614872,35.24752002126207,52.26157649235969,9.0
22.97457345710024,53.67210326495078,1524.7753013614872,35.24752002126207,52.26157649235969,9,1,3,2,20,2280.0,22.921317803944653,53.65799799722487,1389.9616941545646,35.215762701379695,51.923845769931795,8.0
22.921317803944653,53.65799799722487,1389.9616941545646,35.215762701379695,51.923845769931795,8,1,1,3,29,2340.0,22.995875254492162,53.73255544777238,1499.5242262731824,35.193337185503935,51.62675739556681,8.0
22.995875254492162,53.73255544777238,1499.5242262731824,35.193337185503935,51.62675739556681,8,0,3,4,20,2400.0,23.010448503223195,53.71149746725032,0.0,35.143022660313775,52.348755728354085,8.0
23.010448503223195,53.71149746725032,0.0,35.143022660313775,52.348755728354085,8,0,3,0,20,2460.0,23.02501958902843,53.69787004986136,0.0,35.22894838281376,52.52184460127046,7.0
23.02501958902843,53.69787004986136,0.0,35.22894838281376,52.52184460127046,7,1,2,5,21,2520.0,22.955332563196034,53.68610979537545,1651.8764691771323,35.1337633353463,52.37003624861658,7.0
22.955332563196034,53.68610979537545,1651.8764691771323,35.1337633353463,52.37003624861658,7,0,1,0,25,2580.0,22.96823851088844,53.672949059907864,0.0,35.1669613684032,52.46528608850611,7.0
22.96823851088844,53.672949059907864,0.0,35.1669613684032,52.46528608850611,7,0,2,2,20,2640.0,22.98114513498369,53.66087243019385,0.0,35.24084241649195,52.772969830512636,6.0
22.98114513498369,53.66087243019385,0.0,35.24084241649195,52.772969830512636,6,0,1,2,29,2700.0,22.992387124893074,53.651993404197036,0.0,35.187246071980546,53.17699872965321,6.0
22.992387124893074,53.651993404197036,0.0,35.187246071980546,53.17699872965321,6,1,1,4,21,2760.0,22.937649792149966,53.59725607145393,1319.5432274935845,35.16489947374336,53.002340331594105,5.0
22.937649792149966,53.59725607145393,1319.5432274935845,35.16489947374336,53.002340331594105,5,0,2,2,22,2820.0,22.94722403380602,53.59130691405533,0.0,35.05953123182873,52.46843887080451,5.0
22.94722403380602,53.59130691405533,0.0,35.05953123182873,52.46843887080451,5,1,2,0,30,2880.0,23.02172110636482,53.58007823362282,1623.166557971639,35.14977815407891,52.57566428779033,5.0
23.02172110636482,53.58007823362282,1623.166557971639,35.14977815407891,52.57566428779033,5,0,2,0,29,2940.0,23.03129204159974,53.5700340941645,0.0,35.15678337039023,53.156603439094425,4.0
23.03129204159974,53.5700340941645,0.0,35.15678337039023,53.156603439094425,4,0,1,4,30,3000.0,23.039196224644034,53.565899787613795,0.0,35.10545224755789,53.17046428333271,4.0
23.039196224644034,53.565899787613795,0.0,35.10545224755789,53.17046428333271,4,1,1,4,24,3060.0,23.097404362238986,53.62410792520875,1257.648226521358,34.924449007230635,52.82649734991412,4.0
23.097404362238986,53.62410792520875,1257.648226521358,34.924449007230635,52.82649734991412,4,0,3,1,21,3120.0,23.105298597060486,53.6161318194558,0.0,35.134969247351435,52.26997013638226,4.0
23.105298597060486,53.6161318194558,0.0,35.134969247351435,52.26997013638226,4,0,3,3,24,3180.0,23.113199586082164,53.60267020262506,0.0,35.03841944876853,52.28505092264982,4.0
23.113199586082164,53.60267020262506,0.0,35.03841944876853,52.28505092264982,4,1,2,1,28,3240.0,23.183811830453994,53.58949400982531,1567.8684260768239,35.04277969340578,53.1325764428652,4.0
23.183811830453994,53.58949400982531,1567.8684260768239,35.04277969340578,53.1325764428652,4,0,2,0,30,3300.0,23.19170712938276,53.58492483415571,0.0,34.98160278431525,53.11405804434099,4.0
23.19170712938276,53.58492483415571,0.0,34.98160278431525,53.11405804434099,4,0,1,4,30,3360.0,23.199600125904592,53.58021616625756,0.0,34.840971037948066,53.072505258026645,4.0
23.199600125904592,53.58021616625756,0.0,34.840971037948066,53.072505258026645,4,1,1,4,30,3420.0,23.271809131299488,53.65242517165245,1608.0239924457244,34.81005013024308,52.696427055231354,4.0
23.271809131299488,53.65242517165245,1608.0239924457244,34.81005013024308,52.696427055231354,4,1,2,2,23,3480.0,23.212796769199496,53.642865190488244,1337.9394026657662,34.79403685068641,53.032097093456585,3.0
23.212796769199496,53.642865190488244,1337.9394026657662,34.79403685068641,53.032097093456585,3,1,1,2,28,3540.0,23.273547990976642,53.70361641226539,1363.2961776940276,34.90163756454627,53.042752917792555,3.0
23.273547990976642,53.70361641226539,1363.2961776940276,34.90163756454627,53.042752917792555,3,0,3,4,30,3600.0,23.27976892729576,53.697007777320664,0.0,34.763867487234585,52.113756896980355,3.0
23.27976892729576,53.697007777320664,0.0,34.763867487234585,52.113756896980355,3,0,1,3,30,3660.0,23.285985063914424,53.68117526851726,0.0,34.85599225572562,51.84257073626096,4.0
23.285985063914424,53.68117526851726,0.0,34.85599225572562,51.84257073626096,4,1,1,2,24,3720.0,23.339441563680207,53.73463176828304,1139.2708214847066,34.937062621260615,52.11015747178551,3.0
23.339441563680207,53.73463176828304,1139.2708214847066,34.937062621260615,52.11015747178551,3,1,2,3,18,3780.0,23.25824041098743,53.718387025318066,1748.4214678939343,34.721881081127684,51.7505808121643,3.0
23.25824041098743,53.718387025318066,1748.4214678939343,34.721881081127684,51.7505808121643,3,1,1,0,29,3840.0,23.31593938485446,53.7760859991851,1287.0879794506284,34.699395482946876,51.425579521752574,4.0
23.31593938485446,53.7760859991851,1287.0879794506284,34.699395482946876,51.425579521752574,4,0,2,1,20,3900.0,23.323818833391062,53.75258093441077,0.0,34.68953666971845,51.435004333224995,4.0
23.323818833391062,53.75258093441077,0.0,34.68953666971845,51.435004333224995,4,0,3,3,20,3960.0,23.331697690652273,53.72940516839891,0.0,34.6282929322544,51.61575609582805,5.0
23.331697690652273,53.72940516839891,0.0,34.6282929322544,51.61575609582805,5,1,2,1,18,4020.0,23.261446062768105,53.7082686776732,1595.8969545110933,34.65998719395562,52.56622390232533,5.0
23.261446062768105,53.7082686776732,1595.8969545110933,34.65998719395562,52.56622390232533,5,0,2,4,22,4080.0,23.27099268080581,53.69684822991972,0.0,34.60297260602732,52.875466158718595,5.0
23.27099268080581,53.69684822991972,0.0,34.60297260602732,52.875466158718595,5,1,1,5,28,4140.0,23.342359598434637,53.768215147548545,1545.5629574496368,34.78699431951152,52.502729412687536,5.0
23.342359598434637,53.768215147548545,1545.5629574496368,34.78699431951152,52.502729412687536,5,1,2,3,29,4200.0,23.42272284043366,53.75556029019994,1770.37718770801,34.83980115628614,52.747075389042145,5.0
23.42272284043366,53.75556029019994,1770.37718770801,34.83980115628614,52.747075389042145,5,0,3,2,27,4260.0,23.432270076377524,53.74547544118836,0.0,34.81255838616171,52.709619966714634,5.0
23.432270076377524,53.74547544118836,0.0,34.81255838616171,52.709619966714634,5,1,1,6,21,4320.0,23.368911208239624,53.682116573050465,1458.097554964539,34.797111834274915,52.924906302761656,5.0
23.368911208239624,53.682116573050465,1458.097554964539,34.797111834274915,52.924906302761656,5,0,3,6,28,4380.0,23.378458814927157,53.67454447034758,0.0,34.62876801505282,52.521971269513564,5.0
23.378458814927157,53.67454447034758,0.0,34.62876801505282,52.521971269513564,5,1,2,0,21,4440.0,23.320865115455714,53.66301873833924,1342.7075288956294,34.51729324432033,52.570809197293705,4.0
23.320865115455714,53.66301873833924,1342.7075288956294,34.51729324432033,52.570809197293705,4,0,3,1,20,4500.0,23.328738329726676,53.65209664292878,0.0,34.33691510214251,52.39331555523706,5.0
23.328738329726676,53.65209664292878,0.0,34.33691510214251,52.39331555523706,5,1,1,2,24,4560.0,23.38374871129369,53.7071070244958,1136.9193918650328,34.34949021939605,52.38621654303139,5.0
23.38374871129369,53.7071070244958,1136.9193918650328,34.34949021939605,52.38621654303139,5,0,3,5,21,4620.0,23.393280902677294,53.69389811968115,0.0,34.612782663089035,51.48341380657801,5.0
23.393280902677294,53.69389811968115,0.0,34.612782663089035,51.48341380657801,5,0,3,2,27,4680.0,23.402821552735976,53.67179327655012,0.0,34.667065319020935,51.90779705788122,5.0
23.402821552735976,53.67179327655012,0.0,34.667065319020935,51.90779705788122,5,0,1,3,28,4740.0,23.412363694194852,53.65415331436343,0.0,34.46913533798335,52.281752185939986,5.0
23.412363694194852,53.65415331436343,0.0,34.46913533798335,52.281752185939986,5,0,1,6,19,4800.0,23.421898919916313,53.640429303079195,0.0,34.21610658570872,52.13875007499993,6.0
23.421898919916313,53.640429303079195,0.0,34.21610658570872,52.13875007499993,6,1,2,0,25,4860.0,23.48487950276404,53.625412510798405,1294.6860648050213,34.09315162626348,52.38709968661819,6.0
23.48487950276404,53.625412510798405,1294.6860648050213,34.09315162626348,52.38709968661819,6,0,1,3,23,4920.0,23.496066445168157,53.613029382556604,0.0,34.11852559241294,52.62094627250091,6.0
23.496066445168157,53.613029382556604,0.0,34.11852559241294,52.62094627250091,6,0,2,2,24,4980.0,23.507253860473064,53.603108551456046,0.0,34.14543828653745,52.4493501347522,6.0
23.507253860473064,53.603108551456046,0.0,34.14543828653745,52.4493501347522,6,1,2,0,20,5040.0,23.447920038372512,53.59157096728901,1410.4352316283837,34.18314832592767,52.43471872790971,6.0
23.447920038372512,53.59157096728901,1410.4352316283837,34.18314832592767,52.43471872790971,6,0,3,1,21,5100.0,23.459111212648764,53.580002444895214,0.0,34.092575095841404,52.1078355585853,6.0
23.459111212648764,53.580002444895214,0.0,34.092575095841404,52.1078355585853,6,0,1,2,19,5160.0,23.470298994778204,53.56528077603212,0.0,34.14621423306985,52.261304412265076,6.0
23.470298994778204,53.56528077603212,0.0,34.14621423306985,52.261304412265076,6,0,3,6,21,5220.0,23.481488191952813,53.55224101239445,0.0,34.13554910392621,52.956518149468266,7.0
23.481488191952813,53.55224101239445,0.0,34.13554910392621,52.956518149468266,7,0,1,0,18,5280.0,23.494343327316546,53.54628378376518,0.0,34.03322632731188,52.559305122733925,7.0
23.494343327316546,53.54628378376518,0.0,34.03322632731188,52.559305122733925,7,0,1,6,30,5340.0,23.507194623416545,53.536413997154874,0.0,34.22893269136605,52.43859791752382,7.0
23.507194623416545,53.536413997154874,0.0,34.22893269136605,52.43859791752382,7,1,2,4,29,5400.0,23.593471294170037,53.52543583635856,1835.4819871140087,34.16626096890705,52.8697946537152,7.0
23.593471294170037,53.52543583635856,1835.4819871140087,34.16626096890705,52.8697946537152,7,0,3,2,19,5460.0,23.60632372049253,53.51887942453213,0.0,34.26157347344466,53.12633736376385,7.0
23.60632372049253,53.51887942453213,0.0,34.26157347344466,53.12633736376385,7,0,1,4,18,5520.0,23.619178895484293,53.514954003924444,0.0,34.2796317941055,53.19895672215468,7.0
23.619178895484293,53.514954003924444,0.0,34.2796317941055,53.19895672215468,7,0,1,1,21,5580.0,23.632034243914248,53.511794031106746,0.0,34.21211396660806,53.12669738679693,7.0
23.632034243914248,53.511794031106746,0.0,34.21211396660806,53.12669738679693,7,1,1,4,19,5640.0,23.570990810506594,53.45075059769909,1477.922054634855,34.25117528438099,53.52316385703988,7.0
23.570990810506594,53.45075059769909,1477.922054634855,34.25117528438099,53.52316385703988,7,1,2,3,19,5700.0,23.499076898359476,53.451474730292496,1695.398365924955,34.23503884708004,53.16837771056327,7.0
23.499076898359476,53.451474730292496,1695.398365924955,34.23503884708004,53.16837771056327,7,0,3,6,25,5760.0,23.51193476375777,53.4486437600952,0.0,34.31798633127322,53.07146464117687,7.0
23.51193476375777,53.4486437600952,0.0,34.31798633127322,53.07146464117687,7,0,1,0,22,5820.0,23.524794965476687,53.44487196890602,0.0,34.4661101861321,52.832175918866135,7.0
23.524794965476687,53.44487196890602,0.0,34.4661101861321,52.832175918866135,7,1,2,1,27,5880.0,23.59681719267104,53.438745008405625,1478.9379171749686,34.48803335290759,53.476810850223956,7.0
23.59681719267104,53.438745008405625,1478.9379171749686,34.48803335290759,53.476810850223956,7,1,2,3,22,5940.0,23.535171213894998,53.439125666823806,1490.1803862943018,34.51169152799521,54.161665239208844,7.0
23.535171213894998,53.439125666823806,1490.1803862943018,34.51169152799521,54.161665239208844,7,0,2,3,24,6000.0,23.548037097905468,53.446351062547656,0.0,34.56731328589496,54.567785129678455,7.0
23.548037097905468,53.446351062547656,0.0,34.56731328589496,54.567785129678455,7,0,3,0,27,6060.0,23.560904407111735,53.457565403218965,0.0,34.63799502882633,55.03291320779943,7.0
23.560904407111735,53.457565403218965,0.0,34.63799502882633,55.03291320779943,7,1,2,0,23,6120.0,23.512090930244458,53.47331888126477,1233.6542644267042,34.72050485529309,54.59934809994398,7.0
23.512090930244458,53.47331888126477,1233.6542644267042,34.72050485529309,54.59934809994398,7,0,3,2,26,6180.0,23.52496454404196,53.48457917345156,0.0,34.672882767938624,55.036542690300344,7.0
23.52496454404196,53.48457917345156,0.0,34.672882767938624,55.036542690300344,7,0,3,0,23,6240.0,23.53783614131609,53.500098808620045,0.0,34.71192925293151,54.984931813834095,6.0
23.53783614131609,53.500098808620045,0.0,34.71192925293151,54.984931813834095,6,1,1,0,29,6300.0,23.59996627213718,53.562228939441134,1273.1081929341954,34.854204066541506,55.44803951495489,5.0
23.59996627213718,53.562228939441134,1273.1081929341954,34.854204066541506,55.44803951495489,5,0,3,4,22,6360.0,23.609508080063662,53.58108704519627,0.0,34.86306982563765,55.54669736865769,5.0
23.609508080063662,53.58108704519627,0.0,34.86306982563765,55.54669736865769,5,0,3,3,22,6420.0,23.61904986545518,53.60074314843089,0.0,34.84912519806955,55.32160273623198,6.0
23.61904986545518,53.60074314843089,0.0,34.84912519806955,55.32160273623198,6,0,3,6,19,6480.0,23.630257534632936,53.6179517443089,0.0,34.97619515657877,55.63701066080429,5.0
23.630257534632936,53.6179517443089,0.0,34.97619515657877,55.63701066080429,5,0,2,4,30,6540.0,23.639802399220333,53.63814233347385,0.0,35.1383551665554,55.32619707378634,5.0
23.639802399220333,53.63814233347385,0.0,35.1383551665554,55.32619707378634,5,1,2,0,21,6600.0,23.581432943781582,53.65502288087698,1358.3881439532202,35.23544929969309,56.1273236865898,5.0
23.581432943781582,53.65502288087698,1358.3881439532202,35.23544929969309,56.1273236865898,5,0,2,2,29,6660.0,23.590988077660114,53.67974588893411,0.0,35.20110818973429,57.10967121057425,5.0
23.590988077660114,53.67974588893411,0.0,35.20110818973429,57.10967121057425,5,0,3,4,26,6720.0,23.600541748330517,53.71404514215051,0.0,35.252548283391334,57.40453225694494,5.0
23.600541748330517,53.71404514215051,0.0,35.252548283391334,57.40453225694494,5,1,2,4,22,6780.0,23.53233486492103,53.75095001329846,1555.2390058797973,35.270197014427595,57.445697200303485,4.0
23.53233486492103,53.75095001329846,1555.2390058797973,35.270197014427595,57.445697200303485,4,1,1,3,23,6840.0,23.48119566425603,53.69981081263346,1180.6092547329592,35.36159921034942,56.971474763925414,4.0
23.48119566425603,53.69981081263346,1180.6092547329592,35.36159921034942,56.971474763925414,4,1,2,0,21,6900.0,23.4216480907148,53.73252745214638,1348.871739855362,35.19198130357986,56.80720730969405,4.0
23.4216480907148,53.73252745214638,1348.871739855362,35.19198130357986,56.80720730969405,4,1,3,5,22,6960.0,23.355903519843398,53.76327425072186,1472.7383062366428,35.17281071219014,56.4613985247846,4.0
23.355903519843398,53.76327425072186,1472.7383062366428,35.17281071219014,56.4613985247846,4,0,1,0,18,7020.0,23.36379741674981,53.79025549346248,0.0,35.088149541276806,56.8270217781198,4.0
23.36379741674981,53.79025549346248,0.0,35.088149541276806,56.8270217781198,4,1,3,4,21,7080.0,23.297887697012023,53.820623156309054,1476.0106295054877,35.19091730875691,56.89257282346276,4.0
23.297887697012023,53.820623156309054,1476.0106295054877,35.19091730875691,56.89257282346276,4,1,1,6,26,7140.0,23.364809623320184,53.887545082617216,1475.6372996942184,35.09748214789906,56.559453461333646,4.0
23.364809623320184,53.887545082617216,1475.6372996942184,35.09748214789906,56.559453461333646,4,0,1,4,19,7200.0,23.372700712404338,53.91426416640438,0.0,35.035488729158565,57.76314225329926,3.0
23.372700712404338,53.91426416640438,0.0,35.035488729158565,57.76314225329926,3,1,2,0,24,7260.0,23.42842832362846,53.952752947273325,1237.6379572557398,35.08919781246468,57.78895544165486,2.0
23.42842832362846,53.952752947273325,1237.6379572557398,35.08919781246468,57.78895544165486,2,0,2,3,24,7320.0,23.43298368261142,53.99111497221714,0.0,35.12307927254576,57.29186539545397,2.0
23.43298368261142,53.99111497221714,0.0,35.12307927254576,57.29186539545397,2,0,1,4,25,7380.0,23.437540019131085,54.024122476449506,0.0,34.9932665840403,58.08091879940972,2.0
23.437540019131085,54.024122476449506,0.0,34.9932665840403,58.08091879940972,2,0,3,3,23,7440.0,23.442091876683246,54.06469043967911,0.0,34.96696870366223,57.163063162389214,2.0
23.442091876683246,54.06469043967911,0.0,34.96696870366223,57.163063162389214,2,1,2,0,19,7500.0,23.373316430280763,54.095674166906214,1466.525512600995,34.85806069204745,57.08515242522466,3.0
23.373316430280763,54.095674166906214,1466.525512600995,34.85806069204745,57.08515242522466,3,0,1,1,22,7560.0,23.379532588422823,54.1255689494894,0.0,34.86883019261213,57.2910455707476,4.0
23.379532588422823,54.1255689494894,0.0,34.86883019261213,57.2910455707476,4,1,2,5,30,7620.0,23.46727696724436,54.15722371570198,1996.535055868288,35.09772494158345,56.51266389780824,4.0
23.46727696724436,54.15722371570198,1996.535055868288,35.09772494158345,56.51266389780824,4,0,3,3,18,7680.0,23.475164648843503,54.18077811752305,0.0,34.860158340474186,56.81178858512321,4.0
23.475164648843503,54.18077811752305,0.0,34.860158340474186,56.81178858512321,4,1,3,3,25,7740.0,23.53750198207165,54.20708822219905,1361.4458359606485,34.70034590528581,57.04287491816418,4.0
23.53750198207165,54.20708822219905,1361.4458359606485,34.70034590528581,57.04287491816418,4,0,2,5,19,7800.0,23.54537407686909,54.2354460891587,0.0,34.742934625905114,57.05244880687206,4.0
23.54537407686909,54.2354460891587,0.0,34.742934625905114,57.05244880687206,4,1,2,3,18,7860.0,23.465115788322194,54.26361611633583,1762.6308113039672,34.89152145345688,56.94216257313164,5.0
23.465115788322194,54.26361611633583,1762.6308113039672,34.89152145345688,56.94216257313164,5,0,2,3,26,7920.0,23.4746633351777,54.29040158090379,0.0,34.937865760692965,57.21542388861766,5.0
23.4746633351777,54.29040158090379,0.0,34.937865760692965,57.21542388861766,5,0,3,4,25,7980.0,23.484212108591883,54.31965180398093,0.0,34.88887074517691,57.44972678686745,5.0
23.484212108591883,54.31965180398093,0.0,34.88887074517691,57.44972678686745,5,1,1,2,26,8040.0,23.543293663907534,54.37873335929658,1238.3683340274465,34.977256865522214,57.34083999567151,4.0
23.543293663907534,54.37873335929658,1238.3683340274465,34.977256865522214,57.34083999567151,4,1,3,2,19,8100.0,23.476931332680934,54.408354425660335,1484.8692666664058,34.91231956169007,58.00149201180801,4.0
23.476931332680934,54.408354425660335,1484.8692666664058,34.91231956169007,58.00149201180801,4,0,3,0,24,8160.0,23.484812512288567,54.444285801521815,0.0,34.72566556655401,58.505248856726475,4.0
23.484812512288567,54.444285801521815,0.0,34.72566556655401,58.505248856726475,4,1,1,2,19,8220.0,23.425353972981583,54.38482726221483,1346.664688175871,34.60454837362593,58.870630916259735,4.0
23.425353972981583,54.38482726221483,1346.664688175871,34.60454837362593,58.870630916259735,4,1,3,1,28,8280.0,23.48999404511735,54.429685298755274,1419.1858080603135,34.56384474233325,59.213790144738084,5.0
23.48999404511735,54.429685298755274,1419.1858080603135,34.56384474233325,59.213790144738084,5,0,3,4,20,8340.0,23.49952984014059,54.477526347215104,0.0,34.65646917448574,58.97700452785243,5.0
23.49952984014059,54.477526347215104,0.0,34.65646917448574,58.97700452785243,5,0,3,1,25,8400.0,23.50906840478507,54.52252112902148,0.0,34.798494867729936,58.70964672394711,5.0
23.50906840478507,54.52252112902148,0.0,34.798494867729936,58.70964672394711,5,1,1,4,25,8460.0,23.570189621495683,54.58364234573209,1289.4558957128959,34.743422748160384,58.19653690457459,5.0
23.570189621495683,54.58364234573209,1289.4558957128959,34.743422748160384,58.19653690457459,5,0,3,3,27,8520.0,23.57972872926657,54.61977129132051,0.0,34.74453690446526,58.55135754982749,5.0
23.57972872926657,54.61977129132051,0.0,34.74453690446526,58.55135754982749,5,1,3,4,21,8580.0,23.514754451399163,54.65908715390558,1490.2620961315936,34.84824163333925,58.921652983879014,5.0
23.514754451399163,54.65908715390558,1490.2620961315936,34.84824163333925,58.921652983879014,5,0,1,6,22,8640.0,23.524298900971896,54.701712812205315,0.0,34.790954424385475,58.08834783830405,4.0
23.524298900971896,54.701712812205315,0.0,34.790954424385475,58.08834783830405,4,1,1,0,30,8700.0,23.585125858354065,54.762539769587484,1323.7850549514053,34.859978104423504,56.8091636466755,3.0
23.585125858354065,54.762539769587484,1323.7850549514053,34.859978104423504,56.8091636466755,3,0,3,5,22,8760.0,23.5913350200956,54.78300600835836,0.0,34.75698463733293,56.434647911197956,2.0
23.5913350200956,54.78300600835836,0.0,34.75698463733293,56.434647911197956,2,1,2,2,21,8820.0,23.521322469516523,54.79952242738676,1491.0281113263095,34.82361588742385,56.665943557624935,2.0
23.521322469516523,54.79952242738676,1491.0281113263095,34.82361588742385,56.665943557624935,2,1,1,0,28,8880.0,23.574823234358085,54.85302319222832,1223.933876524174,34.7619553820193,56.47785525623409,2.0
23.574823234358085,54.85302319222832,1223.933876524174,34.7619553820193,56.47785525623409,2,1,3,5,22,8940.0,23.50519935056157,54.86927151286838,1483.2690973621184,34.644788396212576,56.54886296236171,2.0
23.50519935056157,54.86927151286838,1483.2690973621184,34.644788396212576,56.54886296236171,2,1,2,2,19,9000.0,23.428870179006235,54.886067427363315,1617.3431571370636,34.68662821830144,57.249662258834924,3.0
23.428870179006235,54.886067427363315,1617.3431571370636,34.68662821830144,57.249662258834924,3,0,1,3,21,9060.0,23.43507877094088,54.90970337567803,0.0,34.594178497375886,57.414745679431405,3.0
23.43507877094088,54.90970337567803,0.0,34.594178497375886,57.414745679431405,3,0,1,2,21,9120.0,23.441284074265095,54.93475379871556,0.0,34.589317807888605,57.63905223109049,3.0
23.441284074265095,54.93475379871556,0.0,34.589317807888605,57.63905223109049,3,0,3,5,18,9180.0,23.447489008722883,54.96179678303931,0.0,34.547539828145425,58.11017130683917,2.0
23.447489008722883,54.96179678303931,0.0,34.547539828145425,58.11017130683917,2,0,1,5,23,9240.0,23.45202567708353,54.99328052827731,0.0,34.453333237989185,58.337178207697555,2.0
23.45202567708353,54.99328052827731,0.0,34.453333237989185,58.337178207697555,2,1,3,4,24,9300.0,23.510805706214725,55.02671950507151,1356.166305312487,34.2652889324767,58.583764209298415,2.0
23.510805706214725,55.02671950507151,1356.166305312487,34.2652889324767,58.583764209298415,2,1,2,0,20,9360.0,23.444798438536957,55.06228995211378,1410.6483423728835,34.22537375319166,58.73368968518379,2.0
23.444798438536957,55.06228995211378,1410.6483423728835,34.22537375319166,58.73368968518379,2,1,1,6,21,9420.0,23.376378862788865,54.99387037636569,1458.911898504902,34.23076579572224,60.195367493843335,2.0
23.376378862788865,54.99387037636569,1458.911898504902,34.23076579572224,60.195367493843335,2,1,3,4,18,9480.0,23.297165292106094,55.04588534754047,1674.841004944065,34.21268974674268,59.2211938641297,2.0
23.297165292106094,55.04588534754047,1674.841004944065,34.21268974674268,59.2211938641297,2,1,3,2,29,9540.0,23.363896669581017,55.08763843270636,1555.0214998275812,34.25474425766549,59.069716095137544,2.0
23.363896669581017,55.08763843270636,1555.0214998275812,34.25474425766549,59.069716095137544,2,1,3,1,25,9600.0,23.41840576319389,55.127459209330674,1249.4849673316962,34.25539220608756,59.74613668248418,1.0
23.41840576319389,55.127459209330674,1249.4849673316962,34.25539220608756,59.74613668248418,1,0,3,1,24,9660.0,23.421266996075317,55.17364598406221,0.0,34.218464492162944,59.8178309161553,1.0
23.421266996075317,55.17364598406221,0.0,34.218464492162944,59.8178309161553,1,0,1,2,29,9720.0,23.42412690265852,55.22008783338314,0.0,34.06622857354115,60.374175103650266,1.0
23.42412690265852,55.22008783338314,0.0,34.06622857354115,60.374175103650266,1,1,3,0,19,9780.0,23.359815290398572,55.271628706085814,1343.3269796462187,34.24756296873943,60.0454590248737,1.0
23.359815290398572,55.271628706085814,1343.3269796462187,34.24756296873943,60.0454590248737,1,0,3,3,18,9840.0,23.362678215321182,55.31936700927369,0.0,34.38628870984469,60.61877098315466,1.0
23.362678215321182,55.31936700927369,0.0,34.38628870984469,60.61877098315466,1,0,2,4,25,9900.0,23.365545669004334,55.372361049012504,0.0,34.38355971588072,60.48514292594315,2.0
23.365545669004334,55.372361049012504,0.0,34.38355971588072,60.48514292594315,2,1,1,3,26,9960.0,23.422138847767187,55.42895422777536,1301.4811240322508,34.4725795569932,61.00276759330503,2.0
23.422138847767187,55.42895422777536,1301.4811240322508,34.4725795569932,61.00276759330503,2,1,3,2,20,10020.0,23.355821892443,55.48469236143065,1417.0394002899147,34.46423576001417,60.27794498345577,2.0
23.355821892443,55.48469236143065,1417.0394002899147,34.46423576001417,60.27794498345577,2,1,2,5,27,10080.0,23.43129137389459,55.532624887650904,1773.313358066775,34.39206200468045,60.36635541952547,1.0
23.43129137389459,55.532624887650904,1773.313358066775,34.39206200468045,60.36635541952547,1,0,1,5,21,10140.0,23.434156732915618,55.58096219296965,0.0,34.5594072137103,61.03658594542064,1.0
23.434156732915618,55.58096219296965,0.0,34.5594072137103,61.03658594542064,1,1,2,2,23,10200.0,23.36959485737969,55.63551843049416,1348.6543443724306,34.64054686915946,60.46245430104433,1.0
23.36959485737969,55.63551843049416,1348.6543443724306,34.64054686915946,60.46245430104433,1,0,3,3,28,10260.0,23.37247055578008,55.68378778919966,0.0,34.742313015843806,60.59820195645715,2.0
23.37247055578008,55.68378778919966,0.0,34.742313015843806,60.59820195645715,2,1,1,6,28,10320.0,23.441047793750386,55.75236502716997,1600.789413874295,34.79746064336776,60.768496564657404,2.0
23.441047793750386,55.75236502716997,1600.789413874295,34.79746064336776,60.768496564657404,2,1,2,0,30,10380.0,23.50933449280704,55.802526342544844,1593.5371323749769,34.77452156896096,60.74675808975047,2.0
23.50933449280704,55.802526342544844,1593.5371323749769,34.77452156896096,60.74675808975047,2,1,3,0,27,10440.0,23.565556129825403,55.8519686600169,1291.9866028956128,34.88695690494801,60.5797194742605,2.0
23.565556129825403,55.8519686600169,1291.9866028956128,34.88695690494801,60.5797194742605,2,1,2,0,27,10500.0,23.626342841806327,55.89924616815934,1406.0666322104757,34.88460168986058,60.49254234530908,1.0
23.626342841806327,55.89924616815934,1406.0666322104757,34.88460168986058,60.49254234530908,1,0,1,3,21,10560.0,23.629218117101264,55.945179129930835,0.0,35.05234798289184,60.246319308143825,0.0
23.629218117101264,55.945179129930835,0.0,35.05234798289184,60.246319308143825,0,0,3,0,26,10620.0,23.630432221430123,55.988190531712966,0.0,35.13310108287372,59.759698151457556,0.0
23.630432221430123,55.988190531712966,0.0,35.13310108287372,59.759698151457556,0,0,3,3,18,10680.0,23.631648977058838,56.02590560791041,0.0,35.06324059931411,59.324439598533715,0.0
23.631648977058838,56.02590560791041,0.0,35.06324059931411,59.324439598533715,0,0,2,2,27,10740.0,23.632863363446248,56.05889094781664,0.0,35.22280158161521,60.141537231822305,0.0
23.632863363446248,56.05889094781664,0.0,35.22280158161521,60.141537231822305,0,1,2,6,20,10800.0,23.541914860936078,56.0997174106567,1843.3633423488072,35.04005414620991,60.114132914363566,0.0
23.541914860936078,56.0997174106567,1843.3633423488072,35.04005414620991,60.114132914363566,0,1,1,6,25,10860.0,23.598922486940488,56.156725036661115,1394.775534039155,35.000693202475055,60.84903237750221,0.0
23.598922486940488,56.156725036661115,1394.775534039155,35.000693202475055,60.84903237750221,0,0,1,3,29,10920.0,23.60013587929767,56.20364811006952,0.0,35.10062617359903,60.73049388205942,0.0
23.60013587929767,56.20364811006952,0.0,35.10062617359903,60.73049388205942,0,1,2,3,28,10980.0,23.66869618728062,56.24891656778942,1683.5906243284605,35.045670460008175,61.16028782554932,0.0
23.66869618728062,56.24891656778942,1683.5906243284605,35.045670460008175,61.16028782554932,0,1,2,6,30,11040.0,23.752062420985396,56.29803028036702,2053.8416973921117,34.99835345294457,61.14500274384057,0.0
23.752062420985396,56.29803028036702,2053.8416973921117,34.99835345294457,61.14500274384057,0,0,2,5,19,11100.0,23.753270630686462,56.34650000500176,0.0,35.07208258459928,61.06569440531491,0.0
23.753270630686462,56.34650000500176,0.0,35.07208258459928,61.06569440531491,0,0,2,3,22,11160.0,23.754481257751593,56.39369194900489,0.0,35.157688506948986,61.54458927288334,0.0
23.754481257751593,56.39369194900489,0.0,35.157688506948986,61.54458927288334,0,1,1,0,21,11220.0,23.698808494848855,56.33801918610215,1137.7240628875795,35.147276091526535,61.93446702102775,0.0
23.698808494848855,56.33801918610215,1137.7240628875795,35.147276091526535,61.93446702102775,0,0,3,1,21,11280.0,23.700023443768742,56.393983664451405,0.0,35.15834433209212,61.99731693211624,0.0
23.700023443768742,56.393983664451405,0.0,35.15834433209212,61.99731693211624,0,0,2,1,18,11340.0,23.701238721131688,56.45001699712805,0.0,35.22910797446297,62.0018360253724,0.0
23.701238721131688,56.45001699712805,0.0,35.22910797446297,62.0018360253724,0,0,2,2,30,11400.0,23.702456316773464,56.505535187410494,0.0,35.08904057535111,62.009002055294474,0.0
23.702456316773464,56.505535187410494,0.0,35.08904057535111,62.009002055294474,0,0,3,2,26,11460.0,23.703669202915417,56.56056985608934,0.0,34.856877534681125,61.47615219661675,0.0
23.703669202915417,56.56056985608934,0.0,34.856877534681125,61.47615219661675,0,1,3,4,18,11520.0,23.62005220149019,56.60972567949461,1696.4421673924173,34.91883418189894,61.6815175282513,0.0
23.62005220149019,56.60972567949461,1696.4421673924173,34.91883418189894,61.6815175282513,0,1,2,5,18,11580.0,23.525186965133948,56.66044359798217,1921.5039151117644,34.82000729608126,60.79016515652729,0.0
23.525186965133948,56.66044359798217,1921.5039151117644,34.82000729608126,60.79016515652729,0,1,2,6,29,11640.0,23.605878209147093,56.701740813567625,1987.035416719552,34.72271231814959,60.894888622675495,0.0
23.605878209147093,56.701740813567625,1987.035416719552,34.72271231814959,60.894888622675495,0,0,3,6,23,11700.0,23.607082103617394,56.743672291658704,0.0,34.63604002068674,60.2820047142967,0.0
23.607082103617394,56.743672291658704,0.0,34.63604002068674,60.2820047142967,0,0,1,0,18,11760.0,23.608283068881295,56.779055615885085,0.0,34.77021009698094,59.116677332523246,0.0
23.608283068881295,56.779055615885085,0.0,34.77021009698094,59.116677332523246,0,0,1,1,19,11820.0,23.609488466448898,56.802431833051465,0.0,34.87173290614744,58.99606179937457,0.0
23.609488466448898,56.802431833051465,0.0,34.87173290614744,58.99606179937457,0,0,1,4,30,11880.0,23.610697207930222,56.824368132714696,0.0,34.78219827391114,58.79201137979446,0.0
23.610697207930222,56.824368132714696,0.0,34.78219827391114,58.79201137979446,0,0,2,0,20,11940.0,23.61190292463242,56.84404456518549,0.0,34.786022073407146,58.06771567247769,0.0
23.61190292463242,56.84404456518549,0.0,34.786022073407146,58.06771567247769,0,0,3,0,28,12000.0,23.613108728604047,56.856281276258414,0.0,35.04810138251015,57.51173215959061,0.0
23.613108728604047,56.856281276258414,0.0,35.04810138251015,57.51173215959061,0,1,1,5,29,12060.0,23.677790456537668,56.92096300419203,1586.6807044622471,35.15321089458008,57.92211181158126,0.0
23.677790456537668,56.92096300419203,1586.6807044622471,35.15321089458008,57.92211181158126,0,0,3,3,20,12120.0,23.679006303885604,56.930974492265925,0.0,35.17983926762494,57.01773830376013,0.0
23.679006303885604,56.930974492265925,0.0,35.17983926762494,57.01773830376013,0,0,1,6,20,12180.0,23.680222998317728,56.931842130380865,0.0,35.17615791700712,56.918500046222256,0.0
23.680222998317728,56.931842130380865,0.0,35.17615791700712,56.918500046222256,0,1,2,5,23,12240.0,23.60388869323799,56.93170870953928,1551.0167248738296,35.26100100522765,55.79505537922995,1.0
23.60388869323799,56.93170870953928,1551.0167248738296,35.26100100522765,55.79505537922995,1,0,1,4,19,12300.0,23.60677726364839,56.92034217623618,0.0,35.381008900870334,55.54910415547685,1.0
23.60677726364839,56.92034217623618,0.0,35.381008900870334,55.54910415547685,1,0,2,4,20,12360.0,23.609669738036295,56.90662979602859,0.0,35.31747266198777,54.954270825931665,1.0
23.609669738036295,56.90662979602859,0.0,35.31747266198777,54.954270825931665,1,1,3,3,21,12420.0,23.54105691758722,56.88710620632762,1430.0616109307957,35.30442667508383,54.75661808721179,2.0
23.54105691758722,56.88710620632762,1430.0616109307957,35.30442667508383,54.75661808721179,2,1,2,0,26,12480.0,23.599517159976926,56.86580132513647,1347.536584944767,35.33128007373031,55.51312272021379,1.0
23.599517159976926,56.86580132513647,1347.536584944767,35.33128007373031,55.51312272021379,1,1,2,4,30,12540.0,23.678441609319986,56.85227453908724,1900.834764481661,35.46511644687495,54.94829760541354,1.0
23.678441609319986,56.85227453908724,1900.834764481661,35.46511644687495,54.94829760541354,1,0,1,2,24,12600.0,23.681334498481238,56.833234769750504,0.0,35.34196957201553,55.602039700185216,1.0
23.681334498481238,56.833234769750504,0.0,35.34196957201553,55.602039700185216,1,1,3,6,20,12660.0,23.599562415484954,56.82092281905485,1693.2154166414086,35.48887191176961,55.42306778448456,1.0
23.599562415484954,56.82092281905485,1693.2154166414086,35.48887191176961,55.42306778448456,1,1,2,3,27,12720.0,23.667043933534757,56.806944268709145,1614.6301933315383,35.652925268858844,55.09527828581977,1.0
23.667043933534757,56.806944268709145,1614.6301933315383,35.652925268858844,55.09527828581977,1,0,1,2,19,12780.0,23.669943462912602,56.78982760888025,0.0,35.73799003563707,55.01690724792863,1.0
23.669943462912602,56.78982760888025,0.0,35.73799003563707,55.01690724792863,1,0,2,1,19,12840.0,23.672845731131694,56.77209840527073,0.0,35.85357854405634,54.80643780508249,1.0
23.672845731131694,56.77209840527073,0.0,35.85357854405634,54.80643780508249,1,1,2,5,26,12900.0,23.742733218365398,56.75244179926885,1674.5365701651228,35.86340956328015,54.78002380279511,1.0
23.742733218365398,56.75244179926885,1674.5365701651228,35.86340956328015,54.78002380279511,1,0,1,1,30,12960.0,23.745637240910227,56.73271761930411,0.0,35.96734906858436,55.0283561699088,0.0
23.745637240910227,56.73271761930411,0.0,35.96734906858436,55.0283561699088,0,0,3,6,23,13020.0,23.746877964637818,56.71567400481016,0.0,36.03390746527878,55.377012689364996,0.0
23.746877964637818,56.71567400481016,0.0,36.03390746527878,55.377012689364996,0,1,1,4,23,13080.0,23.68588023172726,56.6546762718996,1244.8126778782691,36.06887247000875,54.59461130368397,0.0
23.68588023172726,56.6546762718996,1244.8126778782691,36.06887247000875,54.59461130368397,0,1,1,5,28,13140.0,23.74791163088922,56.71670767106156,1519.6324855170462,36.24153512065841,54.64650989423202,0.0
23.74791163088922,56.71670767106156,1519.6324855170462,36.24153512065841,54.64650989423202,0,1,2,2,18,13200.0,23.664193309956946,56.696005693293266,1699.3621676386886,36.17080578259482,54.7091925521146,0.0
23.664193309956946,56.696005693293266,1699.3621676386886,36.17080578259482,54.7091925521146,0,0,1,6,28,13260.0,23.665443530372702,56.67613756188148,0.0,36.20766586550684,54.867055185582345,1.0
23.665443530372702,56.67613756188148,0.0,36.20766586550684,54.867055185582345,1,0,1,4,18,13320.0,23.66836160445054,56.65804673811849,0.0,36.17807402340515,55.41674387967357,0.0
23.66836160445054,56.65804673811849,0.0,36.17807402340515,55.41674387967357,0,0,3,5,23,13380.0,23.66961192819784,56.645633709534046,0.0,36.0749005654255,55.97342413264554,0.0
23.66961192819784,56.645633709534046,0.0,36.0749005654255,55.97342413264554,0,1,3,2,22,13440.0,23.605308195069615,56.63891161376516,1311.0115216559693,36.099831424989674,56.495968369687915,0.0
23.605308195069615,56.63891161376516,1311.0115216559693,36.099831424989674,56.495968369687915,0,0,3,2,19,13500.0,23.60655801251061,56.63748218132439,0.0,36.01798855839547,57.26215223202697,0.0
23.60655801251061,56.63748218132439,0.0,36.01798855839547,57.26215223202697,0,1,3,5,19,13560.0,23.52322001702747,56.643728881831414,1691.7008633601044,36.05475348769461,56.21213897820116,0.0
23.52322001702747,56.643728881831414,1691.7008633601044,36.05475348769461,56.21213897820116,0,1,2,3,23,13620.0,23.453665959084415,56.639412982795115,1416.1021811748953,36.117304289377714,56.65475471969565,0.0
23.453665959084415,56.639412982795115,1416.1021811748953,36.117304289377714,56.65475471969565,0,0,1,1,28,13680.0,23.454921413695423,56.63956640016412,0.0,36.01141353067205,57.39558642092695,1.0
23.454921413695423,56.63956640016412,0.0,36.01141353067205,57.39558642092695,1,0,3,0,28,13740.0,23.457839963432654,56.64712660037175,0.0,36.11255983421289,58.06632437869239,1.0
23.457839963432654,56.64712660037175,0.0,36.11255983421289,58.06632437869239,1,1,3,3,18,13800.0,23.38025136854399,56.661318578154955,1610.2083776871154,36.16884792023033,57.626417201941365,1.0
23.38025136854399,56.661318578154955,1610.2083776871154,36.16884792023033,57.626417201941365,1,0,2,5,19,13860.0,23.383177655095714,56.67096956439282,0.0,36.324263962301806,58.053405190217475,1.0
23.383177655095714,56.67096956439282,0.0,36.324263962301806,58.053405190217475,1,1,2,2,29,13920.0,23.453737435629836,56.68479392065107,1690.710274763683,36.07130795453238,57.90510146068257,1.0
23.453737435629836,56.68479392065107,1690.710274763683,36.07130795453238,57.90510146068257,1,1,2,3,23,13980.0,23.386092627160878,56.69699699605138,1411.3078830584589,36.24685552436393,58.691611323290005,1.0
23.386092627160878,56.69699699605138,1411.3078830584589,36.24685552436393,58.691611323290005,1,1,1,1,18,14040.0,23.322382826111152,56.63328719500166,1332.769862925946,36.34001265123204,58.82224466535595,1.0
23.322382826111152,56.63328719500166,1332.769862925946,36.34001265123204,58.82224466535595,1,0,1,2,25,14100.0,23.325316747105322,56.6551767697052,0.0,36.40296560965422,58.42008678552596,1.0
23.325316747105322,56.6551767697052,0.0,36.40296560965422,58.42008678552596,1,0,3,3,22,14160.0,23.328252668734073,56.67282586986341,0.0,36.42828213345801,58.830258791832186,2.0
23.328252668734073,56.67282586986341,0.0,36.42828213345801,58.830258791832186,2,0,1,5,21,14220.0,23.332856003049564,56.6944001990831,0.0,36.34626996144839,57.86237601822657,2.0
23.332856003049564,56.6944001990831,0.0,36.34626996144839,57.86237601822657,2,1,2,4,20,14280.0,23.253458168570532,56.70607995727453,1679.9656322195688,36.489716648382995,57.99094134443588,2.0
23.253458168570532,56.70607995727453,1679.9656322195688,36.489716648382995,57.99094134443588,2,0,2,5,25,14340.0,23.25806604385319,56.718928571146144,0.0,36.319495321774994,57.75953350126613,2.0
23.25806604385319,56.718928571146144,0.0,36.319495321774994,57.75953350126613,2,1,1,5,25,14400.0,23.317022926386155,56.777885453679104,1358.8708722591755,36.28134290785584,57.46946167551474,2.0
23.317022926386155,56.777885453679104,1358.8708722591755,36.28134290785584,57.46946167551474,2,1,1,1,23,14460.0,23.268289551870442,56.72915207916339,1066.6437036352731,36.301272638855046,57.61282659505663,1.0
23.268289551870442,56.72915207916339,1066.6437036352731,36.301272638855046,57.61282659505663,1,1,3,5,19,14520.0,23.187801739305453,56.73798882432232,1668.444906691093,36.35459519501061,58.037644095936564,1.0
23.187801739305453,56.73798882432232,1668.444906691093,36.35459519501061,58.037644095936564,1,1,2,1,25,14580.0,23.245707372037593,56.75098537703846,1374.1684904237563,36.24661127963176,57.474598141522954,0.0
23.245707372037593,56.75098537703846,1374.1684904237563,36.24661127963176,57.474598141522954,0,0,1,0,24,14640.0,23.24697406883451,56.758221504683306,0.0,36.242535694647096,57.56921413147592,0.0
23.24697406883451,56.758221504683306,0.0,36.242535694647096,57.56921413147592,0,1,1,5,30,14700.0,23.315123152383286,56.82637058823208,1672.0641206978432,36.305527180851726,56.54949838231595,1.0
23.315123152383286,56.82637058823208,1672.0641206978432,36.305527180851726,56.54949838231595,1,1,3,6,24,14760.0,23.377214913635086,56.82360186617292,1478.9686946045952,36.27763884143665,56.97207736790811,1.0
23.377214913635086,56.82360186617292,1478.9686946045952,36.27763884143665,56.97207736790811,1,1,1,6,29,14820.0,23.446764168990562,56.8931511215284,1665.4810306137192,36.40232801299012,56.941075363225096,1.0
23.446764168990562,56.8931511215284,1665.4810306137192,36.40232801299012,56.941075363225096,1,1,3,6,21,14880.0,23.369448839214552,56.89363036394536,1604.9436380828251,36.44571609808014,55.62768223454974,2.0
23.369448839214552,56.89363036394536,1604.9436380828251,36.44571609808014,55.62768223454974,2,0,1,5,20,14940.0,23.374051381456514,56.880970882651404,0.0,36.455146955973035,56.49142360356523,2.0
23.374051381456514,56.880970882651404,0.0,36.455146955973035,56.49142360356523,2,1,3,0,30,15000.0,23.437231171603127,56.877075409860545,1464.4271740198917,36.36591441695419,56.6924677326667,2.0
23.437231171603127,56.877075409860545,1464.4271740198917,36.36591441695419,56.6924677326667,2,1,3,3,20,15060.0,23.367708550797776,56.875229333088605,1482.4048716038978,36.410113017593694,56.47727499446819,2.0
23.367708550797776,56.875229333088605,1482.4048716038978,36.410113017593694,56.47727499446819,2,1,3,5,26,15120.0,23.434548765765307,56.871249789702404,1555.9700371326528,36.34081459786054,56.87764900512984,3.0
23.434548765765307,56.871249789702404,1555.9700371326528,36.34081459786054,56.87764900512984,3,1,1,2,30,15180.0,23.499256300675025,56.93595732461212,1461.099817882908,36.287693168399784,57.11958733072386,3.0
23.499256300675025,56.93595732461212,1461.099817882908,36.287693168399784,57.11958733072386,3,1,1,1,21,15240.0,23.44645536744801,56.8831563913851,1181.2109557854387,36.20383458855506,56.67624686958213,2.0
23.44645536744801,56.8831563913851,1181.2109557854387,36.20383458855506,56.67624686958213,2,1,1,3,21,15300.0,23.3865137209073,56.82321474484439,1290.6711836282605,36.14010381385218,56.90544022135787,2.0
23.3865137209073,56.82321474484439,1290.6711836282605,36.14010381385218,56.90544022135787,2,0,2,1,28,15360.0,23.39110550724373,56.824036999609525,0.0,36.07448421836333,56.53899377849426,3.0
23.39110550724373,56.824036999609525,0.0,36.07448421836333,56.53899377849426,3,0,1,4,24,15420.0,23.397361619867432,56.82118656739837,0.0,35.79973373409081,56.289128690418444,3.0
23.397361619867432,56.82118656739837,0.0,35.79973373409081,56.289128690418444,3,1,2,4,19,15480.0,23.31577786377305,56.81586598862857,1756.610036630455,35.73979708470677,55.73412690447548,3.0
23.31577786377305,56.81586598862857,1756.610036630455,35.73979708470677,55.73412690447548,3,0,2,3,22,15540.0,23.322025331080415,56.80504859778704,0.0,35.531385790756914,56.59647522935604,3.0
23.322025331080415,56.80504859778704,0.0,35.531385790756914,56.59647522935604,3,0,3,1,26,15600.0,23.328265643095737,56.80296286410273,0.0,35.48855126678633,55.57300788599464,3.0
23.328265643095737,56.80296286410273,0.0,35.48855126678633,55.57300788599464,3,1,3,5,29,15660.0,23.40510158876468,56.79066331432165,1764.9317370371682,35.61067483279303,55.32942887467179,3.0
23.40510158876468,56.79066331432165,1764.9317370371682,35.61067483279303,55.32942887467179,3,0,3,0,18,15720.0,23.41134177453948,56.77605096992515,0.0,35.686083149822075,54.77029179738915,3.0
23.41134177453948,56.77605096992515,0.0,35.686083149822075,54.77029179738915,3,1,2,1,23,15780.0,23.353288539328858,56.75599337819979,1285.9145317959872,35.839468643925294,54.83921404982954,3.0
23.353288539328858,56.75599337819979,1285.9145317959872,35.839468643925294,54.83921404982954,3,0,1,2,19,15840.0,23.35953807866568,56.73682558491609,0.0,35.890009071268395,54.937136673334884,3.0
23.35953807866568,56.73682558491609,0.0,35.890009071268395,54.937136673334884,3,0,2,3,19,15900.0,23.365789094365432,56.718828695800276,0.0,36.028273264834816,55.76715791807663,3.0
23.365789094365432,56.718828695800276,0.0,36.028273264834816,55.76715791807663,3,0,3,3,27,15960.0,23.37204451050445,56.70931198802304,0.0,36.22254007725097,55.52512940841273,3.0
23.37204451050445,56.70931198802304,0.0,36.22254007725097,55.52512940841273,3,1,2,2,27,16020.0,23.440683996182276,56.697470162226935,1559.4450623067066,36.152036329237,55.30649970572388,3.0
23.440683996182276,56.697470162226935,1559.4450623067066,36.152036329237,55.30649970572388,3,1,2,0,29,16080.0,23.508283399669207,56.683560457661905,1533.5589602290636,36.10519294440896,54.729152334407445,4.0
23.508283399669207,56.683560457661905,1533.5589602290636,36.10519294440896,54.729152334407445,4,0,3,3,25,16140.0,23.51620329665403,56.66401637642936,0.0,36.04075425152916,53.7316796915008,5.0
23.51620329665403,56.66401637642936,0.0,36.04075425152916,53.7316796915008,5,1,2,5,27,16200.0,23.596238838462565,56.634693009580076,1761.284752750948,36.067184033726704,54.09427942783739,5.0
23.596238838462565,56.634693009580076,1761.284752750948,36.067184033726704,54.09427942783739,5,1,1,2,27,16260.0,23.65730947785779,56.6957636489753,1287.206863884559,36.177869051945684,54.03724984165122,5.0
23.65730947785779,56.6957636489753,1287.206863884559,36.177869051945684,54.03724984165122,5,0,3,1,21,16320.0,23.66689349651026,56.66917851090206,0.0,36.097308512103055,54.543318072105485,5.0
23.66689349651026,56.66917851090206,0.0,36.097308512103055,54.543318072105485,5,1,1,1,20,16380.0,23.614348914915773,56.61663392930757,1242.5119085667886,36.0136978125151,53.60092489259735,5.0
23.614348914915773,56.61663392930757,1242.5119085667886,36.0136978125151,53.60092489259735,5,1,1,0,21,16440.0,23.56739302092507,56.56967803531687,1130.7174457457886,36.00743136016184,52.675609071749925,5.0
23.56739302092507,56.56967803531687,1130.7174457457886,36.00743136016184,52.675609071749925,5,1,1,4,25,16500.0,23.62841261228616,56.63069762667796,1285.9564187444957,36.01971570401586,52.17127707116651,6.0
23.62841261228616,56.63069762667796,1285.9564187444957,36.01971570401586,52.17127707116651,6,0,3,3,28,16560.0,23.63965898905588,56.58610342112284,0.0,36.21065756924521,52.576221731997066,6.0
23.63965898905588,56.58610342112284,0.0,36.21065756924521,52.576221731997066,6,0,1,6,28,16620.0,23.65091135567522,56.546004604231584,0.0,36.19838667588564,52.62290791913539,6.0
23.65091135567522,56.546004604231584,0.0,36.19838667588564,52.62290791913539,6,1,3,4,23,16680.0,23.594014930712166,56.50677363738062,1362.9601494745643,36.350026081410995,52.92396707933163,5.0
23.594014930712166,56.50677363738062,1362.9601494745643,36.350026081410995,52.92396707933163,5,1,3,1,30,16740.0,23.66460462326058,56.47094557180013,1524.9456377513723,36.17559300948317,53.21508931811351,6.0
23.66460462326058,56.47094557180013,1524.9456377513723,36.17559300948317,53.21508931811351,6,1,2,0,24,16800.0,23.724659938444294,56.438387009263266,1220.1237226043652,36.16899554739409,53.44041709578084,6.0
23.724659938444294,56.438387009263266,1220.1237226043652,36.16899554739409,53.44041709578084,6,1,1,3,18,16860.0,23.661949685641567,56.375676756460535,1479.1679464605468,36.0169414156571,53.32345958045861,6.0
23.661949685641567,56.375676756460535,1479.1679464605468,36.0169414156571,53.32345958045861,6,0,2,5,27,16920.0,23.673194852032566,56.345154584700516,0.0,36.05989771567745,53.540153888325555,6.0
23.673194852032566,56.345154584700516,0.0,36.05989771567745,53.540153888325555,6,1,2,6,18,16980.0,23.584315615538426,56.317104577736764,2002.5091984585401,35.95209150068108,53.2218188408227,5.0
23.584315615538426,56.317104577736764,2002.5091984585401,35.95209150068108,53.2218188408227,5,1,1,5,20,17040.0,23.520193555102708,56.25298251730105,1474.0197259711515,35.896534565886284,52.57114707740491,5.0
23.520193555102708,56.25298251730105,1474.0197259711515,35.896534565886284,52.57114707740491,5,0,1,0,22,17100.0,23.529772766469733,56.21616416290209,0.0,35.843204092543495,52.68399614631067,5.0
23.529772766469733,56.21616416290209,0.0,35.843204092543495,52.68399614631067,5,0,1,1,21,17160.0,23.53934988084727,56.180842482736175,0.0,35.91967392600996,52.06337919263023,5.0
23.53934988084727,56.180842482736175,0.0,35.91967392600996,52.06337919263023,5,0,2,5,30,17220.0,23.548929224982107,56.139667849835114,0.0,35.847632440329576,51.68223793863157,5.0
23.548929224982107,56.139667849835114,0.0,35.847632440329576,51.68223793863157,5,0,3,0,20,17280.0,23.55850584842262,56.09509355072308,0.0,35.919093419393235,50.657267299342834,5.0
23.55850584842262,56.09509355072308,0.0,35.919093419393235,50.657267299342834,5,1,1,4,18,17340.0,23.49140901712972,56.02799671943018,1533.5103509053572,36.07869826853279,50.47889801771332,5.0
23.49140901712972,56.02799671943018,1533.5103509053572,36.07869826853279,50.47889801771332,5,0,3,6,21,17400.0,23.500995260104766,55.97250573241301,0.0,36.03299184792836,50.5062377219542,6.0
23.500995260104766,55.97250573241301,0.0,36.03299184792836,50.5062377219542,6,1,1,1,20,17460.0,23.45055621409992,55.922066686408165,1233.8022511555002,36.03441626432973,49.71806186750448,6.0
23.45055621409992,55.922066686408165,1233.8022511555002,36.03441626432973,49.71806186750448,6,0,2,6,25,17520.0,23.461809009434926,55.860026638219125,0.0,35.80880303358043,49.386465143316805,6.0
23.461809009434926,55.860026638219125,0.0,35.80880303358043,49.386465143316805,6,1,2,5,19,17580.0,23.38132212545035,55.7952910232701,1834.6356757076196,35.6921792441945,48.32854436070019,6.0
23.38132212545035,55.7952910232701,1834.6356757076196,35.6921792441945,48.32854436070019,6,1,2,1,30,17640.0,23.459644888931507,55.720623556644405,1676.976706096628,35.49547227383578,47.76995112984669,7.0
23.459644888931507,55.720623556644405,1676.976706096628,35.49547227383578,47.76995112984669,7,1,3,1,26,17700.0,23.52461430348424,55.641116832376426,1301.7055076642055,35.562766594285286,46.887653175208165,7.0
23.52461430348424,55.641116832376426,1301.7055076642055,35.562766594285286,46.887653175208165,7,0,2,2,28,17760.0,23.537515575227264,55.55358219580474,0.0,35.71352995017666,46.54157706916972,7.0
23.537515575227264,55.55358219580474,0.0,35.71352995017666,46.54157706916972,7,1,3,5,18,17820.0,23.46263623258325,55.46346214453839,1755.7041957968743,35.84819692255214,46.304404348217986,7.0
23.46263623258325,55.46346214453839,1755.7041957968743,35.84819692255214,46.304404348217986,7,0,1,3,29,17880.0,23.47554908460625,55.37187156657519,0.0,35.9764332699637,46.84827426983486,7.0
23.47554908460625,55.37187156657519,0.0,35.9764332699637,46.84827426983486,7,0,2,2,30,17940.0,23.488465780745763,55.286635593607784,0.0,35.904931083160676,46.3339860070818,7.0
23.488465780745763,55.286635593607784,0.0,35.904931083160676,46.3339860070818,7,1,2,4,25,18000.0,23.56333288147396,55.197109097742526,1548.8304637863052,36.05454130650323,46.095991705888615,7.0
23.56333288147396,55.197109097742526,1548.8304637863052,36.05454130650323,46.095991705888615,7,1,2,6,26,18060.0,23.64625165649793,55.10609792382399,1750.0600352450308,35.9966212907311,45.98350505624446,7.0
23.64625165649793,55.10609792382399,1750.0600352450308,35.9966212907311,45.98350505624446,7,1,1,6,24,18120.0,23.712083081178843,55.171929348504904,1322.9936423276345,35.906132098126314,45.4994509120799,7.0
23.712083081178843,55.171929348504904,1322.9936423276345,35.906132098126314,45.4994509120799,7,1,2,2,28,18180.0,23.789109650145097,55.075204564140655,1603.0025166421963,35.89030570998592,45.48654031955572,7.0
23.789109650145097,55.075204564140655,1603.0025166421963,35.89030570998592,45.48654031955572,7,1,2,0,29,18240.0,23.862519160186743,54.97931792169481,1512.6534209912943,35.78039942792875,45.08049785358394,7.0
23.862519160186743,54.97931792169481,1512.6534209912943,35.78039942792875,45.08049785358394,7,1,3,5,19,18300.0,23.789951513249193,54.8803297210137,1709.2981922628387,35.7861768643301,44.72266284672512,7.0
23.789951513249193,54.8803297210137,1709.2981922628387,35.7861768643301,44.72266284672512,7,0,3,6,25,18360.0,23.802851387427562,54.778753052270815,0.0,35.767810561079855,44.305281152028925,7.0
23.802851387427562,54.778753052270815,0.0,35.767810561079855,44.305281152028925,7,0,1,4,27,18420.0,23.815750219400016,54.6740183332684,0.0,35.75674402422412,43.85696003837132,7.0
23.815750219400016,54.6740183332684,0.0,35.75674402422412,43.85696003837132,7,1,3,5,27,18480.0,23.892404939423493,54.56584775031943,1593.917172416249,35.84089449220572,44.041770215540986,7.0
23.892404939423493,54.56584775031943,1593.917172416249,35.84089449220572,44.041770215540986,7,0,3,5,21,18540.0,23.905303222408584,54.46060697497164,0.0,35.86611122725328,43.44873559984128,7.0
23.905303222408584,54.46060697497164,0.0,35.86611122725328,43.44873559984128,7,1,1,3,26,18600.0,23.969019718597206,54.52432347116026,1270.4450647115063,35.78547495753965,42.77594389978879,7.0
23.969019718597206,54.52432347116026,1270.4450647115063,35.78547495753965,42.77594389978879,7,0,2,3,30,18660.0,23.981913600438503,54.40683967544654,0.0,35.89338628793904,42.48649338362058,7.0
23.981913600438503,54.40683967544654,0.0,35.89338628793904,42.48649338362058,7,1,2,3,21,18720.0,23.915523047606573,54.287636212528284,1585.7520384302568,35.8197061174069,42.30312760960107,7.0
23.915523047606573,54.287636212528284,1585.7520384302568,35.8197061174069,42.30312760960107,7,1,3,6,26,18780.0,23.991581457792744,54.16779112649901,1579.0401020961299,35.83404050566649,41.73881611109472,7.0
23.991581457792744,54.16779112649901,1579.0401020961299,35.83404050566649,41.73881611109472,7,0,2,2,22,18840.0,24.00447620642767,54.04350137634497,0.0,35.858630188357786,40.26227856076908,7.0
24.00447620642767,54.04350137634497,0.0,35.858630188357786,40.26227856076908,7,0,3,0,22,18900.0,24.017371344893736,53.90568914818921,0.0,35.817661529094835,40.61843964055917,7.0
24.017371344893736,53.90568914818921,0.0,35.817661529094835,40.61843964055917,7,1,2,1,19,18960.0,23.951459968163462,53.77281665311291,1576.0943947283054,35.888932731980965,39.67686453652988,7.0
23.951459968163462,53.77281665311291,1576.0943947283054,35.888932731980965,39.67686453652988,7,0,3,2,25,19020.0,23.964357883922258,53.63185713194708,0.0,35.91116171756105,40.31629744318657,7.0
23.964357883922258,53.63185713194708,0.0,35.91116171756105,40.31629744318657,7,1,3,0,18,19080.0,23.905854126535925,53.498701535059475,1428.0396836157242,35.77063679848372,40.29840260021742,7.0
23.905854126535925,53.498701535059475,1428.0396836157242,35.77063679848372,40.29840260021742,7,0,2,1,25,19140.0,23.918749619291656,53.36669854571105,0.0,35.698613889731824,40.307949960196204,7.0
23.918749619291656,53.36669854571105,0.0,35.698613889731824,40.307949960196204,7,0,1,2,29,19200.0,23.931642281434005,53.2361110598559,0.0,35.59798695429927,40.135961924479304,6.0
23.931642281434005,53.2361110598559,0.0,35.59798695429927,40.135961924479304,6,1,1,4,25,19260.0,23.99342855144766,53.297897329869556,1264.1014631139597,35.51716511342061,40.49092648907957,5.0
23.99342855144766,53.297897329869556,1264.1014631139597,35.51716511342061,40.49092648907957,5,1,1,3,19,19320.0,23.93112323558098,53.235592014002876,1437.1221417082404,35.488548249751815,39.43349334157107,6.0
23.93112323558098,53.235592014002876,1437.1221417082404,35.488548249751815,39.43349334157107,6,1,2,0,27,19380.0,23.99770712064939,53.097571027278555,1384.1326058651414,35.469986502960026,39.27264023266036,5.0
23.99770712064939,53.097571027278555,1384.1326058651414,35.469986502960026,39.27264023266036,5,0,3,3,21,19440.0,24.007256196628802,52.95932171933237,0.0,35.415402244362916,38.83751212090174,5.0
24.007256196628802,52.95932171933237,0.0,35.415402244362916,38.83751212090174,5,0,3,3,22,19500.0,24.016803134830393,52.818103623348065,0.0,35.57762155451786,39.81308314505064,5.0
24.016803134830393,52.818103623348065,0.0,35.57762155451786,39.81308314505064,5,1,1,1,25,19560.0,24.070419875527907,52.87172036404558,1101.6178354214044,35.64045975812162,39.69332946066817,5.0
24.070419875527907,52.87172036404558,1101.6178354214044,35.64045975812162,39.69332946066817,5,1,1,3,23,19620.0,24.019394753048516,52.820695241566185,1211.5491428428547,35.83061568363299,39.81573914761544,6.0
24.019394753048516,52.820695241566185,1211.5491428428547,35.83061568363299,39.81573914761544,6,0,1,3,21,19680.0,24.030621793746203,52.69064568062668,0.0,35.81905032677817,39.942034111304984,5.0
24.030621793746203,52.69064568062668,0.0,35.81905032677817,39.942034111304984,5,0,1,3,22,19740.0,24.040181408030637,52.563159564933464,0.0,35.940311150520216,40.8094500569186,4.0
24.040181408030637,52.563159564933464,0.0,35.940311150520216,40.8094500569186,4,1,1,4,24,19800.0,23.98795753479796,52.51093569170079,1202.4108844818381,35.74331110497833,41.16380939367757,4.0
23.98795753479796,52.51093569170079,1202.4108844818381,35.74331110497833,41.16380939367757,4,0,2,6,29,19860.0,23.995849379916965,52.39746442872055,0.0,35.66729216008213,41.30737607073906,4.0
23.995849379916965,52.39746442872055,0.0,35.66729216008213,41.30737607073906,4,0,2,6,28,19920.0,24.003738428009637,52.28656354514074,0.0,35.53754119608391,40.92844797273612,3.0
24.003738428009637,52.28656354514074,0.0,35.53754119608391,40.92844797273612,3,1,1,2,21,19980.0,23.946695940758215,52.229521057889315,1265.20561354053,35.59838197146383,42.31143777995575,2.0
23.946695940758215,52.229521057889315,1265.20561354053,35.59838197146383,42.31143777995575,2,1,2,4,22,20040.0,23.87224289157251,52.13034022510998,1580.1621077345915,35.45949115436092,42.01388606063189,1.0
23.87224289157251,52.13034022510998,1580.1621077345915,35.45949115436092,42.01388606063189,1,0,3,6,23,20100.0,23.875129133181268,52.029175683465205,0.0,35.60134428887572,40.76998173236435,1.0
23.875129133181268,52.029175683465205,0.0,35.60134428887572,40.76998173236435,1,1,3,0,27,20160.0,23.928894722926792,51.9165837439542,1271.8678976750302,35.4026102711897,40.64125163990864,1.0
23.928894722926792,51.9165837439542,1271.8678976750302,35.4026102711897,40.64125163990864,1,1,1,2,18,20220.0,23.860472719623687,51.84816174065109,1426.0892097609735,35.31091751665671,40.80456374869121,1.0
23.860472719623687,51.84816174065109,1426.0892097609735,35.31091751665671,40.80456374869121,1,0,1,6,21,20280.0,23.863354401116922,51.73772576073149,0.0,35.32270596726704,40.718888252289396,1.0
23.863354401116922,51.73772576073149,0.0,35.32270596726704,40.718888252289396,1,1,3,4,30,20340.0,23.93523712388351,51.627537385647074,1725.0186095262832,35.28655969059764,40.927111271340124,1.0
23.93523712388351,51.627537385647074,1725.0186095262832,35.28655969059764,40.927111271340124,1,1,3,1,24,20400.0,23.98446510354623,51.520533124504006,1158.7400560957271,35.39874547622069,42.08713163234875,0.0
23.98446510354623,51.520533124504006,1158.7400560957271,35.39874547622069,42.08713163234875,0,0,3,3,24,20460.0,23.985678912891988,51.426199109582456,0.0,35.464481972559646,41.451927260359035,0.0
23.985678912891988,51.426199109582456,0.0,35.464481972559646,41.451927260359035,0,0,3,5,21,20520.0,23.986894872993975,51.32645639109022,0.0,35.5558591346982,40.67906236701367,0.0
23.986894872993975,51.32645639109022,0.0,35.5558591346982,40.67906236701367,0,0,2,6,25,20580.0,23.988113838469367,51.21998245084945,0.0,35.48592731391544,41.26029151030983,1.0
23.988113838469367,51.21998245084945,0.0,35.48592731391544,41.26029151030983,1,0,1,4,26,20640.0,23.990997098918548,51.12038554144405,0.0,35.43443138798337,41.695829374732625,2.0
23.990997098918548,51.12038554144405,0.0,35.43443138798337,41.695829374732625,2,1,1,6,27,20700.0,24.055368620937664,51.18475706346317,1495.5851885702943,35.502324516989304,41.6273316300114,2.0
24.055368620937664,51.18475706346317,1495.5851885702943,35.502324516989304,41.6273316300114,2,1,3,6,26,20760.0,24.122678498544985,51.08918280912865,1569.0411436029572,35.442943376182434,41.54451592485258,2.0
24.122678498544985,51.08918280912865,1569.0411436029572,35.442943376182434,41.54451592485258,2,1,3,5,29,20820.0,24.195635141503242,50.99373614028589,1710.3158532250325,35.32761013586186,40.70084375129723,2.0
24.195635141503242,50.99373614028589,1710.3158532250325,35.32761013586186,40.70084375129723,2,0,2,1,28,20880.0,24.200172874003055,50.890807216396006,0.0,35.256708040098815,41.677473320060514,2.0
24.200172874003055,50.890807216396006,0.0,35.256708040098815,41.677473320060514,2,0,1,1,24,20940.0,24.204708091841926,50.79867387743265,0.0,35.29675617874945,41.74300591316844,2.0
24.204708091841926,50.79867387743265,0.0,35.29675617874945,41.74300591316844,2,0,1,1,23,21000.0,24.209244493444825,50.70811719779,0.0,35.256557422981885,42.10818700833541,2.0
24.209244493444825,50.70811719779,0.0,35.256557422981885,42.10818700833541,2,1,1,3,28,21060.0,24.268498141540885,50.76737084588606,1367.9684416269226,35.15739137871852,42.452902793592976,1.0
24.268498141540885,50.76737084588606,1367.9684416269226,35.15739137871852,42.452902793592976,1,0,3,4,25,21120.0,24.27136110464879,50.684226165363135,0.0,35.17587816710378,43.14826903738875,0.0
24.27136110464879,50.684226165363135,0.0,35.17587816710378,43.14826903738875,0,1,1,1,29,21180.0,24.32448806356444,50.73735312427878,1298.2535420059385,35.098804461133696,42.92812064383497,0.0
24.32448806356444,50.73735312427878,1298.2535420059385,35.098804461133696,42.92812064383497,0,1,1,0,24,21240.0,24.274869320618784,50.68773438133313,1016.2244031782221,35.219052235899,43.08669413619021,0.0
24.274869320618784,50.68773438133313,1016.2244031782221,35.219052235899,43.08669413619021,0,1,2,3,19,21300.0,24.18886916089316,50.6117239788817,1743.9659831226961,35.12252897581116,42.7810594365928,0.0
24.18886916089316,50.6117239788817,1743.9659831226961,35.12252897581116,42.7810594365928,0,1,3,1,30,21360.0,24.24969066179199,50.53341733345881,1490.59280595842,35.276696256990796,41.99135194184627,0.0
24.24969066179199,50.53341733345881,1490.59280595842,35.276696256990796,41.99135194184627,0,1,3,5,22,21420.0,24.17440825032859,50.44799667954268,1529.6662329981993,35.31656577535302,41.74673232534672,0.0
24.17440825032859,50.44799667954268,1529.6662329981993,35.31656577535302,41.74673232534672,0,1,1,3,24,21480.0,24.117611565193062,50.39119999440716,1160.028474393894,35.35261729684747,41.01023913147584,0.0
24.117611565193062,50.39119999440716,1160.028474393894,35.35261729684747,41.01023913147584,0,0,1,3,23,21540.0,24.118819398717452,50.297390385777845,0.0,35.33056868143073,40.877931779789776,0.0
24.118819398717452,50.297390385777845,0.0,35.33056868143073,40.877931779789776,0,1,1,3,28,21600.0,24.174953172409825,50.35352415947022,1373.1678845737465,35.304104412800655,40.19639260734093,0.0
24.174953172409825,50.35352415947022,1373.1678845737465,35.304104412800655,40.19639260734093,0,1,1,5,19,21660.0,24.097485748787392,50.27605673584779,1573.4345732756142,35.348524245529724,40.74705408620881,0.0
24.097485748787392,50.27605673584779,1573.4345732756142,35.348524245529724,40.74705408620881,0,0,3,6,24,21720.0,24.098694116737285,50.180766709351396,0.0,35.21411978268254,40.99971733624785,0.0
24.098694116737285,50.180766709351396,0.0,35.21411978268254,40.99971733624785,0,0,2,4,24,21780.0,24.099897964259483,50.08895621562036,0.0,35.145223941536685,41.457264706039325,0.0
24.099897964259483,50.08895621562036,0.0,35.145223941536685,41.457264706039325,0,1,3,6,30,21840.0,24.175173766947612,50.00263930052455,1851.857295555447,35.059321187649815,41.8640387260246,0.0
24.175173766947612,50.00263930052455,1851.857295555447,35.059321187649815,41.8640387260246,0,1,1,4,20,21900.0,24.103844383894128,49.93130991747107,1450.5104260168569,35.02493296816855,42.15155524357911,0.0
24.103844383894128,49.93130991747107,1450.5104260168569,35.02493296816855,42.15155524357911,0,0,1,2,30,21960.0,24.105041753513603,49.85351237073215,0.0,35.13048742838175,43.526916758847776,1.0
24.105041753513603,49.85351237073215,0.0,35.13048742838175,43.526916758847776,1,1,1,4,26,22020.0,24.160457168161,49.90892778537955,1313.6974947891838,34.865577474055044,44.20266821057584,1.0
24.160457168161,49.90892778537955,1313.6974947891838,34.865577474055044,44.20266821057584,1,1,1,0,19,22080.0,24.100412862584125,49.84888347980267,1258.0228584080498,34.85643751830413,44.16222896164311,1.0
24.100412862584125,49.84888347980267,1258.0228584080498,34.85643751830413,44.16222896164311,1,0,1,6,28,22140.0,24.103271396739316,49.792016934621074,0.0,34.96700068745654,44.623080704193285,0.0
24.103271396739316,49.792016934621074,0.0,34.96700068745654,44.623080704193285,0,0,2,3,19,22200.0,24.10446685438234,49.740327572316794,0.0,34.870781769458475,44.87430433755779,0.0
24.10446685438234,49.740327572316794,0.0,34.870781769458475,44.87430433755779,0,1,3,0,25,22260.0,24.15162923779987,49.6916673399692,1149.2543230089714,34.96604981074264,45.78950126562187,0.0
24.15162923779987,49.6916673399692,1149.2543230089714,34.96604981074264,45.78950126562187,0,1,3,1,25,22320.0,24.20098278827965,49.65264567922573,1203.9934115170574,35.01895144073185,45.81797848574932,0.0
24.20098278827965,49.65264567922573,1203.9934115170574,35.01895144073185,45.81797848574932,0,0,1,3,23,22380.0,24.202176720568065,49.61429900729097,0.0,34.89280954155671,46.07164899669576,0.0
24.202176720568065,49.61429900729097,0.0,34.89280954155671,46.07164899669576,0,0,3,3,30,22440.0,24.203366408328765,49.57887250718502,0.0,34.80306038523999,45.415557757931865,0.0
24.203366408328765,49.57887250718502,0.0,34.80306038523999,45.415557757931865,0,0,2,5,23,22500.0,24.204553064794663,49.537239359692485,0.0,34.79532425047807,46.29476668662143,0.0
24.204553064794663,49.537239359692485,0.0,34.79532425047807,46.29476668662143,0,1,3,5,20,22560.0,24.122536272673955,49.504814632961775,1664.063023204633,34.917406380359374,45.85637979601551,0.0
24.122536272673955,49.504814632961775,1664.063023204633,34.917406380359374,45.85637979601551,0,0,3,3,30,22620.0,24.123729435010876,49.46833028459231,0.0,34.94801845046057,46.24852968087682,0.0
24.123729435010876,49.46833028459231,0.0,34.94801845046057,46.24852968087682,0,1,3,3,23,22680.0,24.058119783639835,49.43613227855516,1336.0758867644379,34.96459178654707,45.97346330581667,0.0
24.058119783639835,49.43613227855516,1336.0758867644379,34.96459178654707,45.97346330581667,0,1,3,6,23,22740.0,23.98403388781342,49.401505588827774,1505.6555645302483,35.10140163472345,45.38909279157011,0.0
23.98403388781342,49.401505588827774,1505.6555645302483,35.10140163472345,45.38909279157011,0,1,1,2,19,22800.0,23.916531706880164,49.334003407894514,1374.121863829738,34.98337327434116,45.52086616185919,0.0
23.916531706880164,49.334003407894514,1374.121863829738,34.98337327434116,45.52086616185919,0,0,2,2,25,22860.0,23.917733934932414,49.29587203543416,0.0,34.96502455004131,44.685966085311016,0.0
23.917733934932414,49.29587203543416,0.0,34.96502455004131,44.685966085311016,0,0,1,4,30,22920.0,23.91893551128625,49.24977297593293,0.0,34.83510499821008,44.49893626051537,0.0
23.91893551128625,49.24977297593293,0.0,34.83510499821008,44.49893626051537,0,0,3,3,22,22980.0,23.920132716935814,49.202264608778755,0.0,34.742267831227856,44.78281479905841,0.0
23.920132716935814,49.202264608778755,0.0,34.742267831227856,44.78281479905841,0,0,1,4,23,23040.0,23.921326788106292,49.15807011068155,0.0,34.71514731190178,44.47715340944885,0.0
23.921326788106292,49.15807011068155,0.0,34.71514731190178,44.47715340944885,0,0,3,0,25,23100.0,23.922519915457084,49.11126094366922,0.0,34.62620243697783,44.312911923743584,0.0
23.922519915457084,49.11126094366922,0.0,34.62620243697783,44.312911923743584,0,0,1,0,29,23160.0,23.9237100382078,49.063277453469965,0.0,34.64899540397882,43.823507318344056,0.0
23.9237100382078,49.063277453469965,0.0,34.64899540397882,43.823507318344056,0,0,3,0,23,23220.0,23.924900881053325,49.010879752118704,0.0,34.663429750708495,44.236828086039004,0.0
23.924900881053325,49.010879752118704,0.0,34.663429750708495,44.236828086039004,0,1,3,1,19,23280.0,23.85412151405494,48.96313923545791,1439.4130258808295,34.86461235035276,43.55225981736427,0.0
23.85412151405494,48.96313923545791,1439.4130258808295,34.86461235035276,43.55225981736427,0,0,3,6,27,23340.0,23.85532186374948,48.909030441276975,0.0,34.93938256186592,44.02661327611081,0.0
23.85532186374948,48.909030441276975,0.0,34.93938256186592,44.02661327611081,0,0,1,6,21,23400.0,23.856524665772753,48.860206269625316,0.0,35.07307460562239,44.617896139641246,0.0
23.856524665772753,48.860206269625316,0.0,35.07307460562239,44.617896139641246,0,1,3,2,26,23460.0,23.91131909441291,48.81778316832548,1339.6802577207484,35.06233912655099,45.1176056559802,0.0
23.91131909441291,48.81778316832548,1339.6802577207484,35.06233912655099,45.1176056559802,0,1,1,4,21,23520.0,23.843790171130742,48.75025424504331,1374.6791456647748,35.12728886303691,44.93564595923538,0.0
23.843790171130742,48.75025424504331,1374.6791456647748,35.12728886303691,44.93564595923538,0,0,2,4,28,23580.0,23.84499962108714,48.71210816218523,0.0,35.079902376020954,44.75274612283863,0.0
23.84499962108714,48.71210816218523,0.0,35.079902376020954,44.75274612283863,0,1,1,1,29,23640.0,23.89903295197469,48.76614149307278,1320.6375198929252,35.1590820173013,45.14565212748703,0.0
23.89903295197469,48.76614149307278,1320.6375198929252,35.1590820173013,45.14565212748703,0,0,3,6,22,23700.0,23.900241620276866,48.729936599416924,0.0,35.141172688799685,45.343562018034994,0.0
23.900241620276866,48.729936599416924,0.0,35.141172688799685,45.343562018034994,0,0,3,1,21,23760.0,23.901449651312483,48.696072853603106,0.0,35.0425923079329,45.20148446907059,0.0
23.901449651312483,48.696072853603106,0.0,35.0425923079329,45.20148446907059,0,0,2,6,23,23820.0,23.902654356067703,48.66112696975778,0.0,34.943164636764,45.014002430096696,0.0
23.902654356067703,48.66112696975778,0.0,34.943164636764,45.014002430096696,0,0,3,5,28,23880.0,23.903855706410393,48.62465572436117,0.0,34.94422886108727,44.90188732679432,1.0
23.903855706410393,48.62465572436117,0.0,34.94422886108727,44.90188732679432,1,0,3,0,29,23940.0,23.906723718848884,48.587428040385504,0.0,34.79341007565188,44.323398089223176,0.0
23.906723718848884,48.587428040385504,0.0,34.79341007565188,44.323398089223176,0,1,3,1,29,24000.0,23.965885409936902,48.54478774087388,1449.1367052364772,34.75746119663152,45.575296202857565,0.0
23.965885409936902,48.54478774087388,1449.1367052364772,34.75746119663152,45.575296202857565,0,0,3,1,19,24060.0,23.967078462463125,48.51509282549372,0.0,34.801135550709866,45.455297094034286,0.0
23.967078462463125,48.51509282549372,0.0,34.801135550709866,45.455297094034286,0,1,1,6,18,24120.0,23.883879926029728,48.431894289060324,1687.8601000601032,34.68716638020514,45.814434297521515,0.0
23.883879926029728,48.431894289060324,1687.8601000601032,34.68716638020514,45.814434297521515,0,1,3,2,23,24180.0,23.821899632135295,48.40571968914494,1263.4747355247985,34.685730933548726,45.74937298267657,0.0
23.821899632135295,48.40571968914494,1263.4747355247985,34.685730933548726,45.74937298267657,0,0,2,2,25,24240.0,23.823095093178676,48.379156222080255,0.0,34.64647667772563,46.09543273522081,0.0
23.823095093178676,48.379156222080255,0.0,34.64647667772563,46.09543273522081,0,0,1,4,25,24300.0,23.82428920589816,48.35631898721166,0.0,34.53217474651826,46.50551182859855,0.0
23.82428920589816,48.35631898721166,0.0,34.53217474651826,46.50551182859855,0,1,3,2,18,24360.0,23.747360993901673,48.337810915625525,1562.3694969568387,34.65134549622896,46.463652848673945,0.0
23.747360993901673,48.337810915625525,1562.3694969568387,34.65134549622896,46.463652848673945,0,0,2,4,18,24420.0,23.748557793385082,48.31906933495601,0.0,34.71165496472385,46.03838520930042,0.0
23.748557793385082,48.31906933495601,0.0,34.71165496472385,46.03838520930042,0,0,1,2,21,24480.0,23.749756563290795,48.29626249369946,0.0,34.69660852474154,46.372215605623886,0.0
23.749756563290795,48.29626249369946,0.0,34.69660852474154,46.372215605623886,0,0,3,6,18,24540.0,23.75095479168951,48.277022024818706,0.0,34.618513005554945,46.16032787781989,0.0
23.75095479168951,48.277022024818706,0.0,34.618513005554945,46.16032787781989,0,1,3,6,23,24600.0,23.677965713583013,48.25585508334872,1483.6932676058,34.709475118696844,45.971872715614964,0.0
23.677965713583013,48.25585508334872,1483.6932676058,34.709475118696844,45.971872715614964,0,1,3,4,26,24660.0,23.73809693441266,48.23301525967138,1473.254262903521,34.700617215614876,46.03731945958686,0.0
23.73809693441266,48.23301525967138,1473.254262903521,34.700617215614876,46.03731945958686,0,1,1,4,19,24720.0,23.665081394285462,48.15999971954419,1484.2858160647595,34.686450237079214,45.40760315436808,0.0
23.665081394285462,48.15999971954419,1484.2858160647595,34.686450237079214,45.40760315436808,0,0,2,5,25,24780.0,23.666282106580223,48.13247575389243,0.0,34.62572101858443,44.20154620184287,0.0
23.666282106580223,48.13247575389243,0.0,34.62572101858443,44.20154620184287,0,1,1,3,22,24840.0,23.605190193487537,48.07138384079974,1245.8112211283628,34.749860251715745,44.02705517630871,0.0
23.605190193487537,48.07138384079974,1245.8112211283628,34.749860251715745,44.02705517630871,0,1,1,2,18,24900.0,23.53598074279072,48.00217439010292,1408.2854606418146,34.77009293320416,44.2981001387089,0.0
23.53598074279072,48.00217439010292,1408.2854606418146,34.77009293320416,44.2981001387089,0,0,1,4,21,24960.0,23.537188546530402,47.965133647588985,0.0,34.69039900715846,45.62217213158564,0.0
23.537188546530402,47.965133647588985,0.0,34.69039900715846,45.62217213158564,0,0,2,5,23,25020.0,23.538393653545757,47.94170403242895,0.0,34.7455384621176,45.97351832399502,0.0
23.538393653545757,47.94170403242895,0.0,34.7455384621176,45.97351832399502,0,0,1,6,18,25080.0,23.539600558372708,47.922022175344615,0.0,34.641976227370066,46.52705044202759,0.0
23.539600558372708,47.922022175344615,0.0,34.641976227370066,46.52705044202759,0,0,1,3,27,25140.0,23.54080397089501,47.908072458011446,0.0,34.63132743905201,46.300154199445544,0.0
23.54080397089501,47.908072458011446,0.0,34.63132743905201,46.300154199445544,0,0,3,6,30,25200.0,23.542006988343946,47.89199327542579,0.0,34.74516899111758,46.31416065712499,0.0
27.78046306483199,49.214672004833474,0.0,34.77681082607326,64.49696227626305,9,0,2,5,27,60.0,27.796529609757368,49.36749490754777,0.0,34.79938697838443,64.50576890222987,9.0
27.796529609757368,49.36749490754777,0.0,34.79938697838443,64.50576890222987,9,0,2,5,26,120.0,27.812596371669656,49.51887764749459,0.0,34.86585725291774,64.22930848354622,9.0
27.812596371669656,49.51887764749459,0.0,34.86585725291774,64.22930848354622,9,1,1,5,18,180.0,27.735500450037563,49.4417817258625,1863.2872732293536,34.87741705262411,63.671106093571204,9.0
27.735500450037563,49.4417817258625,1863.2872732293536,34.87741705262411,63.671106093571204,9,0,3,3,20,240.0,27.751571847257647,49.584074969539586,0.0,34.78754033017137,62.66963158323512,10.0
27.751571847257647,49.584074969539586,0.0,34.78754033017137,62.66963158323512,10,0,1,1,19,300.0,27.76930637954041,49.714930535676544,0.0,34.74192975665731,63.15219837852131,10.0
27.76930637954041,49.714930535676544,0.0,34.74192975665731,63.15219837852131,10,1,2,6,26,360.0,27.70213850543944,49.84930321410499,1698.005897604152,34.643550364888235,63.647597422697416,10.0
27.70213850543944,49.84930321410499,1698.005897604152,34.643550364888235,63.647597422697416,10,1,1,0,21,420.0,27.653114539571156,49.800279248236706,1335.1069252719722,34.63431622858905,63.00220298962212,10.0
27.653114539571156,49.800279248236706,1335.1069252719722,34.63431622858905,63.00220298962212,10,0,1,5,25,480.0,27.670847246294123,49.93229848565056,0.0,34.602114910868266,62.881706392694525,10.0
27.670847246294123,49.93229848565056,0.0,34.602114910868266,62.881706392694525,10,0,1,2,24,540.0,27.68857828854961,50.061792564721,0.0,34.60746719065817,63.00317506990738,10.0
27.68857828854961,50.061792564721,0.0,34.60746719065817,63.00317506990738,10,0,2,5,24,600.0,27.70630891817968,50.191206389772866,0.0,34.77166961216266,63.37998721254337,10.0
27.70630891817968,50.191206389772866,0.0,34.77166961216266,63.37998721254337,10,1,2,5,26,660.0,27.64264577175964,50.32309419800057,1627.973168863476,34.67228334467917,63.59008298399087,10.0
27.64264577175964,50.32309419800057,1627.973168863476,34.67228334467917,63.59008298399087,10,1,2,4,18,720.0,27.553666568233734,50.45576408586047,2134.270495566694,34.63400162571788,63.52821851085345,10.0
27.553666568233734,50.45576408586047,2134.270495566694,34.63400162571788,63.52821851085345,10,0,1,4,19,780.0,27.571402579402317,50.5864886301104,0.0,34.59401171950476,63.662865887143816,11.0
27.571402579402317,50.5864886301104,0.0,34.59401171950476,63.662865887143816,11,1,1,1,20,840.0,27.51842840126939,50.533514451977474,1447.4986354186215,34.47639438584928,63.906646035687174,11.0
27.51842840126939,50.533514451977474,1447.4986354186215,34.47639438584928,63.906646035687174,11,0,3,2,27,900.0,27.537827000135543,50.66724576781457,0.0,34.59458349514528,64.14710008206163,10.0
27.537827000135543,50.66724576781457,0.0,34.59458349514528,64.14710008206163,10,1,2,6,27,960.0,27.475464700051514,50.802044310957044,1601.9505060105723,34.62434398942499,63.60491447783306,10.0
27.475464700051514,50.802044310957044,1601.9505060105723,34.62434398942499,63.60491447783306,10,0,1,1,20,1020.0,27.493202996027826,50.930073012625805,0.0,34.546214318742685,63.092418320923684,10.0
27.493202996027826,50.930073012625805,0.0,34.546214318742685,63.092418320923684,10,0,3,5,28,1080.0,27.51093809640525,51.05169646570879,0.0,34.457367998506804,63.40030774546765,10.0
27.51093809640525,51.05169646570879,0.0,34.457367998506804,63.40030774546765,10,0,2,6,30,1140.0,27.528669644068653,51.17518257850637,0.0,34.586974304684944,62.84672933706642,9.0
27.528669644068653,51.17518257850637,0.0,34.586974304684944,62.84672933706642,9,0,3,1,26,1200.0,27.544738254224008,51.29189804609197,0.0,34.44739538446569,63.14240395794562,9.0
27.544738254224008,51.29189804609197,0.0,34.44739538446569,63.14240395794562,9,1,2,0,18,1260.0,27.47216746136568,51.410403105210506,1772.6842952534405,34.50396708242098,62.92482212663152,9.0
27.47216746136568,51.410403105210506,1772.6842952534405,34.50396708242098,62.92482212663152,9,1,1,3,18,1320.0,27.403502706568286,51.34173835041311,1694.6496290285265,34.52129755234956,62.44668339784895,9.0
27.403502706568286,51.34173835041311,1694.6496290285265,34.52129755234956,62.44668339784895,9,0,1,1,24,1380.0,27.419573299729812,51.45278780088747,0.0,34.47883819440154,62.336426855520116,9.0
27.419573299729812,51.45278780088747,0.0,34.47883819440154,62.336426855520116,9,1,1,4,19,1440.0,27.350383221993777,51.38359772315144,1705.1743979837888,34.49968867651786,62.25661894289601,9.0
25.020081977391822,51.662556469057385,0.0,26.579306405916086,51.63535782313479,4,0,3,1,21,60.0,25.02763395153944,51.66228448259816,0.0,26.774636731490684,51.57099015337083,4.0
25.02763395153944,51.66228448259816,0.0,26.774636731490684,51.57099015337083,4,1,1,2,19,120.0,24.963616191598703,51.59826672265743,1431.519867334669,26.78522297129549,51.98332382057611,4.0
24.963616191598703,51.59826672265743,1431.519867334669,26.78522297129549,51.98332382057611,4,1,3,2,28,180.0,25.026924960641026,51.60211729363662,1393.7012204082785,26.83588337404569,52.20875225382032,5.0
25.026924960641026,51.60211729363662,1393.7012204082785,26.83588337404569,52.20875225382032,5,1,3,5,21,240.0,24.95355937136927,51.608183643238455,1651.8510910440707,26.878817456325862,52.3985720780133,5.0
24.95355937136927,51.608183643238455,1651.8510910440707,26.878817456325862,52.3985720780133,5,1,2,1,25,300.0,25.013307243689585,51.6160875275862,1262.925759603736,26.80461911351667,53.044389691393526,5.0
25.013307243689585,51.6160875275862,1262.925759603736,26.80461911351667,53.044389691393526,5,0,2,2,27,360.0,25.02253362075191,51.630370549224274,0.0,26.739178923999816,52.579057582413334,5.0
25.02253362075191,51.630370549224274,0.0,26.739178923999816,52.579057582413334,5,0,3,3,21,420.0,25.031757508928685,51.639857419556165,0.0,26.65076307600544,51.284849266311234,5.0
25.031757508928685,51.639857419556165,0.0,26.65076307600544,51.284849266311234,5,0,2,5,19,480.0,25.04097814244759,51.63630733802371,0.0,26.664510710519554,52.329520591237134,5.0
25.04097814244759,51.63630733802371,0.0,26.664510710519554,52.329520591237134,5,1,1,6,30,540.0,25.11509238369616,51.710421579272285,1622.3364207409068,26.760541190147702,52.56076240327056,5.0
25.11509238369616,51.710421579272285,1622.3364207409068,26.760541190147702,52.56076240327056,5,0,2,2,24,600.0,25.124313898656375,51.71892498751227,0.0,26.84929158688911,52.9411857304263,6.0
25.124313898656375,51.71892498751227,0.0,26.84929158688911,52.9411857304263,6,1,1,5,23,660.0,25.06606625031268,51.66067733916857,1382.7696186660235,26.71643362111671,52.935513135538656,6.0
25.06606625031268,51.66067733916857,1382.7696186660235,26.71643362111671,52.935513135538656,6,1,2,4,20,720.0,24.98671675739058,51.673425697132274,1804.7567700225131,26.740668348953182,52.26244511756069,6.0
24.98671675739058,51.673425697132274,1804.7567700225131,26.740668348953182,52.26244511756069,6,0,3,4,24,780.0,24.997608555776967,51.67931589133656,0.0,26.707773940417454,52.442096407603565,6.0
24.997608555776967,51.67931589133656,0.0,26.707773940417454,52.442096407603565,6,0,1,4,26,840.0,25.008498894623123,51.68694369649923,0.0,26.591020518886182,52.70237293646978,6.0
25.008498894623123,51.68694369649923,0.0,26.591020518886182,52.70237293646978,6,0,1,2,23,900.0,25.019384978677266,51.69709798889893,0.0,26.632073720327107,53.142515475961666,6.0
25.019384978677266,51.69709798889893,0.0,26.632073720327107,53.142515475961666,6,1,2,3,23,960.0,24.954305190125552,51.71155216376956,1519.3375635287314,26.463127986495586,53.2391756383389,5.0
24.954305190125552,51.71155216376956,1519.3375635287314,26.463127986495586,53.2391756383389,5,0,3,5,20,1020.0,24.96352215088543,51.72682839851525,0.0,26.393631387365648,53.22526186602426,5.0
24.96352215088543,51.72682839851525,0.0,26.393631387365648,53.22526186602426,5,0,2,0,21,1080.0,24.97273648785998,51.74181273319034,0.0,26.293711416815544,53.33516023352331,5.0
24.97273648785998,51.74181273319034,0.0,26.293711416815544,53.33516023352331,5,1,1,2,28,1140.0,25.032607166750985,51.801683412081346,1266.499493167701,26.42996770208679,54.15546751526745,5.0
25.032607166750985,51.801683412081346,1266.499493167701,26.42996770208679,54.15546751526745,5,0,1,3,27,1200.0,25.04182041210216,51.825221253113206,0.0,26.370856028348317,54.537097976204876,5.0
25.04182041210216,51.825221253113206,0.0,26.370856028348317,54.537097976204876,5,0,2,5,19,1260.0,25.051031379956036,51.85234002034412,0.0,26.41520840219456,53.68603362293568,5.0
25.051031379956036,51.85234002034412,0.0,26.41520840219456,53.68603362293568,5,1,3,6,26,1320.0,25.120157569443435,51.87067695637004,1497.8512563331433,26.533531119565843,53.256627258975335,4.0
25.120157569443435,51.87067695637004,1497.8512563331433,26.533531119565843,53.256627258975335,4,1,2,6,27,1380.0,25.195969790278443,51.884536459396095,1706.627709583412,26.547360931245834,53.00451677701425,3.0
25.195969790278443,51.884536459396095,1706.627709583412,26.547360931245834,53.00451677701425,3,1,1,5,22,1440.0,25.129360764388522,51.81792743350617,1449.7481118924027,26.51310322403768,52.12172537579549,3.0
25.129360764388522,51.81792743350617,1449.7481118924027,26.51310322403768,52.12172537579549,3,1,1,3,29,1500.0,25.190142692712417,51.87870936183006,1372.56175604766,26.441596901973934,51.816774994359534,3.0
25.190142692712417,51.87870936183006,1372.56175604766,26.441596901973934,51.816774994359534,3,1,2,1,26,1560.0,25.248458581600424,51.878090018155355,1311.0210103591178,26.559351374450895,51.71048568036525,3.0
25.248458581600424,51.878090018155355,1311.0210103591178,26.559351374450895,51.71048568036525,3,1,3,2,19,1620.0,25.174934024150843,51.876413974777456,1588.0317441868256,26.68837275565032,51.06531013799308,3.0
25.174934024150843,51.876413974777456,1588.0317441868256,26.68837275565032,51.06531013799308,3,1,1,1,24,1680.0,25.125233603628498,51.82671355425511,1111.6840362679193,26.848226566859953,51.46637436730214,3.0
25.125233603628498,51.82671355425511,1111.6840362679193,26.848226566859953,51.46637436730214,3,0,2,2,27,1740.0,25.131124370060604,51.823110162385575,0.0,26.767288484751678,51.944725960494964,3.0
25.131124370060604,51.823110162385575,0.0,26.767288484751678,51.944725960494964,3,0,1,1,26,1800.0,25.13701224219776,51.824326320366666,0.0,26.643704710616454,52.031913653332474,2.0
25.13701224219776,51.824326320366666,0.0,26.643704710616454,52.031913653332474,2,0,2,2,27,1860.0,25.141229131946705,51.826402193696325,0.0,26.54965868163788,52.0492260227121,1.0
25.141229131946705,51.826402193696325,0.0,26.54965868163788,52.0492260227121,1,0,1,5,29,1920.0,25.14377607959836,51.82863043198648,0.0,26.57319047778179,51.779174475912704,2.0
25.14377607959836,51.82863043198648,0.0,26.57319047778179,51.779174475912704,2,1,3,5,29,1980.0,25.213595009192737,51.82813587242575,1640.1153945276128,26.526955225402457,51.984898639707,2.0
25.213595009192737,51.82813587242575,1640.1153945276128,26.526955225402457,51.984898639707,2,1,1,0,22,2040.0,25.159771467010295,51.774312330243305,1160.6797504596368,26.614542871602335,51.751584945927455,2.0
25.159771467010295,51.774312330243305,1160.6797504596368,26.614542871602335,51.751584945927455,2,1,3,6,21,2100.0,25.07761544306255,51.774085056400146,1727.423659891236,26.598220228779244,52.56149724841878,2.0
25.07761544306255,51.774085056400146,1727.423659891236,26.598220228779244,52.56149724841878,2,0,3,4,22,2160.0,25.08183279655541,51.781959178320335,0.0,26.48089327317885,52.50910128997142,3.0
25.08183279655541,51.781959178320335,0.0,26.48089327317885,52.50910128997142,3,0,3,5,30,2220.0,25.087712765237963,51.78923059943685,0.0,26.422214970227902,53.00626932991038,2.0
25.087712765237963,51.78923059943685,0.0,26.422214970227902,53.00626932991038,2,1,1,3,26,2280.0,25.140022175951415,51.8415400101503,1202.456515998817,26.508173457462256,53.04617007193975,2.0
25.140022175951415,51.8415400101503,1202.456515998817,26.508173457462256,53.04617007193975,2,0,2,5,19,2340.0,25.1442344476608,51.85358631076819,0.0,26.398311414944473,53.75642221557528,3.0
25.1442344476608,51.85358631076819,0.0,26.398311414944473,53.75642221557528,3,0,3,0,25,2400.0,25.150109583559708,51.872614669816265,0.0,26.312007924236173,52.94495571423466,3.0
25.150109583559708,51.872614669816265,0.0,26.312007924236173,52.94495571423466,3,1,3,1,25,2460.0,25.097798205415202,51.88333808026045,1163.668828450573,26.21142256776128,52.09030086658914,3.0
25.097798205415202,51.88333808026045,1163.668828450573,26.21142256776128,52.09030086658914,3,0,1,4,19,2520.0,25.103668659560615,51.885407708123736,0.0,26.24085668652312,52.92295538961918,3.0
25.103668659560615,51.885407708123736,0.0,26.24085668652312,52.92295538961918,3,1,1,0,30,2580.0,25.159332561842394,51.941071610405515,1244.8165670219694,26.160112464015697,52.423977746107596,4.0
25.159332561842394,51.941071610405515,1244.8165670219694,26.160112464015697,52.423977746107596,4,1,2,0,24,2640.0,25.103387923486938,51.94590067176254,1269.5599537105436,26.08097401540749,52.59369552351305,5.0
25.103387923486938,51.94590067176254,1269.5599537105436,26.08097401540749,52.59369552351305,5,1,2,5,24,2700.0,25.033449471643593,51.952378620280044,1582.7540942615203,26.144589563911435,51.78192883131385,5.0
25.033449471643593,51.952378620280044,1582.7540942615203,26.144589563911435,51.78192883131385,5,1,3,5,25,2760.0,24.97378819375456,51.95067412239038,1377.299651175497,26.15961189940512,50.80070871889043,5.0
24.97378819375456,51.95067412239038,1377.299651175497,26.15961189940512,50.80070871889043,5,1,1,6,30,2820.0,25.04806253857432,52.02494846721014,1626.7037674059534,26.146538192733797,51.353179680005915,5.0
25.04806253857432,52.02494846721014,1626.7037674059534,26.146538192733797,51.353179680005915,5,1,3,5,18,2880.0,24.964288106119778,52.0182307793381,1859.5542995269846,26.069957194727927,51.33591878009026,5.0
24.964288106119778,52.0182307793381,1859.5542995269846,26.069957194727927,51.33591878009026,5,0,3,1,24,2940.0,24.97349162842273,52.01140765934562,0.0,26.015520836577018,51.80158924168176,5.0
24.97349162842273,52.01140765934562,0.0,26.015520836577018,51.80158924168176,5,0,1,2,30,3000.0,24.982693029396337,52.00930947516898,0.0,25.985783228652707,51.678397540424484,5.0
24.982693029396337,52.00930947516898,0.0,25.985783228652707,51.678397540424484,5,0,3,0,29,3060.0,24.99189313240298,52.00600035582154,0.0,25.96616441406746,51.34282573704292,5.0
24.567305928858403,46.58461230682789,0.0,16.04963420199455,63.50708860017852,9,1,3,3,20,60.0,24.505161234800827,46.753837069761396,1553.882100000294,15.94302087484722,63.5376947858759,10.0
24.505161234800827,46.753837069761396,1553.882100000294,15.94302087484722,63.5376947858759,10,1,1,0,26,120.0,24.56536550765256,46.81404134261313,1074.7419382599585,15.90793239748432,62.89979670822592,11.0
24.56536550765256,46.81404134261313,1074.7419382599585,15.90793239748432,62.89979670822592,11,0,2,0,30,180.0,24.584243593215557,46.97489889626926,0.0,15.947512282355294,63.031572114203314,11.0
24.584243593215557,46.97489889626926,0.0,15.947512282355294,63.031572114203314,11,1,2,6,23,240.0,24.518943818824987,47.1354656284486,1683.5710002708136,15.953779887371493,63.07650019566,11.0
24.518943818824987,47.1354656284486,1683.5710002708136,15.953779887371493,63.07650019566,11,1,2,6,21,300.0,24.446101099133855,47.294875974120714,1834.477617868349,15.779609532063475,62.89086283935288,12.0
24.446101099133855,47.294875974120714,1834.477617868349,15.779609532063475,62.89086283935288,12,1,3,5,26,360.0,24.525918771392334,47.45083584277304,1481.8305494345475,15.712028134960143,62.10507380001329,13.0
24.525918771392334,47.45083584277304,1481.8305494345475,15.712028134960143,62.10507380001329,13,0,3,0,25,420.0,24.548124975037787,47.59737822234544,0.0,15.691505296704563,61.5184955204969,13.0
24.548124975037787,47.59737822234544,0.0,15.691505296704563,61.5184955204969,13,1,1,1,22,480.0,24.51114092632237,47.56039417363002,1183.7765611894838,15.873854443634507,61.39954514461231,13.0
24.51114092632237,47.56039417363002,1183.7765611894838,15.873854443634507,61.39954514461231,13,0,3,0,18,540.0,24.533353016772946,47.69878568333984,0.0,15.932766838401259,61.48382429526133,13.0
24.533353016772946,47.69878568333984,0.0,15.932766838401259,61.48382429526133,13,1,2,2,21,600.0,24.47790626561165,47.836636069459054,1553.2012991070144,16.125604194982152,61.65860034607386,13.0
24.47790626561165,47.836636069459054,1553.2012991070144,16.125604194982152,61.65860034607386,13,1,1,5,28,660.0,24.5589330898786,47.917662893726,1470.1308583992718,16.17034974919545,61.504649174938564,12.0
24.5589330898786,47.917662893726,1470.1308583992718,16.17034974919545,61.504649174938564,12,0,1,5,29,720.0,24.579486803767246,48.05353275653813,0.0,16.118591143948823,61.35551943128111,12.0
24.579486803767246,48.05353275653813,0.0,16.118591143948823,61.35551943128111,12,0,2,0,25,780.0,24.60003810724525,48.186552623285564,0.0,16.13632906104027,60.30558281517158,12.0
24.60003810724525,48.186552623285564,0.0,16.13632906104027,60.30558281517158,12,1,1,4,18,840.0,24.540789202621976,48.12730371866229,1596.002286434715,16.054600686036963,60.69347564356819,12.0
24.540789202621976,48.12730371866229,1596.002286434715,16.054600686036963,60.69347564356819,12,0,2,1,28,900.0,24.561339663004755,48.25296543791135,0.0,16.15180976791261,61.34519236432606,12.0
24.561339663004755,48.25296543791135,0.0,16.15180976791261,61.34519236432606,12,1,2,6,19,960.0,24.4822034539892,48.3838877071755,1993.784493714371,16.076097083231005,61.22633684325312,12.0
24.4822034539892,48.3838877071755,1993.784493714371,16.076097083231005,61.22633684325312,12,0,1,5,25,1020.0,24.50275658377684,48.51231219853627,0.0,16.001060980376824,60.603204836285904,12.0
24.50275658377684,48.51231219853627,0.0,16.001060980376824,60.603204836285904,12,0,2,2,23,1080.0,24.523306527256725,48.63322112491377,0.0,15.943565984838136,60.42698240339789,12.0
24.523306527256725,48.63322112491377,0.0,15.943565984838136,60.42698240339789,12,0,1,0,24,1140.0,24.543853869238646,48.75115873769861,0.0,15.933852873922373,59.429917981658264,12.0
24.543853869238646,48.75115873769861,0.0,15.933852873922373,59.429917981658264,12,1,3,1,19,1200.0,24.490642324491375,48.857946330138205,1475.1575609485317,16.143172667143368,58.673976271876654,13.0
24.490642324491375,48.857946330138205,1475.1575609485317,16.143172667143368,58.673976271876654,13,1,1,6,20,1260.0,24.4332694879482,48.800573493595024,1591.8917510919396,16.065263393205697,58.77559424916967,13.0
24.4332694879482,48.800573493595024,1591.8917510919396,16.065263393205697,58.77559424916967,13,1,1,1,20,1320.0,24.391353222005844,48.75865722765267,1282.7466481172805,16.116124230529042,58.56043958919235,12.0
24.391353222005844,48.75865722765267,1282.7466481172805,16.116124230529042,58.56043958919235,12,1,3,2,23,1380.0,24.347201870876226,48.85667505126807,1294.1768699313536,16.04047566388174,58.73631245262987,11.0
24.347201870876226,48.85667505126807,1294.1768699313536,16.04047566388174,58.73631245262987,11,0,3,4,25,1440.0,24.366091646669325,48.95547142528169,0.0,15.941220102505351,59.203329332616036,11.0
24.366091646669325,48.95547142528169,0.0,15.941220102505351,59.203329332616036,11,0,3,4,20,1500.0,24.38497748428452,49.05795000435503,0.0,15.918781891516218,59.71388011906909,11.0
24.38497748428452,49.05795000435503,0.0,15.918781891516218,59.71388011906909,11,1,2,2,25,1560.0,24.458285603872916,49.16450930550217,1360.5914860372216,16.072075228569773,59.73023399720347,11.0
24.458285603872916,49.16450930550217,1360.5914860372216,16.072075228569773,59.73023399720347,11,0,2,0,21,1620.0,24.47717273019374,49.270166552419184,0.0,16.032435676552126,59.64575139387222,11.0
24.091825874584885,46.58758538604151,0.0,28.86755077037705,72.98736418281138,6,0,3,3,27,60.0,24.102818398748077,46.85158317400921,0.0,28.88363920867623,72.5260678493976,6.0
24.102818398748077,46.85158317400921,0.0,28.88363920867623,72.5260678493976,6,0,2,4,20,120.0,24.113811092775077,47.10832802076309,0.0,28.677298893428283,72.36739260327634,6.0
24.113811092775077,47.10832802076309,0.0,28.677298893428283,72.36739260327634,6,1,2,1,21,180.0,24.05198803742619,47.36091866658822,1456.17009884483,28.611909054595724,72.38104929320207,6.0
24.05198803742619,47.36091866658822,1456.17009884483,28.611909054595724,72.38104929320207,6,1,2,0,21,240.0,23.993817404014486,47.61111997285436,1383.1192822455714,28.496535775523295,71.95848498778876,6.0
23.993817404014486,47.61111997285436,1383.1192822455714,28.496535775523295,71.95848498778876,6,0,1,2,23,300.0,24.004800827960203,47.85459362300371,0.0,28.43623928550808,72.11743917983661,6.0
24.004800827960203,47.85459362300371,0.0,28.43623928550808,72.11743917983661,6,1,1,6,29,360.0,24.080769393756093,47.9305621887996,1624.6879461825868,28.436183655932595,71.83339273504824,6.0
24.080769393756093,47.9305621887996,1624.6879461825868,28.436183655932595,71.83339273504824,6,1,3,4,24,420.0,24.025481368565437,48.16959049426208,1325.3307799879021,28.43593567282028,72.39148676726516,6.0
24.025481368565437,48.16959049426208,1325.3307799879021,28.43593567282028,72.39148676726516,6,0,2,6,18,480.0,24.036461717042247,48.41180945699211,0.0,28.455084957987594,71.9447235247885,6.0
24.036461717042247,48.41180945699211,0.0,28.455084957987594,71.9447235247885,6,0,1,2,22,540.0,24.047442337816946,48.64713859767007,0.0,28.54396226968871,72.1253233966642,6.0
24.047442337816946,48.64713859767007,0.0,28.54396226968871,72.1253233966642,6,0,2,1,30,600.0,24.05842555514801,48.881920445660015,0.0,28.503338024801756,71.81690795810306,6.0
24.05842555514801,48.881920445660015,0.0,28.503338024801756,71.81690795810306,6,1,1,6,27,660.0,24.129055145786946,48.95255003629895,1491.2023389153794,28.779952016782946,71.95104542799783,7.0
24.129055145786946,48.95255003629895,1491.2023389153794,28.779952016782946,71.95104542799783,7,1,3,6,21,720.0,24.05902380353646,49.18253499021594,1653.7274429237666,28.92581596163326,71.86022719584929,7.0
24.05902380353646,49.18253499021594,1653.7274429237666,28.92581596163326,71.86022719584929,7,1,2,2,28,780.0,24.13489020710039,49.40931191227227,1580.1044289665938,28.87952035137241,71.16408910542134,7.0
24.13489020710039,49.40931191227227,1580.1044289665938,28.87952035137241,71.16408910542134,7,1,3,6,19,840.0,24.05769112894815,49.626859684203765,1797.1446498076778,28.88345493561804,71.68861390884851,7.0
24.05769112894815,49.626859684203765,1797.1446498076778,28.88345493561804,71.68861390884851,7,0,1,2,23,900.0,24.070351987741706,49.84747722645021,0.0,28.747100718499297,71.89828214373549,6.0
24.070351987741706,49.84747722645021,0.0,28.747100718499297,71.89828214373549,6,0,2,4,26,960.0,24.081341212699396,50.06798527562306,0.0,28.64125665513513,70.64925163498901,7.0
24.081341212699396,50.06798527562306,0.0,28.64125665513513,70.64925163498901,7,1,2,4,18,1020.0,24.000100381515093,50.27379793921672,1877.8565673143564,28.705232599313355,70.52422240709306,8.0
24.000100381515093,50.27379793921672,1877.8565673143564,28.705232599313355,70.52422240709306,8,1,1,4,30,1080.0,24.076823645006716,50.35052120270834,1559.9939771090942,28.598566986007572,71.07541011742836,7.0
24.076823645006716,50.35052120270834,1559.9939771090942,28.598566986007572,71.07541011742836,7,0,3,0,22,1140.0,24.08947436978475,50.557770091855545,0.0,28.641480272159804,70.71705570296984,8.0
24.08947436978475,50.557770091855545,0.0,28.641480272159804,70.71705570296984,8,0,1,1,23,1200.0,24.103792769981496,50.759362947966686,0.0,28.642239665697616,71.58149564666819,8.0
24.103792769981496,50.759362947966686,0.0,28.642239665697616,71.58149564666819,8,0,3,0,22,1260.0,24.11811071821135,50.9675842749537,0.0,28.522707985878558,72.19916997204464,8.0
24.11811071821135,50.9675842749537,0.0,28.522707985878558,72.19916997204464,8,0,2,5,19,1320.0,24.13242420478694,51.17990013192461,0.0,28.582383850508744,71.18734298303856,7.0
24.13242420478694,51.17990013192461,0.0,28.582383850508744,71.18734298303856,7,0,2,3,21,1380.0,24.14507253677513,51.37997456043575,0.0,28.542698146017212,70.56395385911964,8.0
24.14507253677513,51.37997456043575,0.0,28.542698146017212,70.56395385911964,8,0,2,3,23,1440.0,24.159385790962105,51.57181435342259,0.0,28.364652430816562,70.73447311437342,9.0
24.159385790962105,51.57181435342259,0.0,28.364652430816562,70.73447311437342,9,0,3,0,28,1500.0,24.1753592998501,51.763440941032094,0.0,28.415062538264646,71.13004647012968,9.0
24.1753592998501,51.763440941032094,0.0,28.415062538264646,71.13004647012968,9,1,1,2,27,1560.0,24.241548166165042,51.82962980734703,1255.3552385082444,28.45337075396913,70.72766679682032,9.0
24.241548166165042,51.82962980734703,1255.3552385082444,28.45337075396913,70.72766679682032,9,1,2,3,26,1620.0,24.31757522064602,52.01861017724177,1501.333176534612,28.64009317440036,71.34928396206004,9.0
24.31757522064602,52.01861017724177,1501.333176534612,28.64009317440036,71.34928396206004,9,0,2,3,23,1680.0,24.333552637911147,52.21191691508995,0.0,28.70386512411855,71.57423407676474,9.0
24.333552637911147,52.21191691508995,0.0,28.70386512411855,71.57423407676474,9,0,3,0,22,1740.0,24.349531648327353,52.4055400867067,0.0,28.711755407233007,71.34354796939134,9.0
24.349531648327353,52.4055400867067,0.0,28.711755407233007,71.34354796939134,9,0,2,3,30,1800.0,24.36551038911932,52.594920165533544,0.0,28.753825370334855,71.05458758097498,9.0
24.36551038911932,52.594920165533544,0.0,28.753825370334855,71.05458758097498,9,1,3,0,20,1860.0,24.314484846048614,52.77951683968796,1340.1030714015626,28.694892147192117,70.82526826292444,9.0
24.314484846048614,52.77951683968796,1340.1030714015626,28.694892147192117,70.82526826292444,9,0,2,2,21,1920.0,24.33046419295865,52.95997435392032,0.0,28.477924405419547,70.22817356237829,10.0
24.33046419295865,52.95997435392032,0.0,28.477924405419547,70.22817356237829,10,0,1,1,19,1980.0,24.3481024416324,53.1326563460049,0.0,28.31956556644079,70.43467301844719,11.0
24.3481024416324,53.1326563460049,0.0,28.31956556644079,70.43467301844719,11,1,1,4,19,2040.0,24.29135718307833,53.075911087450834,1520.886146497944,28.314645074823453,70.67921495752256,12.0
24.29135718307833,53.075911087450834,1520.886146497944,28.314645074823453,70.67921495752256,12,0,3,5,23,2100.0,24.312324626008053,53.25194412615155,0.0,28.398094346893913,69.7599483962777,12.0
24.312324626008053,53.25194412615155,0.0,28.398094346893913,69.7599483962777,12,0,3,5,25,2160.0,24.333294151665417,53.41702416885281,0.0,28.283738400917365,70.030771240203,11.0
24.333294151665417,53.41702416885281,0.0,28.283738400917365,70.030771240203,11,1,1,1,19,2220.0,24.286092602658936,53.36982261984633,1329.9979429624343,28.251709939640737,69.58248865150085,11.0
24.286092602658936,53.36982261984633,1329.9979429624343,28.251709939640737,69.58248865150085,11,1,3,6,24,2280.0,24.232868675515665,53.53194928016288,1450.455621090114,28.29399782431607,68.19537856350844,11.0
24.232868675515665,53.53194928016288,1450.455621090114,28.29399782431607,68.19537856350844,11,0,1,1,21,2340.0,24.25217071315396,53.67858357299633,0.0,28.292563853318754,68.0881726326551,11.0
24.25217071315396,53.67858357299633,0.0,28.292563853318754,68.0881726326551,11,1,3,2,21,2400.0,24.201134243184672,53.82267946359292,1406.7563281458145,28.202303454632705,67.72081950469205,11.0
24.201134243184672,53.82267946359292,1406.7563281458145,28.202303454632705,67.72081950469205,11,1,1,6,24,2460.0,24.154780595868036,53.776325816276284,1313.0737258070037,28.21582810866783,67.33247807464248,10.0
24.154780595868036,53.776325816276284,1313.0737258070037,28.21582810866783,67.33247807464248,10,0,1,4,30,2520.0,24.172415964118464,53.91188733885995,0.0,28.27954501573798,66.6633747468903,10.0
24.172415964118464,53.91188733885995,0.0,28.27954501573798,66.6633747468903,10,1,1,4,30,2580.0,24.2520390701063,53.99151044484778,1549.6550421528923,28.23474162979461,66.16102619706317,10.0
24.2520390701063,53.99151044484778,1549.6550421528923,28.23474162979461,66.16102619706317,10,0,1,3,19,2640.0,24.26967182685829,54.11320560236994,0.0,28.144311048445143,66.11378503999092,10.0
24.26967182685829,54.11320560236994,0.0,28.144311048445143,66.11378503999092,10,0,3,1,27,2700.0,24.28730098149901,54.23321139674615,0.0,28.11988295446749,66.33093307798859,10.0
24.28730098149901,54.23321139674615,0.0,28.11988295446749,66.33093307798859,10,1,1,3,24,2760.0,24.24660274390963,54.192513159156775,1166.519806436193,28.14210651813054,66.36981303798413,11.0
24.24660274390963,54.192513159156775,1166.519806436193,28.14210651813054,66.36981303798413,11,1,1,5,22,2820.0,24.196378627127388,54.14228904237453,1390.4126714943518,28.091446237302957,65.94514829506943,11.0
24.196378627127388,54.14228904237453,1390.4126714943518,28.091446237302957,65.94514829506943,11,0,2,0,30,2880.0,24.21567512938106,54.260317634901476,0.0,28.066035891899404,65.6136949589295,12.0
24.21567512938106,54.260317634901476,0.0,28.066035891899404,65.6136949589295,12,0,3,4,24,2940.0,24.236636808073147,54.37385140814175,0.0,28.032167459489543,65.52762282207526,11.0
24.236636808073147,54.37385140814175,0.0,28.032167459489543,65.52762282207526,11,1,3,1,19,3000.0,24.183059203644884,54.48538912228109,1457.4157756662241,28.015360711768114,64.56046944335313,10.0
24.183059203644884,54.48538912228109,1457.4157756662241,28.015360711768114,64.56046944335313,10,1,3,6,26,3060.0,24.263083397706065,54.586139925491814,1559.911266939391,28.015382863407815,65.38619435849076,10.0
24.263083397706065,54.586139925491814,1559.911266939391,28.015382863407815,65.38619435849076,10,0,1,2,27,3120.0,24.28070847435492,54.694140469821804,0.0,28.111824363969436,65.56746564355898,10.0
24.28070847435492,54.694140469821804,0.0,28.111824363969436,65.56746564355898,10,0,2,3,18,3180.0,24.29833617821791,54.80287372155917,0.0,28.014090608047564,65.98561654389484,11.0
24.29833617821791,54.80287372155917,0.0,28.014090608047564,65.98561654389484,11,1,2,3,23,3240.0,24.24414744355072,54.91470114978253,1469.5851962970355,27.975104045668218,65.12235603796312,11.0
24.24414744355072,54.91470114978253,1469.5851962970355,27.975104045668218,65.12235603796312,11,1,2,0,26,3300.0,24.315652521572936,55.016777698664335,1305.3511533869569,28.036516973613264,64.68775904868731,11.0
24.315652521572936,55.016777698664335,1305.3511533869569,28.036516973613264,64.68775904868731,11,1,3,6,28,3360.0,24.402680450842972,55.11348751216457,1693.4308447075352,28.042103367597715,64.53293419169329,11.0
24.402680450842972,55.11348751216457,1693.4308447075352,28.042103367597715,64.53293419169329,11,1,1,6,29,3420.0,24.48592146243467,55.19672852375626,1598.8257706952068,27.996739728838545,65.3960474645111,11.0
24.48592146243467,55.19672852375626,1598.8257706952068,27.996739728838545,65.3960474645111,11,0,3,1,29,3480.0,24.505205156376885,55.298721713163815,0.0,27.916844251626777,64.40583034972809,10.0
24.505205156376885,55.298721713163815,0.0,27.916844251626777,64.40583034972809,10,0,2,6,30,3540.0,24.52281887768006,55.38979279952946,0.0,27.920984446648188,64.16948058354265,9.0
24.52281887768006,55.38979279952946,0.0,27.920984446648188,64.16948058354265,9,0,2,1,30,3600.0,24.538765483199025,55.47758967736959,0.0,27.920272085427353,64.25856762592737,9.0
24.538765483199025,55.47758967736959,0.0,27.920272085427353,64.25856762592737,9,0,2,5,19,3660.0,24.5547115334191,55.56539945685517,0.0,28.095129676833206,64.06320166872328,9.0
24.5547115334191,55.56539945685517,0.0,28.095129676833206,64.06320166872328,9,1,1,6,30,3720.0,24.636820630703657,55.647508554139726,1653.9437503277584,28.164029991237346,63.80392586511773,9.0
24.636820630703657,55.647508554139726,1653.9437503277584,28.164029991237346,63.80392586511773,9,1,3,5,23,3780.0,24.578394966764296,55.72907272724951,1487.5314183608762,28.153843640227542,64.27079896953673,9.0
24.578394966764296,55.72907272724951,1487.5314183608762,28.153843640227542,64.27079896953673,9,0,1,1,22,3840.0,24.594347481720078,55.81448998967238,0.0,28.128813544268752,64.2157446274087,9.0
24.594347481720078,55.81448998967238,0.0,28.128813544268752,64.2157446274087,9,1,3,1,19,3900.0,24.536394952235362,55.89850253604975,1478.0735670693346,28.0993342991915,63.74739788750343,8.0
24.536394952235362,55.89850253604975,1478.0735670693346,28.0993342991915,63.74739788750343,8,0,1,2,20,3960.0,24.550680383546926,55.976991489564284,0.0,27.922214582676013,63.426411056352514,9.0
24.550680383546926,55.976991489564284,0.0,27.922214582676013,63.426411056352514,9,0,2,3,22,4020.0,24.566626101353563,56.051485685232166,0.0,27.834625410961085,63.33069607173624,9.0
24.566626101353563,56.051485685232166,0.0,27.834625410961085,63.33069607173624,9,1,3,5,21,4080.0,24.501558090773813,56.124277789097206,1620.2055444680575,27.874410611738018,63.83901090917939,8.0
24.501558090773813,56.124277789097206,1620.2055444680575,27.874410611738018,63.83901090917939,8,0,3,1,18,4140.0,24.515837185857844,56.201425120298026,0.0,27.866139109348367,63.96055677300974,8.0
26.802506883303742,56.508797914972575,0.0,17.932166007200063,54.78999048101452,8,1,1,4,20,60.0,26.735970351291293,56.442261382960126,1608.1504129982245,18.011044505512793,54.92153088187063,8.0
26.735970351291293,56.442261382960126,1608.1504129982245,18.011044505512793,54.92153088187063,8,0,1,2,27,120.0,26.749846187096434,56.42705407794923,0.0,18.017429822015615,54.35234018759276,7.0
26.749846187096434,56.42705407794923,0.0,18.017429822015615,54.35234018759276,7,0,3,2,25,180.0,26.762055106550932,56.40630693904566,0.0,17.90301490757391,54.0334427350345,7.0
26.762055106550932,56.40630693904566,0.0,17.90301490757391,54.0334427350345,7,1,2,6,22,240.0,26.677687790295415,56.38257829700555,1931.4402983109726,17.91114274977953,54.01449619417608,6.0
26.677687790295415,56.38257829700555,1931.4402983109726,17.91114274977953,54.01449619417608,6,1,3,0,24,300.0,26.62586526403742,56.35889747597726,1247.2728284662478,17.98342543927808,54.070395773277774,6.0
26.62586526403742,56.35889747597726,1247.2728284662478,17.98342543927808,54.070395773277774,6,0,1,4,30,360.0,26.63641051604326,56.336012458950265,0.0,18.06903502470108,54.357926157052994,6.0
26.63641051604326,56.336012458950265,0.0,18.06903502470108,54.357926157052994,6,0,2,5,26,420.0,26.646958270193547,56.31623159593129,0.0,18.10970777164719,53.87698372595002,6.0
26.646958270193547,56.31623159593129,0.0,18.10970777164719,53.87698372595002,6,1,1,0,20,480.0,26.590889632834777,56.26016295857252,1332.3479135096775,18.235642484454633,54.22010771261599,6.0
26.590889632834777,56.26016295857252,1332.3479135096775,18.235642484454633,54.22010771261599,6,0,3,5,20,540.0,26.60144445792983,56.23976240611296,0.0,18.297265062333988,54.306851199229534,6.0
26.60144445792983,56.23976240611296,0.0,18.297265062333988,54.306851199229534,6,0,2,3,29,600.0,26.61200098528331,56.22043329404413,0.0,18.23871756321158,54.69217181205272,6.0
29.630941308978024,58.35089789192689,0.0,30.291365275188607,52.372280629299446,8,1,2,6,19,60.0,29.525669318671884,58.291111719300616,2389.2134221002857,30.141639510670743,53.01275041763281,8.0
29.525669318671884,58.291111719300616,2389.2134221002857,30.141639510670743,53.01275041763281,8,0,1,5,26,120.0,29.539856517678285,58.23832810628394,0.0,30.212593127743386,53.321625506676455,8.0
29.539856517678285,58.23832810628394,0.0,30.212593127743386,53.321625506676455,8,0,3,2,27,180.0,29.55404560889862,58.18916108028786,0.0,30.315534437838917,53.719976470211826,8.0
29.55404560889862,58.18916108028786,0.0,30.315534437838917,53.719976470211826,8,0,1,0,24,240.0,29.56823765852625,58.1444692341871,0.0,30.380093209056337,53.72966708906084,8.0
29.56823765852625,58.1444692341871,0.0,30.380093209056337,53.72966708906084,8,0,1,6,25,300.0,29.5824313870446,58.100321212735835,0.0,30.270566157172055,52.14131518246284,8.0
29.5824313870446,58.100321212735835,0.0,30.270566157172055,52.14131518246284,8,1,1,0,30,360.0,29.63745612876285,58.155345954454084,1020.8784306477701,30.310392934389988,52.24906869405489,9.0
29.63745612876285,58.155345954454084,1020.8784306477701,30.310392934389988,52.24906869405489,9,1,1,3,27,420.0,29.588229206952843,58.106119032644074,1301.6537274038637,30.221942627083987,51.988771605214666,9.0
29.588229206952843,58.106119032644074,1301.6537274038637,30.221942627083987,51.988771605214666,9,1,3,2,27,480.0,29.535754270715813,58.04494555836978,1366.587867020647,30.175680165078823,51.87275935000635,9.0
29.535754270715813,58.04494555836978,1366.587867020647,30.175680165078823,51.87275935000635,9,0,1,0,23,540.0,29.55160893491229,57.983223696286146,0.0,30.333935662010077,51.7439835644337,9.0
29.55160893491229,57.983223696286146,0.0,30.333935662010077,51.7439835644337,9,0,2,2,21,600.0,29.567468345803196,57.92083129496762,0.0,30.266398338129747,52.321633770194545,9.0
29.567468345803196,57.92083129496762,0.0,30.266398338129747,52.321633770194545,9,1,3,6,30,660.0,29.641762017333942,57.86483931971989,1460.9260132750717,30.230886172580696,52.52904601121248,9.0
29.641762017333942,57.86483931971989,1460.9260132750717,30.230886172580696,52.52904601121248,9,1,3,2,30,720.0,29.706881924057168,57.81148138663482,1231.6733979512965,30.21505562477973,52.437119064632874,9.0
29.706881924057168,57.81148138663482,1231.6733979512965,30.21505562477973,52.437119064632874,9,1,1,6,23,780.0,29.635934830260673,57.74053429283832,1735.9473250637159,30.127105577552936,53.015575909981074,8.0
29.635934830260673,57.74053429283832,1735.9473250637159,30.127105577552936,53.015575909981074,8,0,2,0,29,840.0,29.650117869285584,57.693284709009745,0.0,30.072926837414588,52.98835042877064,8.0
29.650117869285584,57.693284709009745,0.0,30.072926837414588,52.98835042877064,8,1,1,3,20,900.0,29.579054540710324,57.62222138043448,1704.881777483921,30.18274214018826,52.79844470952809,8.0
29.579054540710324,57.62222138043448,1704.881777483921,30.18274214018826,52.79844470952809,8,1,3,2,29,960.0,29.530989690311323,57.57398361372542,1245.0327997129746,30.357297211202763,53.25910373394717,8.0
29.530989690311323,57.57398361372542,1245.0327997129746,30.357297211202763,53.25910373394717,8,0,2,3,19,1020.0,29.54518390056202,57.53083481492764,0.0,30.50825960719933,53.91683925663217,8.0
29.54518390056202,57.53083481492764,0.0,30.50825960719933,53.91683925663217,8,0,2,2,28,1080.0,29.559382669752242,57.49469485934468,0.0,30.546539727029465,53.905429876267,8.0
29.559382669752242,57.49469485934468,0.0,30.546539727029465,53.905429876267,8,1,3,5,19,1140.0,29.468534363726878,57.458802209513905,2100.957558545467,30.538942619083635,53.71918393633192,9.0
29.468534363726878,57.458802209513905,2100.957558545467,30.538942619083635,53.71918393633192,9,1,3,4,24,1200.0,29.40035721393509,57.42140602678209,1680.923268005974,30.471223595318307,53.92695930706904,9.0
29.40035721393509,57.42140602678209,1680.923268005974,30.471223595318307,53.92695930706904,9,1,2,6,30,1260.0,29.480497128306993,57.38646155958496,1606.7721373130628,30.330038424486112,53.80757794712492,9.0
29.480497128306993,57.38646155958496,1606.7721373130628,30.330038424486112,53.80757794712492,9,1,1,2,18,1320.0,29.409787412580688,57.31575184385865,1731.4273420568845,30.637724461504163,54.48763589721508,9.0
29.409787412580688,57.31575184385865,1731.4273420568845,30.637724461504163,54.48763589721508,9,0,2,1,24,1380.0,29.425661677148984,57.28747068439221,0.0,30.591128267841487,56.513910958321055,9.0
29.425661677148984,57.28747068439221,0.0,30.591128267841487,56.513910958321055,9,1,1,5,23,1440.0,29.358953666627585,57.22076267387081,1651.6038548218114,30.516672213802185,56.30672462746846,9.0
29.358953666627585,57.22076267387081,1651.6038548218114,30.516672213802185,56.30672462746846,9,1,2,1,25,1500.0,29.29809488652928,57.21162229340678,1534.6140809975377,30.53382316862167,56.50219492660892,9.0
29.29809488652928,57.21162229340678,1534.6140809975377,30.53382316862167,56.50219492660892,9,1,1,2,29,1560.0,29.258149649867395,57.1716770567449,1116.3952187591105,30.53917723168322,56.98799970823462,9.0
29.258149649867395,57.1716770567449,1116.3952187591105,30.53917723168322,56.98799970823462,9,1,3,1,19,1620.0,29.186655277006132,57.169840283259795,1747.408142279842,30.604970860958527,57.5108892840358,9.0
29.186655277006132,57.169840283259795,1747.408142279842,30.604970860958527,57.5108892840358,9,1,3,3,22,1680.0,29.116558090212067,57.173250773267554,1719.5559462706378,30.57507036475028,57.25630539907332,9.0
29.116558090212067,57.173250773267554,1719.5559462706378,30.57507036475028,57.25630539907332,9,1,1,4,19,1740.0,29.042090366350582,57.098783049406066,1806.993485412724,30.45777197960374,56.38897343830683,9.0
29.042090366350582,57.098783049406066,1806.993485412724,30.45777197960374,56.38897343830683,9,0,2,4,19,1800.0,29.057970889071022,57.09168495329507,0.0,30.462645895006617,55.276963527126185,9.0
25.011627314574902,47.67544915954819,0.0,34.44158670949115,54.774772519814896,7,0,3,6,24,60.0,25.02444164655473,47.74644239315085,0.0,34.607959992705496,54.92739408308057,7.0
25.02444164655473,47.74644239315085,0.0,34.607959992705496,54.92739408308057,7,1,1,1,26,120.0,25.081309769708504,47.80331051630462,1101.2168135558766,34.56310570905271,55.04667155996744,7.0
25.081309769708504,47.80331051630462,1101.2168135558766,34.56310570905271,55.04667155996744,7,1,3,1,21,180.0,25.024591047613114,47.875744126741246,1390.6956392006662,34.77760935112958,55.494010131186506,7.0
25.024591047613114,47.875744126741246,1390.6956392006662,34.77760935112958,55.494010131186506,7,0,2,2,23,240.0,25.037416148223233,47.9519267867857,0.0,34.777924123820206,56.109005315405845,8.0
25.037416148223233,47.9519267867857,0.0,34.777924123820206,56.109005315405845,8,1,1,2,19,300.0,24.98030460408147,47.894815242643936,1432.0578881522777,34.99847708064675,56.70867370586997,8.0
24.98030460408147,47.894815242643936,1432.0578881522777,34.99847708064675,56.70867370586997,8,1,1,6,23,360.0,24.923369219867425,47.837879858429886,1428.7197992652957,35.04736980461065,56.480522189608656,8.0
24.923369219867425,47.837879858429886,1428.7197992652957,35.04736980461065,56.480522189608656,8,0,1,5,25,420.0,24.93787335322025,47.92430628174167,0.0,34.962115580304754,56.51696295609409,8.0
24.93787335322025,47.92430628174167,0.0,34.962115580304754,56.51696295609409,8,1,3,6,22,480.0,24.870371264056725,48.010232848485195,1640.0579447552482,35.06313182565747,55.91162146319065,8.0
24.870371264056725,48.010232848485195,1640.0579447552482,35.06313182565747,55.91162146319065,8,1,3,6,28,540.0,24.951028427593577,48.08924673463225,1653.768454619944,34.95681449008354,56.11893791081132,8.0
24.951028427593577,48.08924673463225,1653.768454619944,34.95681449008354,56.11893791081132,8,1,2,6,29,600.0,25.040561411768234,48.16954364639404,1875.819782647701,35.13311352162111,56.0566140416488,8.0
25.040561411768234,48.16954364639404,1875.819782647701,35.13311352162111,56.0566140416488,8,0,1,4,22,660.0,25.05506449683856,48.248414350346586,0.0,35.0771011671118,55.9316625112099,8.0
25.05506449683856,48.248414350346586,0.0,35.0771011671118,55.9316625112099,8,0,1,3,26,720.0,25.069565231394236,48.32524683195522,0.0,34.917562677094224,54.91211475458804,8.0
25.069565231394236,48.32524683195522,0.0,34.917562677094224,54.91211475458804,8,0,2,0,18,780.0,25.084060164642427,48.391115511181546,0.0,34.98870373504077,56.46856985510996,8.0
25.084060164642427,48.391115511181546,0.0,34.98870373504077,56.46856985510996,8,1,1,5,21,840.0,25.023294298080266,48.33034964461939,1505.2537602901516,35.01760498059401,56.819548600926126,8.0
25.023294298080266,48.33034964461939,1505.2537602901516,35.01760498059401,56.819548600926126,8,1,3,6,21,900.0,24.951910831320713,48.41524163418246,1717.6655423127388,35.03748234562853,56.90734100271907,8.0
24.951910831320713,48.41524163418246,1717.6655423127388,35.03748234562853,56.90734100271907,8,1,1,2,24,960.0,24.90879592891839,48.372126731780135,1152.3550957226391,34.98193786634203,56.918273873810186,8.0
24.90879592891839,48.372126731780135,1152.3550957226391,34.98193786634203,56.918273873810186,8,1,2,0,26,1020.0,24.973917256753566,48.45758820320044,1265.4722442648965,34.958289101451605,57.181080301034406,8.0
24.973917256753566,48.45758820320044,1265.4722442648965,34.958289101451605,57.181080301034406,8,1,1,1,30,1080.0,25.040971509575872,48.52464245602275,1313.869344020438,34.82195347566358,57.54401941131126,8.0
25.040971509575872,48.52464245602275,1313.869344020438,34.82195347566358,57.54401941131126,8,1,3,0,21,1140.0,24.989351537323408,48.61483622557563,1322.2534330266728,34.84246031326407,57.91341766991138,8.0
24.989351537323408,48.61483622557563,1322.2534330266728,34.84246031326407,57.91341766991138,8,1,3,0,30,1200.0,25.05887006756716,48.70782204001899,1375.5856654472125,34.9036360708602,58.73244114217968,9.0
25.05887006756716,48.70782204001899,1375.5856654472125,34.9036360708602,58.73244114217968,9,1,1,4,29,1260.0,25.132490271605107,48.78144224405693,1436.4677959459702,35.00794220858968,59.41364210989889,9.0
25.132490271605107,48.78144224405693,1436.4677959459702,35.00794220858968,59.41364210989889,9,1,3,5,30,1320.0,25.217038438422758,48.887764242715356,1709.6412938271487,35.082161706596594,59.153141140395284,9.0
25.217038438422758,48.887764242715356,1709.6412938271487,35.082161706596594,59.153141140395284,9,1,3,0,18,1380.0,25.1583537534927,48.99041801169216,1496.9371141132517,34.874713071494966,59.14212370839315,9.0
25.1583537534927,48.99041801169216,1496.9371141132517,34.874713071494966,59.14212370839315,9,0,3,5,30,1440.0,25.174510965469967,49.09193506865917,0.0,34.92561212358052,59.18805917518325,9.0
25.174510965469967,49.09193506865917,0.0,34.92561212358052,59.18805917518325,9,1,2,5,22,1500.0,25.10376491938806,49.19289630972441,1738.0883224102477,35.029787546482495,58.76659800906235,9.0
25.10376491938806,49.19289630972441,1738.0883224102477,35.029787546482495,58.76659800906235,9,0,1,6,26,1560.0,25.119929120142295,49.28863332671779,0.0,35.09969750544904,58.59541719143301,9.0
25.119929120142295,49.28863332671779,0.0,35.09969750544904,58.59541719143301,9,0,2,1,29,1620.0,25.136095112421806,49.381701165364944,0.0,35.03041099310184,58.56818762170273,9.0
25.136095112421806,49.381701165364944,0.0,35.03041099310184,58.56818762170273,9,1,1,1,25,1680.0,25.09940100661439,49.34500705955753,1057.144993402145,35.02666091079439,59.318882675282495,9.0
25.09940100661439,49.34500705955753,1057.144993402145,35.02666091079439,59.318882675282495,9,1,1,3,22,1740.0,25.04915447071718,49.29476052366032,1328.2155578803274,35.060104762279245,60.05791862446072,9.0
25.04915447071718,49.29476052366032,1328.2155578803274,35.060104762279245,60.05791862446072,9,0,1,5,23,1800.0,25.065321502393566,49.40239210466832,0.0,35.068747781188,59.84586671666867,9.0
25.065321502393566,49.40239210466832,0.0,35.068747781188,59.84586671666867,9,1,1,6,28,1860.0,25.1411184473633,49.47818904963806,1490.7541023444182,35.18920723912484,59.93713576511001,10.0
25.1411184473633,49.47818904963806,1490.7541023444182,35.18920723912484,59.93713576511001,10,1,3,5,25,1920.0,25.08971828899355,49.58277851679278,1384.7018932562269,35.234413640140005,59.33252849986842,10.0
25.08971828899355,49.58277851679278,1384.7018932562269,35.234413640140005,59.33252849986842,10,1,1,3,29,1980.0,25.16255009344057,49.6556103212398,1374.841198382871,35.4240173896554,59.27044889613501,10.0
25.16255009344057,49.6556103212398,1374.841198382871,35.4240173896554,59.27044889613501,10,1,3,0,21,2040.0,25.113945129593482,49.75175870698875,1328.940255139231,35.33492513045091,59.630074387662674,10.0
25.113945129593482,49.75175870698875,1328.940255139231,35.33492513045091,59.630074387662674,10,0,2,6,19,2100.0,25.131785828926844,49.85054186379549,0.0,35.40059455641735,60.31300705525567,10.0
25.131785828926844,49.85054186379549,0.0,35.40059455641735,60.31300705525567,10,1,3,2,19,2160.0,25.07057947041859,49.9551665157101,1580.973042650074,35.28441344878121,59.44825585543934,11.0
25.07057947041859,49.9551665157101,1580.973042650074,35.28441344878121,59.44825585543934,11,1,2,3,28,2220.0,25.153371798879512,50.05009740910739,1582.1300165411174,35.45174984339646,59.15352965546998,11.0
25.153371798879512,50.05009740910739,1582.1300165411174,35.45174984339646,59.15352965546998,11,1,3,0,18,2280.0,25.09820997236741,50.141131731571015,1493.4354489383732,35.42598779484536,59.118712928819924,11.0
25.09820997236741,50.141131731571015,1493.4354489383732,35.42598779484536,59.118712928819924,11,1,3,0,24,2340.0,25.059700820870816,50.2309075435435,1160.4015484802076,35.39861486962869,59.111577752345234,10.0
25.059700820870816,50.2309075435435,1160.4015484802076,35.39861486962869,59.111577752345234,10,1,1,4,24,2400.0,25.014366348876496,50.185573071549186,1263.582049252249,35.46017196177823,59.001655900455646,10.0
25.014366348876496,50.185573071549186,1263.582049252249,35.46017196177823,59.001655900455646,10,1,3,2,30,2460.0,25.092679775832647,50.27373389983825,1511.630835892972,35.51844004307975,58.77631639220678,10.0
25.092679775832647,50.27373389983825,1511.630835892972,35.51844004307975,58.77631639220678,10,0,2,6,21,2520.0,25.110527301174887,50.35875972476193,0.0,35.58165213780253,58.464942612205824,10.0
25.110527301174887,50.35875972476193,0.0,35.58165213780253,58.464942612205824,10,0,1,3,29,2580.0,25.12837633866944,50.43982155363637,0.0,35.53916222888225,58.99395380626373,10.0
25.12837633866944,50.43982155363637,0.0,35.53916222888225,58.99395380626373,10,1,3,5,30,2640.0,25.21462032993444,50.525362876162646,1709.924126716476,35.539066891756924,59.547682271598205,9.0
25.21462032993444,50.525362876162646,1709.924126716476,35.539066891756924,59.547682271598205,9,1,2,5,18,2700.0,25.128742985249247,50.615586070117004,2041.0965247450831,35.34570318765596,59.89606184310779,9.0
25.128742985249247,50.615586070117004,2041.0965247450831,35.34570318765596,59.89606184310779,9,0,3,0,20,2760.0,25.14491688392266,50.70839082784691,0.0,35.42558005380331,59.470911435090024,9.0
25.14491688392266,50.70839082784691,0.0,35.42558005380331,59.470911435090024,9,0,1,3,20,2820.0,25.161092906028323,50.796016033919344,0.0,35.50504009209783,59.95772255980395,9.0
25.161092906028323,50.796016033919344,0.0,35.50504009209783,59.95772255980395,9,0,1,1,22,2880.0,25.17727103760119,50.88763309917819,0.0,35.674080142910874,60.69154172873433,9.0
25.17727103760119,50.88763309917819,0.0,35.674080142910874,60.69154172873433,9,1,2,3,22,2940.0,25.113492679491642,50.98567218547375,1599.2317015944823,35.468035839169964,61.23702506599404,9.0
25.113492679491642,50.98567218547375,1599.2317015944823,35.468035839169964,61.23702506599404,9,1,1,5,25,3000.0,25.066816499640222,50.93899600562233,1257.0932924682277,35.51404127331461,61.35027774205168,9.0
25.066816499640222,50.93899600562233,1257.0932924682277,35.51404127331461,61.35027774205168,9,1,3,0,20,3060.0,25.014064328425334,51.043108822986625,1378.6749074802121,35.53948391905728,61.03939306563508,9.0
25.014064328425334,51.043108822986625,1378.6749074802121,35.53948391905728,61.03939306563508,9,0,1,1,30,3120.0,25.030248509078355,51.14307166541311,0.0,35.51668111607879,61.758806255362195,9.0
25.030248509078355,51.14307166541311,0.0,35.51668111607879,61.758806255362195,9,0,1,5,20,3180.0,25.046431390165253,51.2492290113126,0.0,35.45809052001068,61.584424023012375,9.0
25.046431390165253,51.2492290113126,0.0,35.45809052001068,61.584424023012375,9,0,1,4,26,3240.0,25.062611778802914,51.352580961429595,0.0,35.19918412654183,62.615530285031504,9.0
25.062611778802914,51.352580961429595,0.0,35.19918412654183,62.615530285031504,9,1,3,6,24,3300.0,25.00348416077195,51.465210454665616,1505.9767421844083,35.21890210092239,62.22914308828432,8.0
25.00348416077195,51.465210454665616,1505.9767421844083,35.21890210092239,62.22914308828432,8,1,2,0,25,3360.0,24.95798088888764,51.5728497810018,1200.209049646317,35.0628414022191,63.13940063839411,8.0
24.95798088888764,51.5728497810018,1200.209049646317,35.0628414022191,63.13940063839411,8,1,1,5,23,3420.0,24.90386569396031,51.51873458607447,1372.3738055554775,35.13291800293965,63.50593069633018,9.0
24.90386569396031,51.51873458607447,1372.3738055554775,35.13291800293965,63.50593069633018,9,1,3,3,27,3480.0,24.975943215498223,51.63860654717703,1397.5804948570103,35.091992257445874,64.3103638359522,9.0
24.975943215498223,51.63860654717703,1397.5804948570103,35.091992257445874,64.3103638359522,9,0,2,0,27,3540.0,24.992113750466288,51.765324120064776,0.0,35.084347744723026,63.93267204728033,9.0
24.992113750466288,51.765324120064776,0.0,35.084347744723026,63.93267204728033,9,1,2,5,20,3600.0,24.914563065035182,51.88699759933693,1874.4085312849716,35.24436410860953,64.34591248246046,8.0
24.914563065035182,51.88699759933693,1874.4085312849716,35.24436410860953,64.34591248246046,8,0,2,5,26,3660.0,24.9290740584033,52.01158674816816,0.0,35.20427258925512,64.75379506495545,8.0
24.9290740584033,52.01158674816816,0.0,35.20427258925512,64.75379506495545,8,1,3,1,24,3720.0,24.883150530344025,52.139008831336035,1208.6540268727906,35.122722319068096,64.55335808682797,8.0
24.883150530344025,52.139008831336035,1208.6540268727906,35.122722319068096,64.55335808682797,8,0,3,1,22,3780.0,24.897658516070315,52.26315232389096,0.0,35.16884536842676,64.69779056033781,8.0
24.897658516070315,52.26315232389096,0.0,35.16884536842676,64.69779056033781,8,1,2,0,18,3840.0,24.83147458008385,52.38749870625543,1613.859510964219,35.2563197767299,64.86927232656005,7.0
24.83147458008385,52.38749870625543,1613.859510964219,35.2563197767299,64.86927232656005,7,0,1,4,25,3900.0,24.84432207492374,52.51231644245848,0.0,35.31375557595902,64.6866367002563,7.0
24.84432207492374,52.51231644245848,0.0,35.31375557595902,64.6866367002563,7,0,1,0,27,3960.0,24.85717105604044,52.63405964503646,0.0,35.15346481977918,64.29455489779214,7.0
24.85717105604044,52.63405964503646,0.0,35.15346481977918,64.29455489779214,7,1,3,1,29,4020.0,24.92578420069311,52.75066459756402,1394.2483715136646,35.25615428160497,64.59434366841482,7.0
24.92578420069311,52.75066459756402,1394.2483715136646,35.25615428160497,64.59434366841482,7,0,1,4,27,4080.0,24.938628546362473,52.869101388272526,0.0,35.10429395464588,64.1378714106256,6.0
22.272076778320045,48.12812573601991,0.0,32.02522334724121,73.95452728791275,3,0,3,3,29,60.0,22.27823521653901,48.386389751538836,0.0,32.10167116927179,73.4642925204518,3.0
22.27823521653901,48.386389751538836,0.0,32.10167116927179,73.4642925204518,3,0,2,2,24,120.0,22.284395997737434,48.63716877922796,0.0,32.3442103282135,73.04725009244123,3.0
22.284395997737434,48.63716877922796,0.0,32.3442103282135,73.04725009244123,3,1,1,4,18,180.0,22.217711470221904,48.57048425171243,1457.063759864246,32.484179942110735,73.23057499851488,2.0
22.217711470221904,48.57048425171243,1457.063759864246,32.484179942110735,73.23057499851488,2,1,2,6,21,240.0,22.139471277770433,48.81708515918045,1654.9814946773083,32.37037184601508,73.09307163293916,2.0
22.139471277770433,48.81708515918045,1654.9814946773083,32.37037184601508,73.09307163293916,2,0,2,4,28,300.0,22.14397897445604,49.05984502391804,0.0,32.25811325212006,73.00177569404863,2.0
22.14397897445604,49.05984502391804,0.0,32.25811325212006,73.00177569404863,2,0,1,6,30,360.0,22.148482778931964,49.299264330619344,0.0,32.31330856691964,73.1731739050122,2.0
22.148482778931964,49.299264330619344,0.0,32.31330856691964,73.1731739050122,2,0,1,4,26,420.0,22.152988273124897,49.538003426363275,0.0,32.31812768321416,72.66568948885335,2.0
22.152988273124897,49.538003426363275,0.0,32.31812768321416,72.66568948885335,2,1,1,2,26,480.0,22.209957203571026,49.59497235680941,1311.5856449781306,32.24570905661997,72.63684668740467,2.0
22.209957203571026,49.59497235680941,1311.5856449781306,32.24570905661997,72.63684668740467,2,0,3,1,26,540.0,22.21445839529946,49.82539110011536,0.0,32.4681135344888,73.45567294160423,2.0
22.21445839529946,49.82539110011536,0.0,32.4681135344888,73.45567294160423,2,1,2,3,22,600.0,22.149226969006982,50.06169391853025,1394.7976292756628,32.5017673726759,73.91313963654508,2.0
22.149226969006982,50.06169391853025,1394.7976292756628,32.5017673726759,73.91313963654508,2,1,2,1,22,660.0,22.0902686554014,50.3002083757104,1269.40129904744,32.527849689443656,73.90072330269321,1.0
22.0902686554014,50.3002083757104,1269.40129904744,32.527849689443656,73.90072330269321,1,0,1,0,21,720.0,22.0931165747692,50.53621352498023,0.0,32.45975291111511,73.1324038522184,1.0
22.0931165747692,50.53621352498023,0.0,32.45975291111511,73.1324038522184,1,1,1,1,24,780.0,22.14196658450673,50.585063534717754,1150.111379824617,32.4057937890414,73.57985913023181,1.0
22.14196658450673,50.585063534717754,1150.111379824617,32.4057937890414,73.57985913023181,1,1,3,0,29,840.0,22.203896385594298,50.815011490672894,1477.1918378521298,32.40116766731476,73.63690987634507,0.0
22.203896385594298,50.815011490672894,1477.1918378521298,32.40116766731476,73.63690987634507,0,0,2,2,29,900.0,22.205069627970357,51.043230474529615,0.0,32.38214358287344,72.88818654204219,0.0
22.205069627970357,51.043230474529615,0.0,32.38214358287344,72.88818654204219,0,0,1,1,25,960.0,22.20624219710219,51.26168003520474,0.0,32.25791892951852,72.32539298502621,0.0
22.20624219710219,51.26168003520474,0.0,32.25791892951852,72.32539298502621,0,0,3,3,26,1020.0,22.207410586326603,51.47231716470296,0.0,32.18990198934849,72.3320253065682,0.0
22.207410586326603,51.47231716470296,0.0,32.18990198934849,72.3320253065682,0,0,1,5,24,1080.0,22.20857666937337,51.68091424612161,0.0,32.265194255877276,72.74272563006407,0.0
22.20857666937337,51.68091424612161,0.0,32.265194255877276,72.74272563006407,0,1,2,3,18,1140.0,22.126225633783584,51.89153235996103,1670.3917901867626,32.33385707507189,72.66714948675235,0.0
22.126225633783584,51.89153235996103,1670.3917901867626,32.33385707507189,72.66714948675235,0,1,2,5,22,1200.0,22.051925875371605,52.09928853122894,1509.4669225337689,32.293858872289,72.15207835414094,0.0
22.051925875371605,52.09928853122894,1509.4669225337689,32.293858872289,72.15207835414094,0,1,1,1,26,1260.0,22.103391562133222,52.15075421799056,1257.2738915429907,32.39035682733761,72.58333333270107,0.0
22.103391562133222,52.15075421799056,1257.2738915429907,32.39035682733761,72.58333333270107,0,0,2,6,21,1320.0,22.10456779430873,52.355080009137666,0.0,32.13659703976948,72.67981718408616,0.0
22.10456779430873,52.355080009137666,0.0,32.13659703976948,72.67981718408616,0,0,1,2,30,1380.0,22.10573552861691,52.55832738088715,0.0,32.048225996179795,72.79506549469203,0.0
22.10573552861691,52.55832738088715,0.0,32.048225996179795,72.79506549469203,0,0,3,6,27,1440.0,22.106900278299165,52.760694762025196,0.0,32.09317277402452,72.62999568436965,0.0
22.106900278299165,52.760694762025196,0.0,32.09317277402452,72.62999568436965,0,1,3,6,30,1500.0,22.18784075258642,52.95938777124864,1994.3566301016097,31.97893552493442,72.0840443365129,0.0
22.18784075258642,52.95938777124864,1994.3566301016097,31.97893552493442,72.0840443365129,0,0,1,6,22,1560.0,22.1890004557455,53.150634336901284,0.0,31.853968880139448,71.48729561606314,0.0
22.1890004557455,53.150634336901284,0.0,31.853968880139448,71.48729561606314,0,1,2,1,29,1620.0,22.2577196735445,53.3340009496929,1689.0929712880334,31.860645092674886,71.08957199812964,0.0
29.36661304584681,42.12557023141072,0.0,31.839670561164525,64.48564294948841,8,0,1,1,21,60.0,29.380862147763988,42.34917095859149,0.0,31.822595897214693,63.28252387398346,8.0
29.380862147763988,42.34917095859149,0.0,31.822595897214693,63.28252387398346,8,1,2,1,26,120.0,29.32146048979018,42.55850448774541,1472.9943153091315,31.753990921511175,62.973917750659474,7.0
29.32146048979018,42.55850448774541,1472.9943153091315,31.753990921511175,62.973917750659474,7,0,3,5,18,180.0,29.334041574137903,42.76265862037455,0.0,31.839212522168978,62.654274842002444,7.0
29.334041574137903,42.76265862037455,0.0,31.839212522168978,62.654274842002444,7,1,1,2,21,240.0,29.26870646550729,42.69732351174394,1558.3722865775846,31.769450877108074,62.17724761495015,7.0
29.26870646550729,42.69732351174394,1558.3722865775846,31.769450877108074,62.17724761495015,7,0,2,6,29,300.0,29.281289823654344,42.892122752776004,0.0,31.751846127505377,62.27552600379994,7.0
29.281289823654344,42.892122752776004,0.0,31.751846127505377,62.27552600379994,7,0,1,4,26,360.0,29.29387217553114,43.08595678528624,0.0,31.604448099589266,61.87778717772276,7.0
29.29387217553114,43.08595678528624,0.0,31.604448099589266,61.87778717772276,7,1,1,6,29,420.0,29.24049411015813,43.03257871991323,1319.1016914095242,31.542699383973428,61.84058026600674,7.0
29.24049411015813,43.03257871991323,1319.1016914095242,31.542699383973428,61.84058026600674,7,1,2,4,27,480.0,29.173005071537357,43.220658735374165,1601.3155759313856,31.63790239711716,63.01512989540063,6.0
29.173005071537357,43.220658735374165,1601.3155759313856,31.63790239711716,63.01512989540063,6,0,1,5,30,540.0,29.183920568114875,43.41860344697443,0.0,31.571150894582647,63.39240028540808,7.0
29.183920568114875,43.41860344697443,0.0,31.571150894582647,63.39240028540808,7,0,2,2,22,600.0,29.19650014245909,43.61834141535876,0.0,31.48317115129186,62.66268915616651,7.0
29.19650014245909,43.61834141535876,0.0,31.48317115129186,62.66268915616651,7,1,3,3,19,660.0,29.113579933125525,43.80878489276684,1909.9286340105373,31.41202493188349,62.47046071667796,7.0
29.113579933125525,43.80878489276684,1909.9286340105373,31.41202493188349,62.47046071667796,7,1,3,6,21,720.0,29.025650499697893,43.99540165100595,2010.1209652184748,31.425762215763314,62.092224267701795,7.0
29.025650499697893,43.99540165100595,2010.1209652184748,31.425762215763314,62.092224267701795,7,1,3,4,26,780.0,28.962245856772757,44.17636987717291,1519.692932980061,31.33585830955112,61.91313506563292,7.0
28.962245856772757,44.17636987717291,1519.692932980061,31.33585830955112,61.91313506563292,7,0,1,5,26,840.0,28.97482497718785,44.35373752905751,0.0,31.287496595595577,62.33402545302493,7.0
28.97482497718785,44.35373752905751,0.0,31.287496595595577,62.33402545302493,7,1,2,4,21,900.0,28.88669269632392,44.533540408297185,2014.1873983575251,31.231473386345225,62.89374913854212,7.0
28.88669269632392,44.533540408297185,2014.1873983575251,31.231473386345225,62.89374913854212,7,1,2,6,26,960.0,28.81001275416459,44.71714249559963,1785.1620303132659,31.413321785098805,62.69766029694161,7.0
28.81001275416459,44.71714249559963,1785.1620303132659,31.413321785098805,62.69766029694161,7,0,3,2,18,1020.0,28.822599531132287,44.89694767361305,0.0,31.557924040104453,62.1981004773614,7.0
28.822599531132287,44.89694767361305,0.0,31.557924040104453,62.1981004773614,7,0,1,6,29,1080.0,28.83519070861592,45.06995920165053,0.0,31.44338707610854,62.59898075953889,6.0
28.83519070861592,45.06995920165053,0.0,31.44338707610854,62.59898075953889,6,1,2,6,24,1140.0,28.749253738064567,45.24524941722942,1937.1448752720416,31.419767854446892,62.770229992994096,6.0
28.749253738064567,45.24524941722942,1937.1448752720416,31.419767854446892,62.770229992994096,6,0,1,4,25,1200.0,28.760176088535115,45.42049922298706,0.0,31.347014284260915,62.68593139955977,6.0
28.760176088535115,45.42049922298706,0.0,31.347014284260915,62.68593139955977,6,1,3,0,27,1260.0,28.711255165564832,45.59315354475279,1196.8096848694313,31.422832115096043,62.01593586477233,6.0
28.711255165564832,45.59315354475279,1196.8096848694313,31.422832115096043,62.01593586477233,6,1,2,5,29,1320.0,28.78304511929979,45.75738136795298,1521.6558625826376,31.482910886662886,61.24199913426079,6.0
28.78304511929979,45.75738136795298,1521.6558625826376,31.482910886662886,61.24199913426079,6,1,2,6,26,1380.0,28.70511457219343,45.91222754561606,1777.0775193053835,31.585940808024738,61.58220466622953,6.0
28.70511457219343,45.91222754561606,1777.0775193053835,31.585940808024738,61.58220466622953,6,0,1,4,26,1440.0,28.716043933067958,46.0689273168222,0.0,31.58301916743934,61.96976222702407,6.0
28.716043933067958,46.0689273168222,0.0,31.58301916743934,61.96976222702407,6,0,2,5,18,1500.0,28.72697283224244,46.227935665924214,0.0,31.486882380547396,60.81244532589768,5.0
28.72697283224244,46.227935665924214,0.0,31.486882380547396,60.81244532589768,5,1,2,4,25,1560.0,28.650814393697974,46.37378076252395,1708.3420439214553,31.288190249374562,60.50648566868496,5.0
28.650814393697974,46.37378076252395,1708.3420439214553,31.288190249374562,60.50648566868496,5,1,3,6,18,1620.0,28.550492311435693,46.51510781158556,2191.533229149405,31.27072335536347,60.5191310183523,5.0
28.550492311435693,46.51510781158556,2191.533229149405,31.27072335536347,60.5191310183523,5,0,2,3,20,1680.0,28.55974965247049,46.65514804365323,0.0,31.118696747274004,60.99317321207034,4.0
28.55974965247049,46.65514804365323,0.0,31.118696747274004,60.99317321207034,4,1,1,0,29,1740.0,28.608215451402042,46.70361384258478,1022.0125173764756,31.008258762817693,60.40872364742226,4.0
28.608215451402042,46.70361384258478,1022.0125173764756,31.008258762817693,60.40872364742226,4,0,1,5,25,1800.0,28.615795452845756,46.840664940633154,0.0,30.99354892759825,59.42184112361438,4.0
28.615795452845756,46.840664940633154,0.0,30.99354892759825,59.42184112361438,4,0,3,3,22,1860.0,28.623374711294915,46.96647670246297,0.0,30.976650277782767,59.80616516759848,4.0
28.623374711294915,46.96647670246297,0.0,30.976650277782767,59.80616516759848,4,1,3,0,24,1920.0,28.563238873357736,47.09487358711432,1354.2856091212204,31.04260342474168,60.6894210677623,5.0
28.563238873357736,47.09487358711432,1354.2856091212204,31.04260342474168,60.6894210677623,5,1,2,2,27,1980.0,28.501329497227367,47.2308190619208,1423.1737656416108,31.053465774819397,60.604050917505155,4.0
28.501329497227367,47.2308190619208,1423.1737656416108,31.053465774819397,60.604050917505155,4,1,3,1,24,2040.0,28.438166979513376,47.36455138047664,1414.9517784648806,31.064712078971183,61.03165190073711,4.0
28.438166979513376,47.36455138047664,1414.9517784648806,31.064712078971183,61.03165190073711,4,1,2,2,26,2100.0,28.371708579984297,47.50122238567925,1480.9190206478827,31.150832784577787,61.402595775927516,4.0
28.371708579984297,47.50122238567925,1480.9190206478827,31.150832784577787,61.402595775927516,4,0,2,0,20,2160.0,28.379301217457783,47.64023611958173,0.0,31.235098555603894,61.53840523566583,4.0
28.379301217457783,47.64023611958173,0.0,31.235098555603894,61.53840523566583,4,1,3,0,29,2220.0,28.43226194802398,47.77921781074257,1134.1384330398218,31.313739176803477,61.25863209302109,4.0
28.43226194802398,47.77921781074257,1134.1384330398218,31.313739176803477,61.25863209302109,4,1,1,4,21,2280.0,28.35756121142087,47.70451707413946,1645.9357168814388,31.252982297625522,62.042723307784755,4.0
28.35756121142087,47.70451707413946,1645.9357168814388,31.252982297625522,62.042723307784755,4,0,3,4,25,2340.0,28.365157725457074,47.84789913647591,0.0,31.29070581453479,61.771858601159806,4.0
28.365157725457074,47.84789913647591,0.0,31.29070581453479,61.771858601159806,4,0,3,2,22,2400.0,28.37275524372671,47.98713873112275,0.0,31.251613508582317,61.89292517899682,4.0
28.37275524372671,47.98713873112275,0.0,31.251613508582317,61.89292517899682,4,1,2,3,21,2460.0,28.285915200078016,48.12619659560149,1888.7201118171429,31.09291013242972,61.89721924825091,4.0
28.285915200078016,48.12619659560149,1888.7201118171429,31.09291013242972,61.89721924825091,4,0,2,0,20,2520.0,28.293508766575762,48.263906822127986,0.0,30.919883859381283,62.564162121001196,4.0
28.293508766575762,48.263906822127986,0.0,30.919883859381283,62.564162121001196,4,0,3,0,19,2580.0,28.301096312412188,48.40690937511672,0.0,30.78798700955103,62.574215354435744,4.0
28.301096312412188,48.40690937511672,0.0,30.78798700955103,62.574215354435744,4,0,1,2,25,2640.0,28.30867920876876,48.54858243490991,0.0,30.878436673689293,62.120807331136525,4.0
28.30867920876876,48.54858243490991,0.0,30.878436673689293,62.120807331136525,4,1,2,0,26,2700.0,28.249338829724618,48.68430468387218,1338.5207525261255,30.86998444278758,61.182310633410985,4.0
28.249338829724618,48.68430468387218,1338.5207525261255,30.86998444278758,61.182310633410985,4,1,2,6,25,2760.0,28.16625376314246,48.80928474336756,1813.4484287185203,30.84284090923134,61.27871455260948,4.0
28.16625376314246,48.80928474336756,1813.4484287185203,30.84284090923134,61.27871455260948,4,0,3,6,26,2820.0,28.173842982713996,48.933979041459985,0.0,30.837309453370125,61.492246880745334,4.0
28.173842982713996,48.933979041459985,0.0,30.837309453370125,61.492246880745334,4,1,1,0,27,2880.0,28.1284971574729,48.88863321621889,1058.6921491356998,30.821081208653382,61.47957324337012,4.0
28.1284971574729,48.88863321621889,1058.6921491356998,30.821081208653382,61.47957324337012,4,0,3,6,29,2940.0,28.136086910274607,49.0145426164904,0.0,31.05625839255059,61.20355143578858,4.0
28.136086910274607,49.0145426164904,0.0,31.05625839255059,61.20355143578858,4,0,2,5,24,3000.0,28.143684249324014,49.136432704683386,0.0,31.21785779880691,61.61656583164197,4.0
28.143684249324014,49.136432704683386,0.0,31.21785779880691,61.61656583164197,4,0,3,6,27,3060.0,28.151286721775662,49.261234035952974,0.0,31.16725432836,61.14505323547082,4.0
28.151286721775662,49.261234035952974,0.0,31.16725432836,61.14505323547082,4,1,2,2,27,3120.0,28.089088007847355,49.380072227948155,1395.9849236371938,31.021775443306325,60.83437875386832,5.0
28.089088007847355,49.380072227948155,1395.9849236371938,31.021775443306325,60.83437875386832,5,0,1,0,28,3180.0,28.09835243076187,49.49461529320735,0.0,31.121502038676116,60.56033480361436,5.0
28.09835243076187,49.49461529320735,0.0,31.121502038676116,60.56033480361436,5,0,2,4,28,3240.0,28.107619869082136,49.60527248831142,0.0,31.089491991041108,59.357800028659256,5.0
28.107619869082136,49.60527248831142,0.0,31.089491991041108,59.357800028659256,5,1,2,6,27,3300.0,28.03456621399678,49.7027977637149,1646.3943497884065,31.191776138196182,59.262576935694646,5.0
28.03456621399678,49.7027977637149,1646.3943497884065,31.191776138196182,59.262576935694646,5,0,1,6,18,3360.0,28.043838120994252,49.798395555434695,0.0,31.128961764279264,59.31204382920909,5.0
28.043838120994252,49.798395555434695,0.0,31.128961764279264,59.31204382920909,5,0,1,5,26,3420.0,28.053107625115693,49.89353203817244,0.0,30.952056733905323,59.49541703315521,6.0
28.053107625115693,49.89353203817244,0.0,30.952056733905323,59.49541703315521,6,0,2,0,18,3480.0,28.064037590085988,49.98955088812227,0.0,30.827580046488404,59.4821752190108,7.0
28.064037590085988,49.98955088812227,0.0,30.827580046488404,59.4821752190108,7,1,3,4,19,3540.0,27.980718384120586,50.08447713143115,1918.2264809456751,30.737311187106197,59.65176400857854,7.0
27.980718384120586,50.08447713143115,1918.2264809456751,30.737311187106197,59.65176400857854,7,0,1,3,29,3600.0,27.99331027054735,50.18015000020262,0.0,30.83396561215826,59.31359743285641,6.0
27.99331027054735,50.18015000020262,0.0,30.83396561215826,59.31359743285641,6,0,1,2,24,3660.0,28.00423829239207,50.27148447452916,0.0,30.84177761911787,59.48640849216107,6.0
28.00423829239207,50.27148447452916,0.0,30.84177761911787,59.48640849216107,6,0,2,3,18,3720.0,28.015166210369628,50.36363371470548,0.0,30.69264559798375,60.31149362207707,6.0
28.015166210369628,50.36363371470548,0.0,30.69264559798375,60.31149362207707,6,1,2,4,27,3780.0,27.950434194658552,50.46311231377919,1513.0919671466133,30.659611793023505,60.20320122719454,6.0
27.950434194658552,50.46311231377919,1513.0919671466133,30.659611793023505,60.20320122719454,6,0,1,2,22,3840.0,27.96135783391183,50.56051320291335,0.0,30.662555358780317,59.624094053650055,6.0
27.96135783391183,50.56051320291335,0.0,30.662555358780317,59.624094053650055,6,0,1,2,20,3900.0,27.97228120716266,50.65114901142071,0.0,30.50000095542411,58.370808268381694,6.0
27.97228120716266,50.65114901142071,0.0,30.50000095542411,58.370808268381694,6,0,2,0,20,3960.0,27.983198797820936,50.72834560399032,0.0,30.809830898831237,58.24172069936598,6.0
27.983198797820936,50.72834560399032,0.0,30.809830898831237,58.24172069936598,6,1,1,4,27,4020.0,27.93117675583084,50.67632356200022,1258.991927869256,30.839354156335297,58.12260386183817,6.0
27.93117675583084,50.67632356200022,1258.991927869256,30.839354156335297,58.12260386183817,6,1,3,4,19,4080.0,27.846634145116614,50.7507863649986,1909.4576658848353,30.6089329627409,57.94209925021189,6.0
27.846634145116614,50.7507863649986,1909.4576658848353,30.6089329627409,57.94209925021189,6,0,3,1,27,4140.0,27.857559555077202,50.822699493850735,0.0,30.530832068386083,58.07204086767154,6.0
27.857559555077202,50.822699493850735,0.0,30.530832068386083,58.07204086767154,6,0,3,5,21,4200.0,27.868481997494314,50.89519290758894,0.0,30.613044268967975,57.5140244861668,6.0
27.868481997494314,50.89519290758894,0.0,30.613044268967975,57.5140244861668,6,1,2,4,24,4260.0,27.793480281045717,50.96138122337472,1718.5307038195906,30.798775889042492,58.13684926828528,6.0
27.793480281045717,50.96138122337472,1718.5307038195906,30.798775889042492,58.13684926828528,6,0,1,5,24,4320.0,27.804413790899318,51.033135903823826,0.0,30.787873547046146,58.15403692279851,6.0
27.804413790899318,51.033135903823826,0.0,30.787873547046146,58.15403692279851,6,1,1,2,20,4380.0,27.738884434966216,50.967606547890725,1529.2427584994623,30.67589594213322,58.68863888731897,6.0
27.738884434966216,50.967606547890725,1529.2427584994623,30.67589594213322,58.68863888731897,6,1,2,5,22,4440.0,27.653294852052,51.04481687128501,1930.4163326224664,30.716476280486795,59.99937628055822,6.0
27.653294852052,51.04481687128501,1930.4163326224664,30.716476280486795,59.99937628055822,6,0,1,6,27,4500.0,27.664230291432947,51.13436246537774,0.0,30.521764742813332,59.55230556115563,6.0
27.664230291432947,51.13436246537774,0.0,30.521764742813332,59.55230556115563,6,1,2,2,21,4560.0,27.58716691595293,51.21854189633552,1759.8391992345746,30.428746495867575,59.24760818285766,6.0
27.58716691595293,51.21854189633552,1759.8391992345746,30.428746495867575,59.24760818285766,6,0,1,3,27,4620.0,27.598094968605594,51.29883255920075,0.0,30.334275674940333,59.453387141484484,6.0
27.598094968605594,51.29883255920075,0.0,30.334275674940333,59.453387141484484,6,1,3,1,27,4680.0,27.549542508740622,51.38037810502358,1189.539984436973,30.210411062228925,59.933676093338974,6.0
27.549542508740622,51.38037810502358,1189.539984436973,30.210411062228925,59.933676093338974,6,0,3,3,18,4740.0,27.560464537692404,51.465911084906736,0.0,30.194545943882023,60.04246586151046,6.0
27.560464537692404,51.465911084906736,0.0,30.194545943882023,60.04246586151046,6,0,1,1,27,4800.0,27.571385673739275,51.55167663267277,0.0,30.058549024870107,60.6563658554363,6.0
27.571385673739275,51.55167663267277,0.0,30.058549024870107,60.6563658554363,6,0,1,4,28,4860.0,27.582301912517647,51.64272352490041,0.0,30.070609425600857,60.60953697471987,6.0
27.582301912517647,51.64272352490041,0.0,30.070609425600857,60.60953697471987,6,0,1,4,24,4920.0,27.59321818943475,51.73239165939861,0.0,29.92273171321623,61.44566992676864,6.0
27.59321818943475,51.73239165939861,0.0,29.92273171321623,61.44566992676864,6,0,2,5,18,4980.0,27.604129173218876,51.82952444207231,0.0,29.899959751732656,61.803416475153384,6.0
27.604129173218876,51.82952444207231,0.0,29.899959751732656,61.803416475153384,6,0,3,2,23,5040.0,27.61503903423816,51.92926336240312,0.0,29.79217247036984,62.31545319603643,6.0
27.61503903423816,51.92926336240312,0.0,29.79217247036984,62.31545319603643,6,0,1,5,18,5100.0,27.62594493868603,52.03312526073945,0.0,30.001330107347698,62.29775815694952,5.0
27.62594493868603,52.03312526073945,0.0,30.001330107347698,62.29775815694952,5,0,3,1,21,5160.0,27.635190784858317,52.135771589701555,0.0,29.982956779871017,61.748763873239625,5.0
27.635190784858317,52.135771589701555,0.0,29.982956779871017,61.748763873239625,5,0,2,0,25,5220.0,27.644435710391484,52.231901512536936,0.0,29.993060128669295,61.983553321688824,5.0
27.644435710391484,52.231901512536936,0.0,29.993060128669295,61.983553321688824,5,1,1,4,24,5280.0,27.582747357407584,52.170213159553036,1418.6661426234891,30.10192159880123,62.08828430655392,4.0
27.582747357407584,52.170213159553036,1418.6661426234891,30.10192159880123,62.08828430655392,4,0,1,3,30,5340.0,27.590331329882297,52.26939387102305,0.0,30.15250778978529,63.083731623026026,4.0
27.590331329882297,52.26939387102305,0.0,30.15250778978529,63.083731623026026,4,0,2,1,27,5400.0,27.597916735764294,52.37753724854308,0.0,30.140938141493724,63.38751443658671,4.0
27.597916735764294,52.37753724854308,0.0,30.140938141493724,63.38751443658671,4,0,1,4,24,5460.0,27.605501503144485,52.48763702042351,0.0,29.92957158723775,63.31138251987797,4.0
27.605501503144485,52.48763702042351,0.0,29.92957158723775,63.31138251987797,4,0,3,3,20,5520.0,27.61307897214729,52.59587447541806,0.0,30.020293949025206,63.94717205887266,5.0
27.61307897214729,52.59587447541806,0.0,30.020293949025206,63.94717205887266,5,0,3,1,18,5580.0,27.622325879313184,52.7093874512526,0.0,30.09340480212646,63.70841958516445,5.0
27.622325879313184,52.7093874512526,0.0,30.09340480212646,63.70841958516445,5,0,3,0,23,5640.0,27.631574915277277,52.81937777259172,0.0,30.21739848285532,63.70878003863244,5.0
27.631574915277277,52.81937777259172,0.0,30.21739848285532,63.70878003863244,5,1,2,4,26,5700.0,27.562954106367865,52.92827179525213,1557.473393899964,30.286115210709415,63.51853382085705,5.0
27.562954106367865,52.92827179525213,1557.473393899964,30.286115210709415,63.51853382085705,5,0,2,4,23,5760.0,27.572211545071344,53.034174415508176,0.0,30.128574742127242,63.39497492402323,6.0
27.572211545071344,53.034174415508176,0.0,30.128574742127242,63.39497492402323,6,0,3,1,27,5820.0,27.583130090511247,53.137782420593325,0.0,30.24533613692933,63.395928630161684,6.0
27.583130090511247,53.137782420593325,0.0,30.24533613692933,63.395928630161684,6,0,1,2,30,5880.0,27.59405216404613,53.24036388268901,0.0,30.286211271816356,62.654915844154125,6.0
27.59405216404613,53.24036388268901,0.0,30.286211271816356,62.654915844154125,6,0,3,0,24,5940.0,27.604975236016386,53.33450940230366,0.0,30.123979902932387,62.1033925445975,6.0
27.604975236016386,53.33450940230366,0.0,30.123979902932387,62.1033925445975,6,1,2,1,20,6000.0,27.528936864178498,53.4221982337266,1739.1134398690322,30.137502824050056,62.35291696233899,6.0
27.528936864178498,53.4221982337266,1739.1134398690322,30.137502824050056,62.35291696233899,6,1,2,3,28,6060.0,27.59635728396536,53.51150542101272,1412.5033563716838,30.135412283272398,62.73298938641386,6.0
27.59635728396536,53.51150542101272,1412.5033563716838,30.135412283272398,62.73298938641386,6,0,1,5,26,6120.0,27.60727525246534,53.603720260666734,0.0,30.25444933127952,63.242317751370514,6.0
27.60727525246534,53.603720260666734,0.0,30.25444933127952,63.242317751370514,6,1,2,4,28,6180.0,27.676927872207532,53.70010623557377,1468.2761818224958,30.145866814049896,64.29940536034145,7.0
27.676927872207532,53.70010623557377,1468.2761818224958,30.145866814049896,64.29940536034145,7,1,2,0,19,6240.0,27.603479386555637,53.806099226821445,1720.615672332452,30.156970829146985,64.36860807741849,7.0
27.603479386555637,53.806099226821445,1720.615672332452,30.156970829146985,64.36860807741849,7,1,1,6,25,6300.0,27.542603194930752,53.74522303519656,1469.2261601261164,30.20743419123959,64.08332623101522,7.0
27.542603194930752,53.74522303519656,1469.2261601261164,30.20743419123959,64.08332623101522,7,0,1,6,23,6360.0,27.555192022630628,53.848604067154746,0.0,30.24953915635608,64.71123038625801,7.0
27.555192022630628,53.848604067154746,0.0,30.24953915635608,64.71123038625801,7,1,2,5,28,6420.0,27.62911625813386,53.95723033034578,1533.3605983027028,30.2607814018509,64.52422117757946,6.0
27.62911625813386,53.95723033034578,1533.3605983027028,30.2607814018509,64.52422117757946,6,0,1,4,25,6480.0,27.64003731363865,54.062900238818116,0.0,30.197667567637897,64.66074023166259,6.0
27.64003731363865,54.062900238818116,0.0,30.197667567637897,64.66074023166259,6,1,2,3,26,6540.0,27.576297772581732,54.16887863874656,1493.1625746410668,30.288174222473852,64.59354969757256,6.0
27.576297772581732,54.16887863874656,1493.1625746410668,30.288174222473852,64.59354969757256,6,0,2,5,20,6600.0,27.58722150179673,54.27312534933482,0.0,30.3044096785555,64.06488839616651,6.0
27.58722150179673,54.27312534933482,0.0,30.3044096785555,64.06488839616651,6,0,2,6,22,6660.0,27.59814540806929,54.371042979803136,0.0,30.35465964816843,63.61951396439038,6.0
27.59814540806929,54.371042979803136,0.0,30.35465964816843,63.61951396439038,6,0,2,1,22,6720.0,27.609070625210627,54.463527689649005,0.0,30.37148048879148,64.09352488856777,6.0
27.609070625210627,54.463527689649005,0.0,30.37148048879148,64.09352488856777,6,1,1,4,30,6780.0,27.67373426937224,54.52819133381062,1343.4557624873626,30.391344347176222,63.99601194415675,6.0
27.67373426937224,54.52819133381062,1343.4557624873626,30.391344347176222,63.99601194415675,6,0,1,5,26,6840.0,27.684658189708166,54.62286953991408,0.0,30.382363229818868,64.0124215868464,6.0
27.684658189708166,54.62286953991408,0.0,30.382363229818868,64.0124215868464,6,0,3,4,30,6900.0,27.695581446542835,54.7167650603834,0.0,30.32993462287615,63.53251458402388,7.0
27.695581446542835,54.7167650603834,0.0,30.32993462287615,63.53251458402388,7,1,2,1,18,6960.0,27.61462817675877,54.804922555619804,1870.8216311321985,30.56203502248233,63.83425360485787,7.0
27.61462817675877,54.804922555619804,1870.8216311321985,30.56203502248233,63.83425360485787,7,0,2,2,28,7020.0,27.627226423653628,54.89521586611218,0.0,30.449508533501565,63.28748746162803,7.0
27.627226423653628,54.89521586611218,0.0,30.449508533501565,63.28748746162803,7,0,3,2,20,7080.0,27.639820499723957,54.97913858206734,0.0,30.515764788489555,63.358140023680434,7.0
27.639820499723957,54.97913858206734,0.0,30.515764788489555,63.358140023680434,7,1,1,3,30,7140.0,27.703844777384216,55.0431628597276,1285.7103212658726,30.382107938458063,64.02646870255992,6.0
27.703844777384216,55.0431628597276,1285.7103212658726,30.382107938458063,64.02646870255992,6,0,2,3,20,7200.0,27.71476738615625,55.13299591815593,0.0,30.314021000848285,63.087379202794004,6.0
27.71476738615625,55.13299591815593,0.0,30.314021000848285,63.087379202794004,6,0,1,6,28,7260.0,27.72568736127674,55.21253975100231,0.0,30.23469156766315,63.30380147971914,6.0
27.72568736127674,55.21253975100231,0.0,30.23469156766315,63.30380147971914,6,1,3,0,25,7320.0,27.67410868784011,55.29345236828948,1249.9128048702207,30.251030138158967,62.82806522175128,7.0
27.67410868784011,55.29345236828948,1249.9128048702207,30.251030138158967,62.82806522175128,7,0,3,0,24,7380.0,27.686694585221787,55.3687984968241,0.0,30.388871816960556,62.744162449378045,7.0
27.686694585221787,55.3687984968241,0.0,30.388871816960556,62.744162449378045,7,0,2,1,23,7440.0,27.699284657796177,55.44255213634964,0.0,30.459849159605067,64.12248218788096,7.0
27.699284657796177,55.44255213634964,0.0,30.459849159605067,64.12248218788096,7,1,1,1,25,7500.0,27.65229105438619,55.39555853293965,1191.7124445342993,30.40025508987331,64.08618958267982,6.0
27.65229105438619,55.39555853293965,1191.7124445342993,30.40025508987331,64.08618958267982,6,1,1,3,26,7560.0,27.600965649739347,55.344233128292814,1245.006735627206,30.671101248345288,64.49012503991592,6.0
27.600965649739347,55.344233128292814,1245.006735627206,30.671101248345288,64.49012503991592,6,1,2,1,21,7620.0,27.528108279129288,55.43569204740904,1675.8608359335788,30.739609785546545,64.55072139230809,6.0
27.528108279129288,55.43569204740904,1675.8608359335788,30.739609785546545,64.55072139230809,6,1,2,6,20,7680.0,27.43168904022423,55.52684234085803,2147.1924457720843,30.769805875563723,64.27701763092466,6.0
27.43168904022423,55.52684234085803,2147.1924457720843,30.769805875563723,64.27701763092466,6,0,1,4,27,7740.0,27.442633644118743,55.614344093758696,0.0,30.84500164184487,63.86988170785798,6.0
27.442633644118743,55.614344093758696,0.0,30.84500164184487,63.86988170785798,6,0,1,1,19,7800.0,27.453580389718667,55.69689946989969,0.0,30.7037397913516,64.31184905791837,6.0
27.453580389718667,55.69689946989969,0.0,30.7037397913516,64.31184905791837,6,0,2,6,20,7860.0,27.46452206169872,55.78304896577988,0.0,30.703839761722953,64.90324933318757,6.0
27.46452206169872,55.78304896577988,0.0,30.703839761722953,64.90324933318757,6,0,1,3,27,7920.0,27.475463372288722,55.87425096945395,0.0,30.832894584299748,65.33582760824771,5.0
27.475463372288722,55.87425096945395,0.0,30.832894584299748,65.33582760824771,5,0,1,3,24,7980.0,27.484741953329124,55.96886673584189,0.0,30.761155367933803,65.1635343403804,5.0
27.484741953329124,55.96886673584189,0.0,30.761155367933803,65.1635343403804,5,1,2,3,28,8040.0,27.55063994598509,56.060813411887274,1415.5528052202903,30.612913953827917,64.97556648042361,5.0
27.55063994598509,56.060813411887274,1415.5528052202903,30.612913953827917,64.97556648042361,5,0,3,4,28,8100.0,27.55990868845202,56.14996094257264,0.0,30.41897341301373,65.42057154383683,5.0
27.55990868845202,56.14996094257264,0.0,30.41897341301373,65.42057154383683,5,1,2,4,20,8160.0,27.469954985997745,56.24266704858528,1984.3134255685452,30.490092658355888,64.45941449110984,4.0
27.469954985997745,56.24266704858528,1984.3134255685452,30.490092658355888,64.45941449110984,4,1,3,3,23,8220.0,27.400169424610272,56.32483452301053,1547.7246528643575,30.713927974532975,63.989937417125404,4.0
27.400169424610272,56.32483452301053,1547.7246528643575,30.713927974532975,63.989937417125404,4,1,1,5,20,8280.0,27.322154353776696,56.24681945217695,1712.510589038142,30.641218020515378,63.939119493260876,4.0
27.322154353776696,56.24681945217695,1712.510589038142,30.641218020515378,63.939119493260876,4,1,3,5,19,8340.0,27.232407583641148,56.32374245258779,1947.148111822148,30.749518014367066,63.400928899559844,4.0
27.232407583641148,56.32374245258779,1947.148111822148,30.749518014367066,63.400928899559844,4,0,1,1,27,8400.0,27.240024820655506,56.39451431705751,0.0,30.6064348942046,63.16265199884308,4.0
27.240024820655506,56.39451431705751,0.0,30.6064348942046,63.16265199884308,4,1,3,1,30,8460.0,27.300212576988912,56.462195693875366,1314.3885666071444,30.418442116736237,63.88248648890002,4.0
27.300212576988912,56.462195693875366,1314.3885666071444,30.418442116736237,63.88248648890002,4,1,2,3,26,8520.0,27.23433078458296,56.53639860182561,1469.714667812235,30.42726569212483,64.36943904889664,4.0
27.23433078458296,56.53639860182561,1469.714667812235,30.42726569212483,64.36943904889664,4,1,2,3,26,8580.0,27.168678774539732,56.61472900629632,1465.168824136224,30.64323961819093,63.43869682361889,4.0
27.168678774539732,56.61472900629632,1465.168824136224,30.64323961819093,63.43869682361889,4,1,3,6,28,8640.0,27.235872171939338,56.68296868446955,1489.439467620409,30.64045906647554,63.778666055366216,4.0
27.235872171939338,56.68296868446955,1489.439467620409,30.64045906647554,63.778666055366216,4,0,3,2,21,8700.0,27.243485658169156,56.75392565817852,0.0,30.625216218310907,64.71085133382392,4.0
27.243485658169156,56.75392565817852,0.0,30.625216218310907,64.71085133382392,4,1,3,4,21,8760.0,27.164494879849205,56.833494914934974,1732.0700534391642,30.45481092659113,64.26388561703772,4.0
27.164494879849205,56.833494914934974,1732.0700534391642,30.45481092659113,64.26388561703772,4,0,1,2,30,8820.0,27.172104557050762,56.907798821956,0.0,30.483931202104934,64.0820989695802,4.0
27.172104557050762,56.907798821956,0.0,30.483931202104934,64.0820989695802,4,0,2,2,20,8880.0,27.179714951272263,56.97954182343224,0.0,30.666964521635766,63.7369274479416,4.0
27.179714951272263,56.97954182343224,0.0,30.666964521635766,63.7369274479416,4,1,3,4,28,8940.0,27.24229674545325,57.04711567967733,1374.1388132160305,30.587161833426233,63.88310135161448,4.0
27.24229674545325,57.04711567967733,1374.1388132160305,30.587161833426233,63.88310135161448,4,1,3,2,18,9000.0,27.161450293301186,57.1154755363967,1769.1589530999215,30.653057246904336,63.659935312230886,4.0
27.161450293301186,57.1154755363967,1769.1589530999215,30.653057246904336,63.659935312230886,4,0,2,3,22,9060.0,27.16906668019964,57.180920134155045,0.0,30.646793536447404,63.39597911588773,4.0
27.16906668019964,57.180920134155045,0.0,30.646793536447404,63.39597911588773,4,0,2,6,25,9120.0,27.176682604428184,57.24307072397237,0.0,30.78576994984204,62.723374280483426,5.0
27.176682604428184,57.24307072397237,0.0,30.78576994984204,62.723374280483426,5,0,1,5,29,9180.0,27.185969574006364,57.29787375953748,0.0,30.81236320847387,62.79383310460081,5.0
27.185969574006364,57.29787375953748,0.0,30.81236320847387,62.79383310460081,5,0,2,6,25,9240.0,27.195257120460848,57.352833352988114,0.0,30.86945440685465,63.04279954834278,6.0
27.195257120460848,57.352833352988114,0.0,30.86945440685465,63.04279954834278,6,0,2,2,27,9300.0,27.20621292703706,57.40973301494166,0.0,30.91738394247376,63.77263316499491,6.0
27.20621292703706,57.40973301494166,0.0,30.91738394247376,63.77263316499491,6,1,1,3,22,9360.0,27.14470210390568,57.34822219181028,1449.3572433046309,30.981791649919604,63.84957872073562,6.0
27.14470210390568,57.34822219181028,1449.3572433046309,30.981791649919604,63.84957872073562,6,0,2,2,28,9420.0,27.155663340223878,57.413235757099535,0.0,30.875370634535596,62.96672362726061,5.0
27.155663340223878,57.413235757099535,0.0,30.875370634535596,62.96672362726061,5,1,3,4,30,9480.0,27.225263045915497,57.46877063580115,1507.726219545224,30.84235914220532,63.760270706776915,5.0
27.225263045915497,57.46877063580115,1507.726219545224,30.84235914220532,63.760270706776915,5,0,3,4,20,9540.0,27.23455028245204,57.53168563651091,0.0,30.943237009957322,63.1215069648111,5.0
27.23455028245204,57.53168563651091,0.0,30.943237009957322,63.1215069648111,5,0,3,1,19,9600.0,27.243840572009624,57.58758384979391,0.0,30.90855985228065,62.82861060308675,5.0
27.243840572009624,57.58758384979391,0.0,30.90855985228065,62.82861060308675,5,0,2,3,26,9660.0,27.253129395985635,57.639994117326836,0.0,31.00444148292742,63.39245375034496,4.0
27.253129395985635,57.639994117326836,0.0,31.00444148292742,63.39245375034496,4,0,3,3,21,9720.0,27.260754439721865,57.69751871365702,0.0,31.090559936703798,62.85255066649838,3.0
27.260754439721865,57.69751871365702,0.0,31.090559936703798,62.85255066649838,3,1,1,4,21,9780.0,27.187933169919265,57.624697443854416,1575.6452663833118,31.159622993679474,62.30893049712605,3.0
27.187933169919265,57.624697443854416,1575.6452663833118,31.159622993679474,62.30893049712605,3,0,2,1,29,9840.0,27.193898892913392,57.671539774387135,0.0,31.15909543396857,62.79678676611738,3.0
27.193898892913392,57.671539774387135,0.0,31.15909543396857,62.79678676611738,3,0,1,3,20,9900.0,27.19986439946476,57.722792244304436,0.0,31.27869308021694,62.62462616523238,3.0
27.19986439946476,57.722792244304436,0.0,31.27869308021694,62.62462616523238,3,1,3,3,19,9960.0,27.116651622590812,57.77181058351371,1783.6414232661461,31.402930336509726,62.367200532371825,3.0
27.116651622590812,57.77181058351371,1783.6414232661461,31.402930336509726,62.367200532371825,3,0,2,6,23,10020.0,27.122627831881275,57.81776448300229,0.0,31.416833205205037,62.3446390872098,4.0
27.122627831881275,57.81776448300229,0.0,31.416833205205037,62.3446390872098,4,1,2,6,20,10080.0,27.024492723516047,57.86303322904437,2115.5649708867395,31.324244214815923,62.28780574266908,4.0
27.024492723516047,57.86303322904437,2115.5649708867395,31.324244214815923,62.28780574266908,4,1,3,5,26,10140.0,26.95986435482867,57.907280954180614,1445.4338747417282,31.358250179886493,61.96803067703403,5.0
26.95986435482867,57.907280954180614,1445.4338747417282,31.358250179886493,61.96803067703403,5,1,1,2,23,10200.0,26.903288007380393,57.850704606732336,1317.792539515577,31.40781998200286,61.41807629044786,5.0
26.903288007380393,57.850704606732336,1317.792539515577,31.40781998200286,61.41807629044786,5,1,2,6,28,10260.0,26.978426566529855,57.88637832356949,1645.5435354243293,31.356639735402343,61.70003499200026,5.0
26.978426566529855,57.88637832356949,1645.5435354243293,31.356639735402343,61.70003499200026,5,0,2,1,30,10320.0,26.987739173635482,57.924514890253796,0.0,31.234588581875343,61.22644646797624,5.0
26.987739173635482,57.924514890253796,0.0,31.234588581875343,61.22644646797624,5,1,3,1,30,10380.0,27.050205724457992,57.95753420603102,1328.958062722551,31.22056055705107,61.455011941023876,5.0
27.050205724457992,57.95753420603102,1328.958062722551,31.22056055705107,61.455011941023876,5,0,3,0,24,10440.0,27.059511402952413,57.99250898338095,0.0,31.43043379245611,60.76230724511481,6.0
27.059511402952413,57.99250898338095,0.0,31.43043379245611,60.76230724511481,6,0,3,3,27,10500.0,27.07049043369873,58.02020696599829,0.0,31.40479353690288,60.09376969117089,6.0
27.07049043369873,58.02020696599829,0.0,31.40479353690288,60.09376969117089,6,1,2,0,25,10560.0,27.015256772501072,58.040942593250016,1324.229426021924,31.396854672925087,60.348339087736825,6.0
27.015256772501072,58.040942593250016,1324.229426021924,31.396854672925087,60.348339087736825,6,1,2,1,23,10620.0,26.950588100264376,58.064016558194886,1512.9611766675673,31.237840489857057,60.016013538985796,6.0
26.950588100264376,58.064016558194886,1512.9611766675673,31.237840489857057,60.016013538985796,6,1,2,0,19,10680.0,26.877712577709904,58.083536528002796,1677.0352860158625,31.16290174986257,59.86135733223479,6.0
26.877712577709904,58.083536528002796,1677.0352860158625,31.16290174986257,59.86135733223479,6,1,3,1,26,10740.0,26.828404355614172,58.10131473604512,1205.687901362747,31.338813464687426,60.82689327871046,6.0
26.828404355614172,58.10131473604512,1205.687901362747,31.338813464687426,60.82689327871046,6,1,1,2,21,10800.0,26.76835992393987,58.04127030437081,1420.5622395587795,31.492385593767736,61.292255134061044,6.0
26.76835992393987,58.04127030437081,1420.5622395587795,31.492385593767736,61.292255134061044,6,0,2,4,20,10860.0,26.77935072479553,58.073780152667716,0.0,31.498149000057985,61.03091800587788,6.0
26.77935072479553,58.073780152667716,0.0,31.498149000057985,61.03091800587788,6,0,3,6,26,10920.0,26.790341351404706,58.10335153119982,0.0,31.57469883092188,60.456579689841085,6.0
26.790341351404706,58.10335153119982,0.0,31.57469883092188,60.456579689841085,6,1,3,3,20,10980.0,26.716609708796874,58.12688381278623,1694.4890904763477,31.493259012177248,61.207001204981275,6.0
26.716609708796874,58.12688381278623,1694.4890904763477,31.493259012177248,61.207001204981275,6,0,3,1,26,11040.0,26.727602263773655,58.15768498670818,0.0,31.430391987474163,59.897934605635136,6.0
26.727602263773655,58.15768498670818,0.0,31.430391987474163,59.897934605635136,6,0,3,2,20,11100.0,26.738592356764446,58.17508748289745,0.0,31.3179893690011,60.17952395457736,6.0
26.738592356764446,58.17508748289745,0.0,31.3179893690011,60.17952395457736,6,0,2,0,25,11160.0,26.749578336664854,58.19513184761425,0.0,31.282625726916173,60.03359203000748,5.0
26.749578336664854,58.19513184761425,0.0,31.282625726916173,60.03359203000748,5,1,1,2,20,11220.0,26.68533476448537,58.130888275434764,1471.226808516567,31.215544636700145,59.45303583494087,6.0
26.68533476448537,58.130888275434764,1471.226808516567,31.215544636700145,59.45303583494087,6,0,1,4,27,11280.0,26.696319104814442,58.14410975102982,0.0,31.25660036120428,59.069375597323045,6.0
26.696319104814442,58.14410975102982,0.0,31.25660036120428,59.069375597323045,6,1,1,4,25,11340.0,26.642215490208546,58.09000613642392,1301.7791462888665,31.438690228783216,59.40169501211288,5.0
26.642215490208546,58.09000613642392,1301.7791462888665,31.438690228783216,59.40169501211288,5,0,1,1,22,11400.0,26.651542039366497,58.103123025180814,0.0,31.40314908970579,60.145335524724494,6.0
26.651542039366497,58.103123025180814,0.0,31.40314908970579,60.145335524724494,6,0,2,3,24,11460.0,26.66253375960151,58.12354515017625,0.0,31.19603110144774,60.642002775528375,6.0
26.66253375960151,58.12354515017625,0.0,31.19603110144774,60.642002775528375,6,1,3,3,22,11520.0,26.595522946498164,58.14872972642977,1559.9052602947954,31.257348501636898,60.834737513452495,6.0
26.595522946498164,58.14872972642977,1559.9052602947954,31.257348501636898,60.834737513452495,6,0,3,0,27,11580.0,26.60651167401667,58.175589804299996,0.0,31.05095999696145,61.21176857706806,6.0
26.60651167401667,58.175589804299996,0.0,31.05095999696145,61.21176857706806,6,1,3,4,24,11640.0,26.54289166710318,58.205951592027674,1492.0297704851002,31.09118680468158,61.872266471838415,5.0
26.54289166710318,58.205951592027674,1492.0297704851002,31.09118680468158,61.872266471838415,5,0,2,4,21,11700.0,26.552209943607767,58.24261474082578,0.0,31.20968876847682,61.23711210839664,5.0
26.552209943607767,58.24261474082578,0.0,31.20968876847682,61.23711210839664,5,0,1,2,22,11760.0,26.561531859568596,58.27255971450149,0.0,31.181788240472223,61.288068151338095,5.0
26.561531859568596,58.27255971450149,0.0,31.181788240472223,61.288068151338095,5,1,2,1,27,11820.0,26.622357474495182,58.30271479886986,1287.6234928471783,31.054919042787905,62.181366663301446,5.0
26.622357474495182,58.30271479886986,1287.6234928471783,31.054919042787905,62.181366663301446,5,1,3,0,25,11880.0,26.572210410159265,58.34150131751417,1189.229661097235,31.111737443121946,61.83335658250097,4.0
26.572210410159265,58.34150131751417,1189.229661097235,31.111737443121946,61.83335658250097,4,0,2,6,29,11940.0,26.57986172772703,58.37641987016404,0.0,31.242277685748462,61.04360387395733,4.0
26.57986172772703,58.37641987016404,0.0,31.242277685748462,61.04360387395733,4,1,3,6,30,12000.0,26.654498737051,58.40309171020198,1674.5398864675174,31.30127816185891,62.31379942279805,4.0
26.654498737051,58.40309171020198,1674.5398864675174,31.30127816185891,62.31379942279805,4,0,1,0,30,12060.0,26.662153629698494,58.44219878732794,0.0,31.390830715600607,61.443615509990806,4.0
26.662153629698494,58.44219878732794,0.0,31.390830715600607,61.443615509990806,4,1,2,4,29,12120.0,26.73414424981449,58.47221295455457,1608.3249386617083,31.440947842049475,61.449163120150594,4.0
26.73414424981449,58.47221295455457,1608.3249386617083,31.440947842049475,61.449163120150594,4,0,1,4,29,12180.0,26.741801143267566,58.501982456210534,0.0,31.47812144485068,61.98837849224995,4.0
26.741801143267566,58.501982456210534,0.0,31.47812144485068,61.98837849224995,4,0,1,6,27,12240.0,26.749459020610953,58.53684641657093,0.0,31.565966802150523,61.481191014258975,4.0
26.749459020610953,58.53684641657093,0.0,31.565966802150523,61.481191014258975,4,1,2,5,20,12300.0,26.656809099543047,58.56628986254781,2006.2094265458215,31.475575585634257,60.581984053580065,4.0
26.656809099543047,58.56628986254781,2006.2094265458215,31.475575585634257,60.581984053580065,4,1,2,4,27,12360.0,26.723058114885898,58.586446804458134,1464.7097448329007,31.320186285189504,61.36523861693302,4.0
26.723058114885898,58.586446804458134,1464.7097448329007,31.320186285189504,61.36523861693302,4,0,2,3,28,12420.0,26.730711352491575,58.614234722582886,0.0,31.37587122538311,60.34907815476699,4.0
26.730711352491575,58.614234722582886,0.0,31.37587122538311,60.34907815476699,4,0,1,3,25,12480.0,26.738366191154004,58.631583156904725,0.0,31.542126733494513,60.22859786333903,4.0
26.738366191154004,58.631583156904725,0.0,31.542126733494513,60.22859786333903,4,0,2,1,30,12540.0,26.746026316505414,58.64755330396907,0.0,31.61174035769147,60.198963852038865,4.0
26.746026316505414,58.64755330396907,0.0,31.61174035769147,60.198963852038865,4,0,2,2,29,12600.0,26.753688506973454,58.663067409449766,0.0,31.66377839919822,60.16311345445178,4.0
26.753688506973454,58.663067409449766,0.0,31.66377839919822,60.16311345445178,4,0,2,2,28,12660.0,26.761352176636528,58.678067869899785,0.0,31.656419980210178,60.65176057599752,4.0
26.761352176636528,58.678067869899785,0.0,31.656419980210178,60.65176057599752,4,1,1,3,23,12720.0,26.700701458055484,58.61741715131874,1366.2777501566004,31.802212082622056,61.102814335369075,4.0
26.700701458055484,58.61741715131874,1366.2777501566004,31.802212082622056,61.102814335369075,4,0,2,6,23,12780.0,26.708371508409638,58.64227112315924,0.0,31.798225635222067,60.73887196560753,4.0
26.708371508409638,58.64227112315924,0.0,31.798225635222067,60.73887196560753,4,1,3,1,19,12840.0,26.636033247483333,58.66323713158372,1600.1584546106567,31.747795833640804,60.434960019299716,4.0
26.636033247483333,58.66323713158372,1600.1584546106567,31.747795833640804,60.434960019299716,4,1,1,4,25,12900.0,26.578795539827087,58.60599942392747,1298.161994849,31.839057865894848,60.645818485801264,4.0
26.578795539827087,58.60599942392747,1298.161994849,31.839057865894848,60.645818485801264,4,1,1,0,29,12960.0,26.63131329082497,58.65851717492535,1121.0602230086456,31.859499303044988,60.25073342037202,3.0
26.63131329082497,58.65851717492535,1121.0602230086456,31.859499303044988,60.25073342037202,3,1,3,0,28,13020.0,26.684332007785564,58.674439337379816,1175.2777690046266,31.673167863214587,60.75959835842693,3.0
26.684332007785564,58.674439337379816,1175.2777690046266,31.673167863214587,60.75959835842693,3,0,1,5,27,13080.0,26.69033163564741,58.695290927590285,0.0,31.69063729343454,60.8478788583544,3.0
26.69033163564741,58.695290927590285,0.0,31.69063729343454,60.8478788583544,3,1,3,4,22,13140.0,26.61485355143837,58.716816806897924,1629.561887952729,31.478127803295777,61.006605331812914,4.0
26.61485355143837,58.716816806897924,1629.561887952729,31.478127803295777,61.006605331812914,4,0,2,3,29,13200.0,26.6225156605801,58.739714692147075,0.0,31.386232019825822,60.75649807393747,4.0
26.6225156605801,58.739714692147075,0.0,31.386232019825822,60.75649807393747,4,1,2,3,27,13260.0,26.686416307902206,58.759882525964976,1406.046419419973,31.315619158607213,60.58072963581317,5.0
26.686416307902206,58.759882525964976,1406.046419419973,31.315619158607213,60.58072963581317,5,0,1,6,23,13320.0,26.695737281330562,58.77809099706346,0.0,31.248486735580364,60.64825621871928,5.0
26.695737281330562,58.77809099706346,0.0,31.248486735580364,60.64825621871928,5,1,1,2,21,13380.0,26.63439242878871,58.71674614452161,1413.2655504731808,31.251924917806157,60.589874219828495,5.0
26.63439242878871,58.71674614452161,1413.2655504731808,31.251924917806157,60.589874219828495,5,0,1,0,29,13440.0,26.643713013205012,58.735477425274674,0.0,31.12770701083331,60.42743240883262,5.0
26.643713013205012,58.735477425274674,0.0,31.12770701083331,60.42743240883262,5,1,2,0,19,13500.0,26.57009800729865,58.75239697511025,1658.6227807923008,31.05276541213761,60.596315458359925,5.0
26.57009800729865,58.75239697511025,1658.6227807923008,31.05276541213761,60.596315458359925,5,0,3,0,27,13560.0,26.579414096212144,58.770836159942746,0.0,31.09940999222159,60.536061359976976,5.0
26.579414096212144,58.770836159942746,0.0,31.09940999222159,60.536061359976976,5,0,1,5,24,13620.0,26.58873142940868,58.788488411943085,0.0,31.143541427827717,60.60358743970579,5.0
26.58873142940868,58.788488411943085,0.0,31.143541427827717,60.60358743970579,5,0,3,5,24,13680.0,26.598049923075294,58.80663940222071,0.0,31.071542474505524,60.14155603603526,5.0
26.598049923075294,58.80663940222071,0.0,31.071542474505524,60.14155603603526,5,1,3,4,27,13740.0,26.661226854363424,58.819988568558855,1346.5287050770305,31.222014603844368,60.20178921220601,5.0
26.661226854363424,58.819988568558855,1346.5287050770305,31.222014603844368,60.20178921220601,5,0,1,3,26,13800.0,26.670545547288405,58.83380657499533,0.0,31.046870804123984,59.81767990816536,4.0
26.670545547288405,58.83380657499533,0.0,31.046870804123984,59.81767990816536,4,1,1,0,27,13860.0,26.718850333702388,58.882111361409315,1016.4727226355797,31.094552163626442,59.572758937162156,4.0
26.718850333702388,58.882111361409315,1016.4727226355797,31.094552163626442,59.572758937162156,4,0,2,2,18,13920.0,26.72649619043005,58.88901783716685,0.0,30.96952080533051,59.678166476141755,4.0
26.72649619043005,58.88901783716685,0.0,30.96952080533051,59.678166476141755,4,0,3,5,27,13980.0,26.73413762458388,58.8969093235566,0.0,31.09458533966539,60.21917509572421,4.0
26.73413762458388,58.8969093235566,0.0,31.09458533966539,60.21917509572421,4,1,2,4,18,14040.0,26.63834007739255,58.910131981278276,2068.8579089700397,31.146654289307655,59.67940866964119,4.0
26.63834007739255,58.910131981278276,2068.8579089700397,31.146654289307655,59.67940866964119,4,0,1,0,22,14100.0,26.645990354532945,58.917824748161905,0.0,31.138591408462673,60.079214482669315,4.0
26.645990354532945,58.917824748161905,0.0,31.138591408462673,60.079214482669315,4,1,3,4,22,14160.0,26.57230833973145,58.92943864550698,1626.6353633991741,31.260237386252584,58.88291040857068,3.0
26.57230833973145,58.92943864550698,1626.6353633991741,31.260237386252584,58.88291040857068,3,1,1,6,22,14220.0,26.498437935262206,58.85556824103773,1597.200042082544,31.33326576818328,59.0034105352693,2.0
26.498437935262206,58.85556824103773,1597.200042082544,31.33326576818328,59.0034105352693,2,0,1,0,27,14280.0,26.502765762856637,58.85704666398004,0.0,31.25021453835553,58.802369797707264,2.0
26.502765762856637,58.85704666398004,0.0,31.25021453835553,58.802369797707264,2,1,1,3,22,14340.0,26.436645226247606,58.79092612737101,1408.9090313642566,31.07974427564015,59.29323213481208,2.0
26.436645226247606,58.79092612737101,1408.9090313642566,31.07974427564015,59.29323213481208,2,0,1,3,30,14400.0,26.440966662882587,58.795949187445416,0.0,31.10517583829552,58.942356913746686,2.0
26.440966662882587,58.795949187445416,0.0,31.10517583829552,58.942356913746686,2,1,3,1,21,14460.0,26.37182801194936,58.79741326470843,1469.2158247814696,31.166670302198657,59.19719845236785,2.0
26.37182801194936,58.79741326470843,1469.2158247814696,31.166670302198657,59.19719845236785,2,0,1,3,28,14520.0,26.37615450669237,58.80141111658503,0.0,31.121342385152975,59.08557427843208,2.0
26.37615450669237,58.80141111658503,0.0,31.121342385152975,59.08557427843208,2,0,1,3,26,14580.0,26.38047934628832,58.8042527482035,0.0,30.970112585984577,58.68738704088732,2.0
26.38047934628832,58.8042527482035,0.0,30.970112585984577,58.68738704088732,2,0,2,2,22,14640.0,26.384799000729643,58.803084091130344,0.0,30.92137684938618,58.174655203631744,1.0
26.384799000729643,58.803084091130344,0.0,30.92137684938618,58.174655203631744,1,0,3,0,21,14700.0,26.387450219991265,58.79679980225536,0.0,30.90166211129034,57.421610781101656,1.0
26.387450219991265,58.79679980225536,0.0,30.90166211129034,57.421610781101656,1,0,1,4,20,14760.0,26.390100693720974,58.78304791204382,0.0,30.983636083016147,57.32387445930867,1.0
26.390100693720974,58.78304791204382,0.0,30.983636083016147,57.32387445930867,1,0,1,0,18,14820.0,26.392753811567285,58.76845617751647,0.0,31.197194756023883,57.46489156891334,1.0
26.392753811567285,58.76845617751647,0.0,31.197194756023883,57.46489156891334,1,0,2,1,25,14880.0,26.395413959598766,58.75542053143044,0.0,30.975435648088006,56.88080265498824,1.0
26.395413959598766,58.75542053143044,0.0,30.975435648088006,56.88080265498824,1,0,2,3,26,14940.0,26.39806662698838,58.736674352666014,0.0,31.057845937773575,56.79872794862735,2.0
26.39806662698838,58.736674352666014,0.0,31.057845937773575,56.79872794862735,2,1,2,5,29,15000.0,26.47019441975111,58.71729488862563,1695.1450029758714,31.06502253952531,57.60829748425257,2.0
26.47019441975111,58.71729488862563,1695.1450029758714,31.06502253952531,57.60829748425257,2,1,3,3,26,15060.0,26.40977725750264,58.7062049145819,1294.7397970492577,31.108888020780682,57.852756906666244,2.0
26.40977725750264,58.7062049145819,1294.7397970492577,31.108888020780682,57.852756906666244,2,1,3,5,27,15120.0,26.470723673736618,58.69767043450275,1415.5778135466935,30.946787192323047,57.503842262539294,2.0
26.470723673736618,58.69767043450275,1415.5778135466935,30.946787192323047,57.503842262539294,2,1,3,6,28,15180.0,26.536613272813685,58.68573215278311,1539.3432573278317,31.063604032468458,57.68997956755857,2.0
26.536613272813685,58.68573215278311,1539.3432573278317,31.063604032468458,57.68997956755857,2,0,1,0,18,15240.0,26.54093083917234,58.67577462693087,0.0,30.856213431971295,56.809358278240246,1.0
26.54093083917234,58.67577462693087,0.0,30.856213431971295,56.809358278240246,1,1,1,2,29,15300.0,26.592984634079254,58.727828421837785,1235.2488038455213,30.7138011908055,56.581156686820194,1.0
26.592984634079254,58.727828421837785,1235.2488038455213,30.7138011908055,56.581156686820194,1,0,3,1,27,15360.0,26.595621994631145,58.706361704487605,0.0,30.696352740143798,57.08192189900739,1.0
26.595621994631145,58.706361704487605,0.0,30.696352740143798,57.08192189900739,1,1,3,5,27,15420.0,26.65437072517076,58.6901173064328,1402.800987869109,30.687097754934843,57.09691669674615,0.0
26.65437072517076,58.6901173064328,1402.800987869109,30.687097754934843,57.09691669674615,0,0,3,1,20,15480.0,26.65533848273842,58.674185300335935,0.0,30.669813187453432,56.87903444826084,0.0
26.65533848273842,58.674185300335935,0.0,30.669813187453432,56.87903444826084,0,1,3,4,24,15540.0,26.581543014902206,58.65623379181518,1495.2523398607357,30.708410196710318,56.29071197631081,0.0
26.581543014902206,58.65623379181518,1495.2523398607357,30.708410196710318,56.29071197631081,0,1,2,5,24,15600.0,26.49783312416905,58.63257857366014,1693.6157261176654,30.644787825445125,56.00818173953521,0.0
26.49783312416905,58.63257857366014,1693.6157261176654,30.644787825445125,56.00818173953521,0,1,2,2,29,15660.0,26.55821040987795,58.60633460531889,1485.143013804843,30.888909997692316,56.22674512940073,1.0
26.55821040987795,58.60633460531889,1485.143013804843,30.888909997692316,56.22674512940073,1,1,3,0,29,15720.0,26.610226703629145,58.58253871055971,1234.2984274567127,31.013854634421854,55.49107837574084,1.0
26.610226703629145,58.58253871055971,1234.2984274567127,31.013854634421854,55.49107837574084,1,1,1,4,28,15780.0,26.66420894713813,58.63652095406869,1283.3863977822512,31.053948637902547,55.90978932242651,1.0
26.66420894713813,58.63652095406869,1283.3863977822512,31.053948637902547,55.90978932242651,1,1,2,1,22,15840.0,26.589163013611003,58.609253637752275,1553.845163669702,31.120891064236677,56.144212093259824,0.0
26.589163013611003,58.609253637752275,1553.845163669702,31.120891064236677,56.144212093259824,0,1,1,0,21,15900.0,26.526174497011997,58.54626512115327,1279.4581506805503,31.23037091445941,55.74121622773011,0.0
26.526174497011997,58.54626512115327,1279.4581506805503,31.23037091445941,55.74121622773011,0,1,3,0,18,15960.0,26.448717657025796,58.518214632219035,1568.93959733566,31.17005615775804,55.143947474211984,0.0
26.448717657025796,58.518214632219035,1568.93959733566,31.17005615775804,55.143947474211984,0,1,2,3,25,16020.0,26.375710292392416,58.48447196063896,1479.96151833478,31.154037461524798,54.239334846008106,0.0
26.375710292392416,58.48447196063896,1479.96151833478,31.154037461524798,54.239334846008106,0,0,1,6,29,16080.0,26.376702903298053,58.44202058949266,0.0,31.104049985246096,53.84961353263914,0.0
26.376702903298053,58.44202058949266,0.0,31.104049985246096,53.84961353263914,0,1,1,3,21,16140.0,26.30473579402047,58.37005348021508,1459.160416939638,31.12711971707954,53.43012931281705,0.0
26.30473579402047,58.37005348021508,1459.160416939638,31.12711971707954,53.43012931281705,0,1,3,5,27,16200.0,26.362641850051016,58.320654238541096,1422.7994141610927,31.075446342934445,52.78586724468482,0.0
26.362641850051016,58.320654238541096,1422.7994141610927,31.075446342934445,52.78586724468482,0,0,3,5,22,16260.0,26.363632276867445,58.26530636860253,0.0,31.0138775503973,53.167580021927506,0.0
26.363632276867445,58.26530636860253,0.0,31.0138775503973,53.167580021927506,0,0,1,4,30,16320.0,26.364620618376563,58.21432910513578,0.0,31.0406807491059,52.32628657827822,1.0
26.364620618376563,58.21432910513578,0.0,31.0406807491059,52.32628657827822,1,0,2,5,29,16380.0,26.367276487047587,58.155448679867206,0.0,31.22536734065215,52.485242810827806,1.0
26.367276487047587,58.155448679867206,0.0,31.22536734065215,52.485242810827806,1,1,2,3,27,16440.0,26.426884740305123,58.098746621176815,1423.6579223937165,31.168069941325324,52.98047418966535,1.0
26.426884740305123,58.098746621176815,1423.6579223937165,31.168069941325324,52.98047418966535,1,0,3,4,27,16500.0,26.429542779811825,58.0475638968617,0.0,31.12712768402224,53.09580315226953,1.0
26.429542779811825,58.0475638968617,0.0,31.12712768402224,53.09580315226953,1,0,2,1,21,16560.0,26.4321993659753,57.99804628941578,0.0,30.757465493453306,53.133427439652706,1.0
26.4321993659753,57.99804628941578,0.0,30.757465493453306,53.133427439652706,1,1,2,3,24,16620.0,26.35745245370027,57.949400100918155,1547.8217562522957,30.728766274874207,53.70867096466938,1.0
26.35745245370027,57.949400100918155,1547.8217562522957,30.728766274874207,53.70867096466938,1,1,1,6,24,16680.0,26.28743644368645,57.87938409090434,1453.2344094905177,30.685868203136966,54.191055911820605,1.0
26.28743644368645,57.87938409090434,1453.2344094905177,30.685868203136966,54.191055911820605,1,0,3,3,24,16740.0,26.29008305807843,57.8425008091135,0.0,30.50201634080976,54.64011457388178,0.0
26.29008305807843,57.8425008091135,0.0,30.50201634080976,54.64011457388178,0,1,3,5,23,16800.0,26.21099712867571,57.810476946761185,1601.193210242892,30.603011890480467,53.97430551577607,0.0
26.21099712867571,57.810476946761185,1601.193210242892,30.603011890480467,53.97430551577607,0,0,1,2,29,16860.0,26.211976862501103,57.772115232451334,0.0,30.66995952423144,54.53668946139491,0.0
26.211976862501103,57.772115232451334,0.0,30.66995952423144,54.53668946139491,0,1,2,4,18,16920.0,26.11139567855149,57.73976097474077,2031.2623341000794,30.53556262605443,54.04303412365051,0.0
20.826670379865423,42.523391802974736,0.0,18.708236356543484,65.36054380026407,8,1,1,1,22,60.0,20.88523042426693,42.581951847376246,1111.5998050570652,18.663458590258813,67.0676373132541,8.0
20.88523042426693,42.581951847376246,1111.5998050570652,18.663458590258813,67.0676373132541,8,1,2,6,22,120.0,20.965201112948748,42.826808702035024,1646.9520269071795,18.67528970507048,66.720866868523,8.0
20.965201112948748,42.826808702035024,1646.9520269071795,18.67528970507048,66.720866868523,8,1,2,5,23,180.0,21.045395845896305,43.0657492836999,1652.609916528844,18.730773084667344,67.12305476714818,8.0
21.045395845896305,43.0657492836999,1652.609916528844,18.730773084667344,67.12305476714818,8,1,1,4,24,240.0,21.11457640844078,43.134929846244376,1377.2762492462216,18.868792886257147,67.56129124491903,8.0
21.11457640844078,43.134929846244376,1377.2762492462216,18.868792886257147,67.56129124491903,8,0,3,1,28,300.0,21.128668215656706,43.37919346023112,0.0,18.9090563494105,67.32379244630994,9.0
21.128668215656706,43.37919346023112,0.0,18.9090563494105,67.32379244630994,9,1,1,4,27,360.0,21.206518758210255,43.45704400278467,1552.2799070605975,18.700851049234284,67.65987942576935,8.0
21.206518758210255,43.45704400278467,1552.2799070605975,18.700851049234284,67.65987942576935,8,0,3,3,25,420.0,21.220601902619954,43.699072357014515,0.0,18.660603329764115,67.05284012593482,8.0
21.220601902619954,43.699072357014515,0.0,18.660603329764115,67.05284012593482,8,1,3,3,26,480.0,21.29737511318723,43.93261003470372,1567.296929659288,18.594413558145433,67.05493981459944,9.0
21.29737511318723,43.93261003470372,1567.296929659288,18.594413558145433,67.05493981459944,9,1,1,1,30,540.0,21.37339386006437,44.00862878158086,1506.8878065576705,18.64514852423347,65.95565944492093,9.0
21.37339386006437,44.00862878158086,1506.8878065576705,18.64514852423347,65.95565944492093,9,1,1,5,27,600.0,21.453202767236345,44.08843768875283,1601.662883745977,18.511782451965647,65.79814797077842,8.0
21.453202767236345,44.08843768875283,1601.662883745977,18.511782451965647,65.79814797077842,8,1,2,6,18,660.0,21.375803895766946,44.30553479157309,1829.3498158444347,18.64082852610328,65.82574759204346,8.0
21.375803895766946,44.30553479157309,1829.3498158444347,18.64082852610328,65.82574759204346,8,1,1,6,28,720.0,21.459102306458963,44.388833202265104,1730.5727467751485,18.754566635866173,66.02548227834455,8.0
21.459102306458963,44.388833202265104,1730.5727467751485,18.754566635866173,66.02548227834455,8,0,2,5,26,780.0,21.47317882193661,44.605199693025895,0.0,18.618156036484336,65.75954340319988,8.0
21.47317882193661,44.605199693025895,0.0,18.618156036484336,65.75954340319988,8,1,2,5,21,840.0,21.410475900594832,44.816743130127634,1535.4884116452456,18.461014036650507,65.29335778160889,8.0
21.410475900594832,44.816743130127634,1535.4884116452456,18.461014036650507,65.29335778160889,8,0,2,5,24,900.0,21.424544251866035,45.02150927664245,0.0,18.537652884307747,65.08641031047146,8.0
21.424544251866035,45.02150927664245,0.0,18.537652884307747,65.08641031047146,8,1,2,3,18,960.0,21.35780001115151,45.222158286980736,1616.2935533787563,18.617450409765937,64.8088556965073,7.0
21.35780001115151,45.222158286980736,1616.2935533787563,18.617450409765937,64.8088556965073,7,0,1,3,19,1020.0,21.3702086661648,45.418025261076004,0.0,18.71422985666628,65.00835177525815,7.0
21.3702086661648,45.418025261076004,0.0,18.71422985666628,65.00835177525815,7,1,3,6,28,1080.0,21.458781336752583,45.613928526217826,1904.0300803692169,18.68719318699016,64.99465961505628,7.0
21.458781336752583,45.613928526217826,1904.0300803692169,18.68719318699016,64.99465961505628,7,0,1,6,23,1140.0,21.471188950480926,45.80773583710621,0.0,18.832484551417547,63.902005204165064,7.0
21.471188950480926,45.80773583710621,0.0,18.832484551417547,63.902005204165064,7,1,2,4,21,1200.0,21.409904713445894,45.988678530776795,1473.9256044346268,18.8842588836126,63.458942646258244,7.0
21.409904713445894,45.988678530776795,1473.9256044346268,18.8842588836126,63.458942646258244,7,1,1,2,26,1260.0,21.476418734881985,46.05519255221289,1352.4552407604758,19.013329435143813,64.15711639821417,7.0
21.476418734881985,46.05519255221289,1352.4552407604758,19.013329435143813,64.15711639821417,7,1,3,5,20,1320.0,21.41501144250417,46.2362117906729,1476.5037880231364,18.862150720546918,64.42460173439605,7.0
21.41501144250417,46.2362117906729,1476.5037880231364,18.862150720546918,64.42460173439605,7,0,3,3,22,1380.0,21.42742634714677,46.41809569011013,0.0,18.86745665184018,64.85724661246367,7.0
21.42742634714677,46.41809569011013,0.0,18.86745665184018,64.85724661246367,7,1,2,0,18,1440.0,21.369558735782153,46.602487199333666,1405.6455808288063,18.75372025764504,64.69307855305883,7.0
21.369558735782153,46.602487199333666,1405.6455808288063,18.75372025764504,64.69307855305883,7,1,2,0,26,1500.0,21.441084600200337,46.78339311287092,1477.8264758530709,18.818011090781717,64.81674491821177,6.0
21.441084600200337,46.78339311287092,1477.8264758530709,18.818011090781717,64.81674491821177,6,1,1,5,20,1560.0,21.3848271083744,46.72713562104498,1340.0677875125211,18.692209099655084,65.25631408023153,6.0
21.3848271083744,46.72713562104498,1340.0677875125211,18.692209099655084,65.25631408023153,6,1,3,1,28,1620.0,21.457051737153762,46.91242740563685,1537.0262344913783,18.801863379252605,64.24981376407669,6.0
21.457051737153762,46.91242740563685,1537.0262344913783,18.801863379252605,64.24981376407669,6,0,3,1,21,1680.0,21.4677965642085,47.08580126922125,0.0,18.711477825057372,64.94782444676743,6.0
21.4677965642085,47.08580126922125,0.0,18.711477825057372,64.94782444676743,6,0,2,5,18,1740.0,21.478538020250525,47.26442150099671,0.0,18.80535358930762,65.65637185956868,7.0
21.478538020250525,47.26442150099671,0.0,18.80535358930762,65.65637185956868,7,0,2,1,19,1800.0,21.490948914102827,47.44834100458243,0.0,18.98394359396427,65.20418583526721,7.0
21.490948914102827,47.44834100458243,0.0,18.98394359396427,65.20418583526721,7,1,2,1,25,1860.0,21.56260815599528,47.62589945288928,1481.0702184115219,19.00328845146345,65.85911841998397,6.0
21.56260815599528,47.62589945288928,1481.0702184115219,19.00328845146345,65.85911841998397,6,0,3,0,22,1920.0,21.573356178671798,47.80823164256022,0.0,18.964247577635405,66.11719043977716,6.0
21.573356178671798,47.80823164256022,0.0,18.964247577635405,66.11719043977716,6,0,3,4,25,1980.0,21.58410254171843,47.99132123053239,0.0,18.911448175458844,66.79372501986036,6.0
21.58410254171843,47.99132123053239,0.0,18.911448175458844,66.79372501986036,6,1,2,4,29,2040.0,21.673804571252738,48.17934526842567,1973.944616996273,18.942420853372443,67.03160101577613,6.0
21.673804571252738,48.17934526842567,1973.944616996273,18.942420853372443,67.03160101577613,6,1,3,1,29,2100.0,21.747670369902547,48.367867825899175,1578.0877860101543,19.02114815217256,67.4971589699716,6.0
21.747670369902547,48.367867825899175,1578.0877860101543,19.02114815217256,67.4971589699716,6,1,1,1,20,2160.0,21.70132518444096,48.32152264043759,1141.7526944198837,18.943394839777074,68.07796337680016,6.0
21.70132518444096,48.32152264043759,1141.7526944198837,18.943394839777074,68.07796337680016,6,0,3,4,25,2220.0,21.712066586762806,48.51908704780122,0.0,18.869156202734,68.01996484063939,6.0
21.712066586762806,48.51908704780122,0.0,18.869156202734,68.01996484063939,6,0,1,0,21,2280.0,21.722805156416673,48.7140958257296,0.0,18.820790338990243,67.89660262858217,7.0
21.722805156416673,48.7140958257296,0.0,18.820790338990243,67.89660262858217,7,1,2,3,20,2340.0,21.660264744799786,48.90592089375813,1498.8735557927505,18.800698295210186,67.7756294285096,7.0
21.660264744799786,48.90592089375813,1498.8735557927505,18.800698295210186,67.7756294285096,7,0,1,5,22,2400.0,21.672669425918134,49.09461797910564,0.0,18.62674159768399,67.74993827456247,7.0
21.672669425918134,49.09461797910564,0.0,18.62674159768399,67.74993827456247,7,0,3,0,28,2460.0,21.685067894990524,49.28117118206021,0.0,18.86938796514469,67.46264325921845,8.0
21.685067894990524,49.28117118206021,0.0,18.86938796514469,67.46264325921845,8,1,3,1,30,2520.0,21.7645481988221,49.4629859028318,1635.187329064297,19.078162563732203,67.24947985178433,8.0
21.7645481988221,49.4629859028318,1635.187329064297,19.078162563732203,67.24947985178433,8,0,3,1,28,2580.0,21.778625319300932,49.64085084232132,0.0,19.11697787337862,67.3331293020571,8.0
21.778625319300932,49.64085084232132,0.0,19.11697787337862,67.3331293020571,8,1,3,5,21,2640.0,21.72127673985097,49.81777362691868,1428.5304907019392,19.170034875874872,66.57542698459169,8.0
21.72127673985097,49.81777362691868,1428.5304907019392,19.170034875874872,66.57542698459169,8,1,1,2,19,2700.0,21.67287485408758,49.76937174115529,1249.6702206918035,19.17554452514056,66.93167890434967,8.0
21.67287485408758,49.76937174115529,1249.6702206918035,19.17554452514056,66.93167890434967,8,0,2,2,25,2760.0,21.68695827640995,49.94099481278723,0.0,19.064091293639752,66.06207632826327,8.0
21.68695827640995,49.94099481278723,0.0,19.064091293639752,66.06207632826327,8,0,2,3,19,2820.0,21.70103751417719,50.10220562794199,0.0,19.06288693834376,65.50169250291515,8.0
21.70103751417719,50.10220562794199,0.0,19.06288693834376,65.50169250291515,8,1,3,4,26,2880.0,21.779265503453903,50.256200496691726,1603.7315240643054,18.958975821506986,66.34546653053354,9.0
21.779265503453903,50.256200496691726,1603.7315240643054,18.958975821506986,66.34546653053354,9,0,2,0,29,2940.0,21.795004827131173,50.417093157030145,0.0,18.779296810283913,66.33156697860399,9.0
21.795004827131173,50.417093157030145,0.0,18.779296810283913,66.33156697860399,9,0,1,3,24,3000.0,21.810737636863944,50.57623789524588,0.0,18.73322194812699,66.3013739324563,9.0
21.810737636863944,50.57623789524588,0.0,18.73322194812699,66.3013739324563,9,1,3,4,27,3060.0,21.892968038979667,50.73348925561798,1662.4913159669798,18.800751669064734,66.37153148364327,8.0
21.892968038979667,50.73348925561798,1662.4913159669798,18.800751669064734,66.37153148364327,8,0,3,0,23,3120.0,21.907031631767335,50.88986967789823,0.0,18.854655471721326,65.87180941275416,8.0
21.907031631767335,50.88986967789823,0.0,18.854655471721326,65.87180941275416,8,0,1,0,30,3180.0,21.921096552562002,51.03968907524679,0.0,19.107127221894512,65.17352382964502,8.0
21.921096552562002,51.03968907524679,0.0,19.107127221894512,65.17352382964502,8,1,3,3,21,3240.0,21.869006452403504,51.18102742279078,1323.2593569495466,19.109073013104542,64.56922104783261,8.0
21.869006452403504,51.18102742279078,1323.2593569495466,19.109073013104542,64.56922104783261,8,1,2,5,20,3300.0,21.801072347092347,51.314909359041195,1640.175483930263,18.994739038796098,64.40748534790959,8.0
21.801072347092347,51.314909359041195,1640.175483930263,18.994739038796098,64.40748534790959,8,0,2,4,27,3360.0,21.815145469315404,51.44583511892988,0.0,18.962249557332076,64.37420457363736,8.0
21.815145469315404,51.44583511892988,0.0,18.962249557332076,64.37420457363736,8,0,2,5,30,3420.0,21.82921703945167,51.575118813476955,0.0,19.0157944368406,65.47528980692087,8.0
21.82921703945167,51.575118813476955,0.0,19.0157944368406,65.47528980692087,8,1,2,2,20,3480.0,21.771253509134727,51.714120523411395,1440.7283246038103,19.37135614979593,65.59883240047068,8.0
21.771253509134727,51.714120523411395,1440.7283246038103,19.37135614979593,65.59883240047068,8,0,2,2,20,3540.0,21.78534017922275,51.85296764218199,0.0,19.293869801172132,65.95962513931357,7.0
21.78534017922275,51.85296764218199,0.0,19.293869801172132,65.95962513931357,7,1,2,3,28,3600.0,21.870109591315494,51.994034217153306,1808.8115276336302,19.21052125874742,65.7795965280264,7.0
21.870109591315494,51.994034217153306,1808.8115276336302,19.21052125874742,65.7795965280264,7,1,3,6,23,3660.0,21.94295242493991,52.13188984026204,1510.7871642209423,19.170900157545276,65.50781310790312,7.0
21.94295242493991,52.13188984026204,1510.7871642209423,19.170900157545276,65.50781310790312,7,0,1,5,26,3720.0,21.955360023197663,52.26564907293845,0.0,19.13665729820582,66.08796017286313,7.0
21.955360023197663,52.26564907293845,0.0,19.13665729820582,66.08796017286313,7,0,3,5,20,3780.0,21.967766066440163,52.4038721839377,0.0,19.065965319615223,66.72391456323221,8.0
21.967766066440163,52.4038721839377,0.0,19.065965319615223,66.72391456323221,8,1,3,4,28,3840.0,22.05056110399987,52.54707260773065,1718.1274396149493,19.168128840997984,67.44209858035408,8.0
22.05056110399987,52.54707260773065,1718.1274396149493,19.168128840997984,67.44209858035408,8,0,1,4,27,3900.0,22.064631689591103,52.69602286745688,0.0,19.067348607838134,66.88366559438761,8.0
22.064631689591103,52.69602286745688,0.0,19.067348607838134,66.88366559438761,8,0,2,4,25,3960.0,22.07869844682171,52.83789929472619,0.0,18.94218824859166,66.39477648890818,8.0
22.07869844682171,52.83789929472619,0.0,18.94218824859166,66.39477648890818,8,1,1,3,23,4020.0,22.140879556720748,52.90008040462523,1202.9748393077516,18.985759512636626,66.61918653444359,9.0
22.140879556720748,52.90008040462523,1202.9748393077516,18.985759512636626,66.61918653444359,9,0,2,3,29,4080.0,22.156607719385946,53.03727146592341,0.0,19.21011868501343,66.32967968703595,9.0
22.156607719385946,53.03727146592341,0.0,19.21011868501343,66.32967968703595,9,0,2,0,22,4140.0,22.17234283641813,53.17019554813454,0.0,19.403643425317743,66.01269975769026,9.0
22.17234283641813,53.17019554813454,0.0,19.403643425317743,66.01269975769026,9,0,1,3,18,4200.0,22.188083879771096,53.298620590230094,0.0,19.524713550632494,66.00406313866617,9.0
22.188083879771096,53.298620590230094,0.0,19.524713550632494,66.00406313866617,9,1,2,1,29,4260.0,22.271394462716433,53.425675015714454,1689.150715574421,19.499311576730797,66.47457359635328,9.0
22.271394462716433,53.425675015714454,1689.150715574421,19.499311576730797,66.47457359635328,9,1,3,0,26,4320.0,22.339338325468923,53.55616400152084,1305.0733045505963,19.520207021944113,66.88789731962181,9.0
22.339338325468923,53.55616400152084,1305.0733045505963,19.520207021944113,66.88789731962181,9,1,3,4,28,4380.0,22.42282183457957,53.68948133470185,1693.603670519051,19.58520893255593,66.1884097752802,9.0
22.42282183457957,53.68948133470185,1693.603670519051,19.58520893255593,66.1884097752802,9,0,3,5,18,4440.0,22.43856058081617,53.81447061910764,0.0,19.468676449369656,65.43294591034336,10.0
22.43856058081617,53.81447061910764,0.0,19.468676449369656,65.43294591034336,10,1,1,4,22,4500.0,22.394645902936006,53.77055594122747,1226.31363484897,19.388146570810857,65.70741816922664,10.0
22.394645902936006,53.77055594122747,1226.31363484897,19.388146570810857,65.70741816922664,10,0,1,2,26,4560.0,22.412045686291602,53.88992456350746,0.0,19.155969244380028,65.43097173350829,10.0
22.412045686291602,53.88992456350746,0.0,19.155969244380028,65.43097173350829,10,1,1,0,22,4620.0,22.378407036194478,53.85628591341034,1020.6022843145801,19.004855373045547,64.59132844003389,10.0
22.378407036194478,53.85628591341034,1020.6022843145801,19.004855373045547,64.59132844003389,10,0,1,1,29,4680.0,22.395794584472373,53.96363633867657,0.0,19.016957211569007,65.53159579900291,10.0
22.395794584472373,53.96363633867657,0.0,19.016957211569007,65.53159579900291,10,1,1,1,28,4740.0,22.46695078793255,54.03479254213675,1344.2207843152005,19.02895080059629,65.03503538709272,10.0
22.46695078793255,54.03479254213675,1344.2207843152005,19.02895080059629,65.03503538709272,10,1,3,1,19,4800.0,22.41657536753282,54.14479497058631,1355.2164080031048,19.085702146725254,65.33264927300982,10.0
22.41657536753282,54.14479497058631,1355.2164080031048,19.085702146725254,65.33264927300982,10,1,2,6,25,4860.0,22.504424623278755,54.256673513610544,1761.5071213324402,19.16732433398097,64.80336513388156,10.0
22.504424623278755,54.256673513610544,1761.5071213324402,19.16732433398097,64.80336513388156,10,1,3,0,20,4920.0,22.459926218888427,54.36214042981325,1237.7433542803317,19.23449858220016,63.945805156534206,10.0
22.459926218888427,54.36214042981325,1237.7433542803317,19.23449858220016,63.945805156534206,10,1,3,2,30,4980.0,22.54396568318416,54.457977077080464,1666.1744637572501,19.46337764828819,63.064186807082464,11.0
22.54396568318416,54.457977077080464,1666.1744637572501,19.46337764828819,63.064186807082464,11,0,1,2,25,5040.0,22.563029663583,54.54403917438049,0.0,19.461385808658218,62.940246747543135,11.0
22.563029663583,54.54403917438049,0.0,19.461385808658218,62.940246747543135,11,1,3,2,20,5100.0,22.513839777388828,54.62800125011211,1365.0632946467715,19.281971457538358,63.210129003957306,11.0
22.513839777388828,54.62800125011211,1365.0632946467715,19.281971457538358,63.210129003957306,11,1,1,4,21,5160.0,22.468357195779333,54.582518668502615,1290.8303866433296,19.285942839710323,62.49869055005153,11.0
22.468357195779333,54.582518668502615,1290.8303866433296,19.285942839710323,62.49869055005153,11,0,1,1,24,5220.0,22.487417781967466,54.66168038731811,0.0,19.2086886285261,62.469708550217376,11.0
22.487417781967466,54.66168038731811,0.0,19.2086886285261,62.469708550217376,11,1,2,4,24,5280.0,22.568431394450286,54.7397606689471,1548.9059196983426,19.217805443192745,62.86381062061597,11.0
22.568431394450286,54.7397606689471,1548.9059196983426,19.217805443192745,62.86381062061597,11,1,1,4,29,5340.0,22.650922138238563,54.822251412735376,1585.894116332983,19.295428293665157,62.621843898140355,11.0
22.650922138238563,54.822251412735376,1585.894116332983,19.295428293665157,62.621843898140355,11,1,3,2,26,5400.0,22.726481723535873,54.90024733758943,1412.6192106365668,19.34650614633014,61.826513296979925,11.0
22.726481723535873,54.90024733758943,1412.6192106365668,19.34650614633014,61.826513296979925,11,1,2,5,19,5460.0,22.656561417886707,54.96950999718333,1779.4861292651904,19.311115770828835,61.91456578499538,12.0
22.656561417886707,54.96950999718333,1779.4861292651904,19.311115770828835,61.91456578499538,12,1,1,1,19,5520.0,22.615184762643185,54.92813334193981,1241.969474439052,19.193018522462395,61.33872523047821,12.0
22.615184762643185,54.92813334193981,1241.969474439052,19.193018522462395,61.33872523047821,12,1,3,3,30,5580.0,22.705187606319026,54.992239260825194,1732.0895637628187,19.124098117753892,60.63762723760019,12.0
22.705187606319026,54.992239260825194,1732.0895637628187,19.124098117753892,60.63762723760019,12,0,2,1,27,5640.0,22.72590157000274,55.048693140592945,0.0,19.26065041579451,60.609321193967965,13.0
22.72590157000274,55.048693140592945,0.0,19.26065041579451,60.609321193967965,13,1,1,4,30,5700.0,22.813743897862928,55.13653546845313,1636.4459057998354,19.206555025446537,59.52741969329345,13.0
22.813743897862928,55.13653546845313,1636.4459057998354,19.206555025446537,59.52741969329345,13,0,2,2,22,5760.0,22.83612365823385,55.18044431070154,0.0,19.15067544355804,59.37138372726709,13.0
22.83612365823385,55.18044431070154,0.0,19.15067544355804,59.37138372726709,13,1,1,4,20,5820.0,22.789992438985326,55.134313091453016,1370.1674194940308,19.377724899584162,59.39829950320081,13.0
22.789992438985326,55.134313091453016,1370.1674194940308,19.377724899584162,59.39829950320081,13,0,2,3,28,5880.0,22.81237869673401,55.17695295557049,0.0,19.564387407446837,60.197644925407374,13.0
22.81237869673401,55.17695295557049,0.0,19.564387407446837,60.197644925407374,13,1,1,4,28,5940.0,22.89522072148554,55.25979498032202,1511.2572781959593,19.604193624932137,61.02401977716449,14.0
22.89522072148554,55.25979498032202,1511.2572781959593,19.604193624932137,61.02401977716449,14,1,3,6,19,6000.0,22.833852273169676,55.317437228290444,1708.5082815862163,19.613665050117863,60.77477257514648,13.0
22.833852273169676,55.317437228290444,1708.5082815862163,19.613665050117863,60.77477257514648,13,1,3,1,18,6060.0,22.784537185156797,55.37201058175901,1434.154968775549,19.49594240837274,61.009042655919515,13.0
22.784537185156797,55.37201058175901,1434.154968775549,19.49594240837274,61.009042655919515,13,0,2,5,21,6120.0,22.806927565330906,55.428380902500614,0.0,19.594482379517746,60.216119835726595,14.0
22.806927565330906,55.428380902500614,0.0,19.594482379517746,60.216119835726595,14,0,2,3,30,6180.0,22.830987150491378,55.47625829183287,0.0,19.6960761018741,60.014429962742255,14.0
22.830987150491378,55.47625829183287,0.0,19.6960761018741,60.014429962742255,14,0,2,6,26,6240.0,22.85504932012309,55.521640008541965,0.0,19.70487345658702,59.794292644316855,14.0
22.85504932012309,55.521640008541965,0.0,19.70487345658702,59.794292644316855,14,0,2,1,29,6300.0,22.87911098092764,55.56436653489971,0.0,19.701574426304294,59.53561114974574,15.0
22.87911098092764,55.56436653489971,0.0,19.701574426304294,59.53561114974574,15,0,3,1,19,6360.0,22.90483839637582,55.604078981048175,0.0,19.84060774465751,60.1935547832688,15.0
22.90483839637582,55.604078981048175,0.0,19.84060774465751,60.1935547832688,15,1,2,4,19,6420.0,22.844512170460476,55.64997373907038,1721.148364539059,19.958989650508588,60.34798110766238,14.0
22.844512170460476,55.64997373907038,1721.148364539059,19.958989650508588,60.34798110766238,14,0,2,5,28,6480.0,22.868582653043145,55.696953812756306,0.0,20.07440327416139,59.585172143513255,14.0
22.868582653043145,55.696953812756306,0.0,20.07440327416139,59.585172143513255,14,0,3,1,18,6540.0,22.892656180397182,55.73583599606388,0.0,20.060374970825652,59.32259287816412,14.0
22.892656180397182,55.73583599606388,0.0,20.060374970825652,59.32259287816412,14,0,2,1,20,6600.0,22.916728437690196,55.77170356488488,0.0,19.987884567643174,58.87481993580547,14.0
22.916728437690196,55.77170356488488,0.0,19.987884567643174,58.87481993580547,14,0,1,1,27,6660.0,22.94079747622786,55.80273472859409,0.0,19.936591107465325,59.1191264840137,14.0
22.94079747622786,55.80273472859409,0.0,19.936591107465325,59.1191264840137,14,1,1,1,19,6720.0,22.902019409307137,55.76395666167336,1256.8918675019627,19.974441322357077,58.82443118658848,14.0
22.902019409307137,55.76395666167336,1256.8918675019627,19.974441322357077,58.82443118658848,14,1,2,1,22,6780.0,22.860247128898255,55.79456140692251,1316.8272227863497,19.853104315332285,58.45565320426499,14.0
22.860247128898255,55.79456140692251,1316.8272227863497,19.853104315332285,58.45565320426499,14,0,1,5,19,6840.0,22.884313557471135,55.82117232489593,0.0,19.62927548122148,58.3784322696356,14.0
22.884313557471135,55.82117232489593,0.0,19.62927548122148,58.3784322696356,14,1,2,6,27,6900.0,22.983612664569282,55.84674492434333,1881.0235425172516,19.618988016608874,58.94768408943245,14.0
22.983612664569282,55.84674492434333,1881.0235425172516,19.618988016608874,58.94768408943245,14,0,1,1,18,6960.0,23.007667177081018,55.87775431599422,0.0,19.515182659497714,59.45890205539653,14.0
23.007667177081018,55.87775431599422,0.0,19.515182659497714,59.45890205539653,14,1,1,5,20,7020.0,22.959818467668722,55.82990560658192,1437.9791985675636,19.659877074136414,59.12848493749146,14.0
22.959818467668722,55.82990560658192,1437.9791985675636,19.659877074136414,59.12848493749146,14,1,2,0,28,7080.0,23.043971571966534,55.86289139989101,1502.4108919398766,19.707382788905335,59.56159231657009,14.0
23.043971571966534,55.86289139989101,1502.4108919398766,19.707382788905335,59.56159231657009,14,1,3,4,20,7140.0,22.991981912819607,55.899878409057806,1520.9021237497911,19.725847696192748,59.93648602252346,14.0
22.991981912819607,55.899878409057806,1520.9021237497911,19.725847696192748,59.93648602252346,14,1,1,1,19,7200.0,22.95306075582457,55.86095725206277,1259.5790504230295,19.69377305732929,59.459257516197084,14.0
22.95306075582457,55.86095725206277,1259.5790504230295,19.69377305732929,59.459257516197084,14,0,1,6,30,7260.0,22.977118779567952,55.89694025470411,0.0,19.629429550626263,59.00636282689619,14.0
22.977118779567952,55.89694025470411,0.0,19.629429550626263,59.00636282689619,14,1,3,4,25,7320.0,23.059314263015594,55.928034480426035,1453.5101605485152,19.694158207030867,59.05196101158191,14.0
23.059314263015594,55.928034480426035,1453.5101605485152,19.694158207030867,59.05196101158191,14,1,2,4,26,7380.0,23.149437932736245,55.95927374573759,1651.7293730628771,19.608107481920847,58.60803315784331,13.0
23.149437932736245,55.95927374573759,1651.7293730628771,19.608107481920847,58.60803315784331,13,1,2,4,29,7440.0,23.246269507141605,55.98576133985865,1861.2404688429904,19.679303228592573,58.12350763207452,13.0
23.246269507141605,55.98576133985865,1861.2404688429904,19.679303228592573,58.12350763207452,13,0,3,4,28,7500.0,23.268650608265652,56.00713880278081,0.0,19.64572505439716,57.5629069686551,13.0
23.268650608265652,56.00713880278081,0.0,19.64572505439716,57.5629069686551,13,1,3,6,21,7560.0,23.211419418155973,56.02269648443955,1592.208518490994,19.655770349442374,56.52909169161092,12.0
23.211419418155973,56.02269648443955,1592.208518490994,19.655770349442374,56.52909169161092,12,1,1,2,27,7620.0,23.284469107133738,56.09574617341731,1308.3719320014216,19.419158298085385,56.0191230225589,12.0
23.284469107133738,56.09574617341731,1308.3719320014216,19.419158298085385,56.0191230225589,12,1,1,2,20,7680.0,23.241141306728817,56.05241837301239,1280.6458008923555,19.527516608396386,55.85239267596801,12.0
23.241141306728817,56.05241837301239,1280.6458008923555,19.527516608396386,55.85239267596801,12,1,3,2,18,7740.0,23.18549640011935,56.050418116041946,1527.0890490570935,19.5846197548361,56.1666924224832,12.0
23.18549640011935,56.050418116041946,1527.0890490570935,19.5846197548361,56.1666924224832,12,0,3,4,23,7800.0,23.206209704231174,56.05158085910636,0.0,19.58461276936069,56.72753058214039,12.0
23.206209704231174,56.05158085910636,0.0,19.58461276936069,56.72753058214039,12,0,2,1,30,7860.0,23.226922317666677,56.0583403563367,0.0,19.547479815857457,56.719448664831006,12.0
23.226922317666677,56.0583403563367,0.0,19.547479815857457,56.719448664831006,12,0,3,3,30,7920.0,23.24763300291662,56.06495143942164,0.0,19.727253199915193,56.56128089246097,12.0
23.24763300291662,56.06495143942164,0.0,19.727253199915193,56.56128089246097,12,1,1,1,23,7980.0,23.21519895362386,56.03251739012889,1063.0007326531224,19.714807858001908,56.0199486416766,12.0
23.21519895362386,56.03251739012889,1063.0007326531224,19.714807858001908,56.0199486416766,12,1,2,4,23,8040.0,23.163140891020962,56.03239170264437,1455.494324660918,19.879347414791432,55.76057782597868,12.0
23.163140891020962,56.03239170264437,1455.494324660918,19.879347414791432,55.76057782597868,12,0,2,6,25,8100.0,23.183864764571755,56.02967356387771,0.0,19.748212389590613,54.60746642380023,12.0
23.183864764571755,56.02967356387771,0.0,19.748212389590613,54.60746642380023,12,0,2,5,30,8160.0,23.204583576159255,56.015451492476934,0.0,19.614233786746325,55.23067207432311,12.0
23.204583576159255,56.015451492476934,0.0,19.614233786746325,55.23067207432311,12,1,3,1,18,8220.0,23.152518996090116,56.0076036982954,1455.5647015231968,19.63383251095199,54.92968127308948,13.0
27.257710469577773,53.14130365065891,0.0,29.646083844389317,60.662162202870064,7,0,2,4,21,60.0,27.2702900820236,53.216512236181025,0.0,29.62884290698987,59.79525540674673,7.0
27.2702900820236,53.216512236181025,0.0,29.62884290698987,59.79525540674673,7,0,3,2,24,120.0,27.282868700451097,53.28229966788668,0.0,29.848981978218664,58.76416635437266,8.0
27.282868700451097,53.28229966788668,0.0,29.848981978218664,58.76416635437266,8,0,1,4,29,180.0,27.29712090422702,53.337118334751544,0.0,29.840903784045803,58.493067943448125,7.0
27.29712090422702,53.337118334751544,0.0,29.840903784045803,58.493067943448125,7,0,1,2,25,240.0,27.30970569698968,53.38867783083851,0.0,29.800488068097874,58.49396537988718,7.0
27.30970569698968,53.38867783083851,0.0,29.800488068097874,58.49396537988718,7,1,1,0,21,300.0,27.256514458826246,53.335486592675075,1315.485284849484,29.875857458053275,58.55871220633523,7.0
27.256514458826246,53.335486592675075,1315.485284849484,29.875857458053275,58.55871220633523,7,1,1,5,26,360.0,27.202675162575723,53.28164729642455,1328.5321536766403,29.841198999891393,58.417888515207764,7.0
27.202675162575723,53.28164729642455,1328.5321536766403,29.841198999891393,58.417888515207764,7,1,3,6,24,420.0,27.13231354966409,53.33300970861239,1658.991274124164,29.741036813342355,58.461368366226345,7.0
27.13231354966409,53.33300970861239,1658.991274124164,29.741036813342355,58.461368366226345,7,0,2,4,24,480.0,27.14490050710621,53.38429329518853,0.0,29.56248208345417,58.46815519591845,7.0
27.14490050710621,53.38429329518853,0.0,29.56248208345417,58.46815519591845,7,0,2,5,20,540.0,27.157481093158754,53.43513191419583,0.0,29.373485203562936,59.16183137692431,7.0
27.157481093158754,53.43513191419583,0.0,29.373485203562936,59.16183137692431,7,0,3,3,18,600.0,27.170054959962435,53.49239890882311,0.0,29.449366172064497,59.256251226686125,6.0
27.170054959962435,53.49239890882311,0.0,29.449366172064497,59.256251226686125,6,1,3,0,23,660.0,27.114496619196274,53.550037432001744,1329.353022797934,29.40628224618041,59.934314526484236,6.0
27.114496619196274,53.550037432001744,1329.353022797934,29.40628224618041,59.934314526484236,6,1,1,4,18,720.0,27.038062855526253,53.47360366833172,1746.8697971517763,29.427805289345052,59.570905052956604,5.0
27.038062855526253,53.47360366833172,1746.8697971517763,29.427805289345052,59.570905052956604,5,0,2,1,22,780.0,27.047309180274045,53.53457668217797,0.0,29.499731260503612,59.82153178538675,6.0
27.047309180274045,53.53457668217797,0.0,29.499731260503612,59.82153178538675,6,1,3,4,24,840.0,26.98216814071515,53.59744623321006,1521.122405898087,29.519107718368094,59.72575320615263,6.0
26.98216814071515,53.59744623321006,1521.122405898087,29.519107718368094,59.72575320615263,6,1,2,5,24,900.0,26.90690290817339,53.658729302939484,1723.6626105536363,29.464184904418556,59.30804806495672,6.0
26.90690290817339,53.658729302939484,1723.6626105536363,29.464184904418556,59.30804806495672,6,1,2,1,29,960.0,26.973496088911332,53.715222490559654,1391.8651167850767,29.606222889221392,58.89688032928036,6.0
26.973496088911332,53.715222490559654,1391.8651167850767,29.606222889221392,58.89688032928036,6,1,2,6,23,1020.0,26.890920545057924,53.76703906894686,1869.9326949350839,29.678334841308978,59.0566573798903,6.0
26.890920545057924,53.76703906894686,1869.9326949350839,29.678334841308978,59.0566573798903,6,0,1,3,25,1080.0,26.90184679220113,53.81993525205629,0.0,29.738234475477405,59.48333186856037,6.0
26.90184679220113,53.81993525205629,0.0,29.738234475477405,59.48333186856037,6,1,1,0,27,1140.0,26.95297097820617,53.87105943806133,1004.9076603899434,29.732351190064254,59.37286600609056,6.0
26.95297097820617,53.87105943806133,1004.9076603899434,29.732351190064254,59.37286600609056,6,0,2,2,27,1200.0,26.963896957546567,53.926077503741624,0.0,29.755801414766943,59.74142565318519,6.0
26.963896957546567,53.926077503741624,0.0,29.755801414766943,59.74142565318519,6,0,1,5,25,1260.0,26.974823354361806,53.98423098523606,0.0,29.655811885542132,60.83822696099023,7.0
26.974823354361806,53.98423098523606,0.0,29.655811885542132,60.83822696099023,7,0,3,6,19,1320.0,26.98741272064618,54.052770944993604,0.0,29.697155424413943,59.903818304554456,6.0
26.98741272064618,54.052770944993604,0.0,29.697155424413943,59.903818304554456,6,0,2,2,20,1380.0,26.998336378736305,54.111281418589215,0.0,29.881719981341373,60.398797767394896,6.0
26.998336378736305,54.111281418589215,0.0,29.881719981341373,60.398797767394896,6,1,1,0,24,1440.0,26.95176998390955,54.06471502376246,1149.9168189368152,29.816654319207753,60.23547398580059,6.0
26.95176998390955,54.06471502376246,1149.9168189368152,29.816654319207753,60.23547398580059,6,0,1,5,18,1500.0,26.962698813387394,54.12642261338284,0.0,29.801559024033093,59.810588427505266,6.0
26.962698813387394,54.12642261338284,0.0,29.801559024033093,59.810588427505266,6,1,2,0,27,1560.0,27.021716298242286,54.18326427152407,1202.2380711967562,29.58635527191102,60.03300529400129,6.0
27.021716298242286,54.18326427152407,1202.2380711967562,29.58635527191102,60.03300529400129,6,0,2,1,30,1620.0,27.032635119541407,54.24176168174884,0.0,29.64457269581008,60.33396059708149,7.0
27.032635119541407,54.24176168174884,0.0,29.64457269581008,60.33396059708149,7,0,2,1,19,1680.0,27.045222184127283,54.30268367090217,0.0,29.707588154456904,61.08470350486849,7.0
27.045222184127283,54.30268367090217,0.0,29.707588154456904,61.08470350486849,7,1,3,1,28,1740.0,27.106216466414292,54.37050386924183,1210.1384188666493,29.77299054051319,61.323172989139515,7.0
27.106216466414292,54.37050386924183,1210.1384188666493,29.77299054051319,61.323172989139515,7,1,3,6,24,1800.0,27.036200635015998,54.4400305604408,1652.094477348622,29.794249702008134,60.820720339142625,7.0
27.036200635015998,54.4400305604408,1652.094477348622,29.794249702008134,60.820720339142625,7,0,3,5,20,1860.0,27.048792569984897,54.50383745822782,0.0,29.674831036866948,60.31439811842108,6.0
27.048792569984897,54.50383745822782,0.0,29.674831036866948,60.31439811842108,6,0,3,5,18,1920.0,27.059713437933794,54.561943064829755,0.0,29.80787427130483,60.25410452418435,6.0
27.059713437933794,54.561943064829755,0.0,29.80787427130483,60.25410452418435,6,1,1,1,26,1980.0,27.015356628853663,54.51758625574962,1105.6349554915241,29.67386178173935,60.01126515189682,6.0
27.015356628853663,54.51758625574962,1105.6349554915241,29.67386178173935,60.01126515189682,6,0,2,2,28,2040.0,27.026278579025426,54.57252304471109,0.0,29.654649034677735,60.23885167015954,7.0
27.026278579025426,54.57252304471109,0.0,29.654649034677735,60.23885167015954,7,1,1,2,23,2100.0,26.97279392528163,54.519038390967296,1321.4453218463984,29.68514908919871,60.320494696699605,7.0
26.97279392528163,54.519038390967296,1321.4453218463984,29.68514908919871,60.320494696699605,7,0,2,5,22,2160.0,26.985384337120426,54.577052954024616,0.0,29.65768471426208,60.091885427040005,7.0
26.985384337120426,54.577052954024616,0.0,29.65768471426208,60.091885427040005,7,1,3,1,28,2220.0,27.046517175980917,54.63220127875477,1213.5940545312953,29.68775961598016,60.47568046551498,7.0
29.84871566113602,57.55665207151629,0.0,32.90212451460184,69.77733611152615,2,0,1,0,21,60.0,29.8529841080978,57.678858911916386,0.0,32.81150298139712,69.84832606846315,3.0
29.8529841080978,57.678858911916386,0.0,32.81150298139712,69.84832606846315,3,0,2,1,25,120.0,29.85891605872691,57.80055358348185,0.0,32.709391902498645,69.80743059911076,3.0
29.85891605872691,57.80055358348185,0.0,32.709391902498645,69.80743059911076,3,0,1,4,21,180.0,29.8648444079217,57.92062235363814,0.0,32.677240621657,70.74456864441375,3.0
29.8648444079217,57.92062235363814,0.0,32.677240621657,70.74456864441375,3,1,1,5,23,240.0,29.786818849020737,57.842596794737176,1679.0527754951063,32.48003171899262,70.88858282856648,3.0
29.786818849020737,57.842596794737176,1679.0527754951063,32.48003171899262,70.88858282856648,3,0,2,2,30,300.0,29.7927419561164,57.97305665507547,0.0,32.611510568144524,71.44664997293555,3.0
29.7927419561164,57.97305665507547,0.0,32.611510568144524,71.44664997293555,3,0,3,2,30,360.0,29.79866924840347,58.10779258825407,0.0,32.66241340355132,72.02359704020479,3.0
29.79866924840347,58.10779258825407,0.0,32.66241340355132,72.02359704020479,3,0,3,3,19,420.0,29.80459803987531,58.246950632773576,0.0,32.59597517440172,71.98023591563404,4.0
29.80459803987531,58.246950632773576,0.0,32.59597517440172,71.98023591563404,4,0,3,6,23,480.0,29.812191085779794,58.38428348560218,0.0,32.74646939331324,72.3711758369361,4.0
29.812191085779794,58.38428348560218,0.0,32.74646939331324,72.3711758369361,4,0,3,3,29,540.0,29.81978889505671,58.52415240911552,0.0,32.78812285957444,72.36543455212605,5.0
29.81978889505671,58.52415240911552,0.0,32.78812285957444,72.36543455212605,5,0,1,0,18,600.0,29.82905450618886,58.66256523054563,0.0,32.81223105147133,71.50109507233577,5.0
29.82905450618886,58.66256523054563,0.0,32.81223105147133,71.50109507233577,5,0,1,5,23,660.0,29.838320612073705,58.790950528963535,0.0,32.59994177110235,71.3842310432247,5.0
29.838320612073705,58.790950528963535,0.0,32.59994177110235,71.3842310432247,5,1,1,5,18,720.0,29.748084580866276,58.70071449775611,1989.8950382546066,32.42570651015051,71.61120262310321,4.0
29.748084580866276,58.70071449775611,1989.8950382546066,32.42570651015051,71.61120262310321,4,1,3,0,19,780.0,29.671116602333203,58.82981937900958,1691.1446519476453,32.456968773537746,71.70403178448547,5.0
29.671116602333203,58.82981937900958,1691.1446519476453,32.456968773537746,71.70403178448547,5,1,1,6,23,840.0,29.593695001781327,58.752397778457706,1733.622579151658,32.4207220095618,71.7967772846447,5.0
29.593695001781327,58.752397778457706,1733.622579151658,32.4207220095618,71.7967772846447,5,1,2,0,29,900.0,29.541174817676243,58.88284157351958,1235.6217001068796,32.28390428876926,71.6477245820368,5.0
29.541174817676243,58.88284157351958,1235.6217001068796,32.28390428876926,71.6477245820368,5,0,1,5,25,960.0,29.550432908658614,59.01049040360475,0.0,32.37074871982885,72.61163108075608,5.0
29.550432908658614,59.01049040360475,0.0,32.37074871982885,72.61163108075608,5,1,3,4,29,1020.0,29.491877157253747,59.146501810376265,1356.3285719714686,32.30736325600113,72.51566704555154,5.0
29.491877157253747,59.146501810376265,1356.3285719714686,32.30736325600113,72.51566704555154,5,1,1,3,21,1080.0,29.419223526629935,59.07384817975245,1638.2829365420905,32.1754854893514,72.47530260410547,5.0
29.419223526629935,59.07384817975245,1638.2829365420905,32.1754854893514,72.47530260410547,5,1,1,3,23,1140.0,29.3525268010563,59.00715145417882,1519.1053527812212,32.20663432705711,72.37123655606334,5.0
29.3525268010563,59.00715145417882,1519.1053527812212,32.20663432705711,72.37123655606334,5,0,2,3,20,1200.0,29.3617886046405,59.140792305197664,0.0,32.28215862695617,72.27277369477572,5.0
29.3617886046405,59.140792305197664,0.0,32.28215862695617,72.27277369477572,5,0,2,5,26,1260.0,29.371052616974577,59.27211211909344,0.0,32.167964445040035,72.30272632317394,5.0
29.371052616974577,59.27211211909344,0.0,32.167964445040035,72.30272632317394,5,0,3,4,19,1320.0,29.380312514035513,59.40241826113425,0.0,32.1367272936219,73.26822779718934,5.0
29.380312514035513,59.40241826113425,0.0,32.1367272936219,73.26822779718934,5,1,3,1,29,1380.0,29.330722908810554,59.5410763564948,1176.963047685551,32.18288052725197,73.12096157794244,5.0
29.330722908810554,59.5410763564948,1176.963047685551,32.18288052725197,73.12096157794244,5,0,3,0,26,1440.0,29.339984647397834,59.676875208709276,0.0,32.383201222178904,73.23237289487169,4.0
29.339984647397834,59.676875208709276,0.0,32.383201222178904,73.23237289487169,4,1,1,4,22,1500.0,29.265566134008132,59.602456695319574,1640.39907884387,32.26560987061194,73.61762340406774,4.0
29.265566134008132,59.602456695319574,1640.39907884387,32.26560987061194,73.61762340406774,4,1,3,1,22,1560.0,29.19443681325407,59.742608362407054,1574.5864442389695,32.39815222218132,74.03716582528149,4.0
29.19443681325407,59.742608362407054,1574.5864442389695,32.39815222218132,74.03716582528149,4,0,2,6,25,1620.0,29.202043603767702,59.8855539370358,0.0,32.27097396196514,74.04155208107639,4.0
29.202043603767702,59.8855539370358,0.0,32.27097396196514,74.04155208107639,4,1,3,4,25,1680.0,29.129779157553877,60.02711391847621,1597.3348778486684,32.224568945359536,75.16625719202652,4.0
29.129779157553877,60.02711391847621,1597.3348778486684,32.224568945359536,75.16625719202652,4,0,1,4,25,1740.0,29.13738231721347,60.17850535121171,0.0,32.216299170857695,75.7343528793478,4.0
29.13738231721347,60.17850535121171,0.0,32.216299170857695,75.7343528793478,4,0,1,1,25,1800.0,29.144984947775257,60.33406382649307,0.0,32.16340753294723,76.12315091024394,4.0
29.144984947775257,60.33406382649307,0.0,32.16340753294723,76.12315091024394,4,1,3,3,20,1860.0,29.06041454696409,60.49195469733058,1843.420297946785,32.20744293233503,75.86266663462838,5.0
29.06041454696409,60.49195469733058,1843.420297946785,32.20744293233503,75.86266663462838,5,1,1,0,25,1920.0,29.009535078209524,60.44107522857601,1203.0207273482044,32.197096653350336,75.61788131111305,6.0
29.009535078209524,60.44107522857601,1203.0207273482044,32.197096653350336,75.61788131111305,6,1,2,5,28,1980.0,28.941688907052075,60.59284328940138,1575.7151308657144,32.1277556715401,75.1833368238602,6.0
28.941688907052075,60.59284328940138,1575.7151308657144,32.1277556715401,75.1833368238602,6,0,1,2,23,2040.0,28.95262844261089,60.73874822474597,0.0,32.2399376355674,74.933140754068,6.0
28.95262844261089,60.73874822474597,0.0,32.2399376355674,74.933140754068,6,1,1,0,28,2100.0,28.911189781810794,60.69730956394587,1047.6314221305445,32.24945890865208,74.67395709025418,5.0
28.911189781810794,60.69730956394587,1047.6314221305445,32.24945890865208,74.67395709025418,5,1,2,1,24,2160.0,28.841997476302318,60.83707603920895,1569.40495625408,32.16057293884851,74.59408284125838,5.0
28.841997476302318,60.83707603920895,1569.40495625408,32.16057293884851,74.59408284125838,5,0,3,5,28,2220.0,28.851274762151068,60.97464610722945,0.0,32.27459799411563,74.0039669741582,5.0
28.851274762151068,60.97464610722945,0.0,32.27459799411563,74.0039669741582,5,1,1,3,29,2280.0,28.906897607639184,61.03026895271756,1158.5517011763136,32.362499409571335,73.53072157616398,6.0
28.906897607639184,61.03026895271756,1158.5517011763136,32.362499409571335,73.53072157616398,6,0,1,1,29,2340.0,28.91784612769925,61.155273478952026,0.0,32.39061861136236,74.44700219634198,6.0
28.91784612769925,61.155273478952026,0.0,32.39061861136236,74.44700219634198,6,0,1,6,30,2400.0,28.928795220115372,61.28819076612592,0.0,32.22890142235781,74.62015855145442,7.0
28.928795220115372,61.28819076612592,0.0,32.22890142235781,74.62015855145442,7,1,3,1,27,2460.0,28.878085827457365,61.42151044397921,1266.3879239616626,32.17004367759279,75.08150971071673,7.0
28.878085827457365,61.42151044397921,1266.3879239616626,32.17004367759279,75.08150971071673,7,1,2,4,25,2520.0,28.80473445040686,61.55811043664659,1719.2221795769303,32.14483404314695,75.03612066534559,7.0
28.80473445040686,61.55811043664659,1719.2221795769303,32.14483404314695,75.03612066534559,7,1,2,3,21,2580.0,28.721419453206046,61.692890538933575,1918.5266770780731,32.072409122211184,74.24476703370948,7.0
28.721419453206046,61.692890538933575,1918.5266770780731,32.072409122211184,74.24476703370948,7,0,2,3,18,2640.0,28.73403115286168,61.81840930388133,0.0,32.021511469372115,72.84722350073852,8.0
28.73403115286168,61.81840930388133,0.0,32.021511469372115,72.84722350073852,8,1,1,6,21,2700.0,28.658171800958762,61.74254995197842,1802.7120249360091,31.946191091213016,72.79042741988754,8.0
28.658171800958762,61.74254995197842,1802.7120249360091,31.946191091213016,72.79042741988754,8,1,2,3,24,2760.0,28.58737737555513,61.85302872665751,1701.4138542661547,31.89911558130054,73.35102149117249,8.0
28.58737737555513,61.85302872665751,1701.4138542661547,31.89911558130054,73.35102149117249,8,1,3,0,23,2820.0,28.53128914571254,61.968008654302665,1407.305755655532,31.574964198767628,73.4996015030766,9.0
28.53128914571254,61.968008654302665,1407.305755655532,31.574964198767628,73.4996015030766,9,1,2,4,21,2880.0,28.448111293956412,62.083324582790404,1982.2528184913028,31.630705054452747,73.81570966009252,9.0
28.448111293956412,62.083324582790404,1982.2528184913028,31.630705054452747,73.81570966009252,9,1,2,0,28,2940.0,28.402706379866558,62.20064843356342,1226.8866776373845,31.623621369661137,73.86127209371921,9.0
28.402706379866558,62.20064843356342,1226.8866776373845,31.623621369661137,73.86127209371921,9,1,3,4,24,3000.0,28.338118145979326,62.31725467016498,1610.5786210711929,31.83339088856167,74.15992377713496,9.0
28.338118145979326,62.31725467016498,1610.5786210711929,31.83339088856167,74.15992377713496,9,1,3,0,26,3060.0,28.292638163502637,62.43568136123468,1228.596498028863,31.83733694660808,75.26392310380045,9.0
28.292638163502637,62.43568136123468,1228.596498028863,31.83733694660808,75.26392310380045,9,1,1,2,28,3120.0,28.25278489851244,62.395828096244486,1116.095098992645,31.718689954428363,76.08638020866476,9.0
28.25278489851244,62.395828096244486,1116.095098992645,31.718689954428363,76.08638020866476,9,0,2,6,26,3180.0,28.268733762014307,62.53273361736869,0.0,31.780984357469695,76.40715103113277,9.0
28.268733762014307,62.53273361736869,0.0,31.780984357469695,76.40715103113277,9,1,1,1,29,3240.0,28.32821982946726,62.59221968482164,1088.3914774942489,31.765580354466998,76.01348807478873,9.0
28.32821982946726,62.59221968482164,1088.3914774942489,31.765580354466998,76.01348807478873,9,1,3,3,27,3300.0,28.276717246274067,62.72643236872131,1349.009904213804,31.875527262570404,75.67570999511533,9.0
28.276717246274067,62.72643236872131,1349.009904213804,31.875527262570404,75.67570999511533,9,0,3,1,21,3360.0,28.292670539941277,62.85592514498525,0.0,31.850001446904184,75.79983989336057,8.0
28.292670539941277,62.85592514498525,0.0,31.850001446904184,75.79983989336057,8,0,1,1,23,3420.0,28.306955784304844,62.985364292469,0.0,31.71115042201246,75.35359788379427,8.0
28.306955784304844,62.985364292469,0.0,31.71115042201246,75.35359788379427,8,0,1,1,23,3480.0,28.3212359241261,63.10904662838225,0.0,31.560562773278228,75.94803147276278,8.0
28.3212359241261,63.10904662838225,0.0,31.560562773278228,75.94803147276278,8,0,3,0,25,3540.0,28.335510568354405,63.237436476826055,0.0,31.624100911400113,75.76776007672902,8.0
28.335510568354405,63.237436476826055,0.0,31.624100911400113,75.76776007672902,8,1,1,5,30,3600.0,28.403948078278287,63.30587398674994,1354.0305894778498,31.50424830401599,75.91501807151305,8.0
28.403948078278287,63.30587398674994,1354.0305894778498,31.50424830401599,75.91501807151305,8,0,1,6,25,3660.0,28.418218088285812,63.43196542759757,0.0,31.46331424649413,75.3869622869195,8.0
28.418218088285812,63.43196542759757,0.0,31.46331424649413,75.3869622869195,8,0,3,1,19,3720.0,28.432486258157752,63.55151539619079,0.0,31.570138621451978,75.5801058910358,8.0
28.432486258157752,63.55151539619079,0.0,31.570138621451978,75.5801058910358,8,1,3,1,18,3780.0,28.358883709166097,63.67180130113924,1757.4760814086103,31.568629888844516,74.5506705513442,9.0
28.358883709166097,63.67180130113924,1757.4760814086103,31.568629888844516,74.5506705513442,9,0,3,6,30,3840.0,28.374824034038753,63.78058999364129,0.0,31.49036756902426,74.4707495902535,9.0
28.374824034038753,63.78058999364129,0.0,31.49036756902426,74.4707495902535,9,1,2,3,27,3900.0,28.317018075905818,63.887491589607414,1474.8628583486739,31.37643147306359,74.52410064367179,8.0
28.317018075905818,63.887491589607414,1474.8628583486739,31.37643147306359,74.52410064367179,8,1,1,2,28,3960.0,28.275414923310315,63.84588843701191,1117.43599417482,31.38727129787241,73.8928383466454,8.0
28.275414923310315,63.84588843701191,1117.43599417482,31.38727129787241,73.8928383466454,8,0,2,0,21,4020.0,28.2896853185228,63.94635793610824,0.0,31.489975883090185,73.57742784969169,8.0
28.2896853185228,63.94635793610824,0.0,31.489975883090185,73.57742784969169,8,0,1,6,25,4080.0,28.303958661541618,64.04266863524407,0.0,31.565878435153277,73.27319845644243,8.0
28.303958661541618,64.04266863524407,0.0,31.565878435153277,73.27319845644243,8,0,3,0,18,4140.0,28.318234058867404,64.13497393345605,0.0,31.62725306446392,72.32977970238856,8.0
28.318234058867404,64.13497393345605,0.0,31.62725306446392,72.32977970238856,8,1,3,5,28,4200.0,28.262667096590235,64.21692199114538,1396.878591547134,31.60853033231323,72.84610846069957,8.0
28.262667096590235,64.21692199114538,1396.878591547134,31.60853033231323,72.84610846069957,8,0,2,3,28,4260.0,28.276945292031424,64.30321385584092,0.0,31.691680219006397,73.24515398503036,9.0
28.276945292031424,64.30321385584092,0.0,31.691680219006397,73.24515398503036,9,1,2,3,22,4320.0,28.202236988604817,64.39263325713281,1813.1092251501684,31.62756372606671,73.11262148658606,9.0
28.202236988604817,64.39263325713281,1813.1092251501684,31.62756372606671,73.11262148658606,9,1,3,3,18,4380.0,28.122669925019604,64.47983313942734,1910.2914895292547,31.656150904603724,73.20686467696628,9.0
28.122669925019604,64.47983313942734,1910.2914895292547,31.656150904603724,73.20686467696628,9,0,1,5,20,4440.0,28.138621041052257,64.56710345480273,0.0,31.633611376387492,72.61256597573247,9.0
28.138621041052257,64.56710345480273,0.0,31.633611376387492,72.61256597573247,9,0,3,6,21,4500.0,28.154570874063435,64.64755808001203,0.0,31.53669630311356,72.62469325267597,9.0
28.154570874063435,64.64755808001203,0.0,31.53669630311356,72.62469325267597,9,1,2,3,25,4560.0,28.09063367539555,64.72732943173867,1597.665390310377,31.615489428363162,72.85537501321602,9.0
28.09063367539555,64.72732943173867,1597.665390310377,31.615489428363162,72.85537501321602,9,1,2,1,28,4620.0,28.043299007843153,64.80860988755344,1265.7099215499197,31.518462295772338,72.178942068734,10.0
28.043299007843153,64.80860988755344,1265.7099215499197,31.518462295772338,72.178942068734,10,1,2,3,23,4680.0,27.97451546504236,64.88231320936525,1727.9876315411775,31.48463663134763,72.78619607462291,11.0
27.97451546504236,64.88231320936525,1727.9876315411775,31.48463663134763,72.78619607462291,11,0,1,4,27,4740.0,27.993799135747903,64.96135203801782,0.0,31.436492422321137,72.33031270670799,11.0
27.993799135747903,64.96135203801782,0.0,31.436492422321137,72.33031270670799,11,1,2,3,20,4800.0,27.916501951839123,65.03504164470472,1931.5721403666053,31.60986549434214,72.91200748165251,11.0
27.916501951839123,65.03504164470472,1931.5721403666053,31.60986549434214,72.91200748165251,11,1,2,3,21,4860.0,27.84292979889003,65.1138113030742,1857.2386346768994,31.604186634753514,72.46678960518118,11.0
27.84292979889003,65.1138113030742,1857.2386346768994,31.604186634753514,72.46678960518118,11,1,1,4,19,4920.0,27.77569305138789,65.04657455557206,1730.575787933402,31.471821677669297,72.24883887063596,11.0
27.77569305138789,65.04657455557206,1730.575787933402,31.471821677669297,72.24883887063596,11,0,2,6,30,4980.0,27.7949829223421,65.11859719872271,0.0,31.441495809427188,72.4921342105035,12.0
27.7949829223421,65.11859719872271,0.0,31.441495809427188,72.4921342105035,12,1,1,3,21,5040.0,27.73890223020327,65.06251650658388,1540.7115180346707,31.418637328594503,72.49157263035059,12.0
27.73890223020327,65.06251650658388,1540.7115180346707,31.418637328594503,72.49157263035059,12,1,3,6,27,5100.0,27.68571664590024,65.13680706782154,1482.831509459534,31.5271117528699,71.99403347568995,11.0
27.68571664590024,65.13680706782154,1482.831509459534,31.5271117528699,71.99403347568995,11,1,2,6,22,5160.0,27.60483706415146,65.20537933190022,2003.4858983802185,31.63499552797274,71.41577737398701,11.0
27.60483706415146,65.20537933190022,2003.4858983802185,31.63499552797274,71.41577737398701,11,1,3,6,26,5220.0,27.546900776929245,65.26748331232109,1544.7458500868295,31.57176991114683,71.66767204009821,11.0
27.546900776929245,65.26748331232109,1544.7458500868295,31.57176991114683,71.66767204009821,11,0,2,3,23,5280.0,27.566201605900385,65.33148519959886,0.0,31.616099003807573,71.75872505612688,11.0
27.566201605900385,65.33148519959886,0.0,31.616099003807573,71.75872505612688,11,0,1,6,21,5340.0,27.585503269146983,65.39575759816414,0.0,31.63299123182145,71.10027656538792,11.0
27.585503269146983,65.39575759816414,0.0,31.63299123182145,71.10027656538792,11,1,2,1,27,5400.0,27.53996051678126,65.45280278783638,1296.88670595626,31.64251055772825,71.97876203320656,11.0
27.53996051678126,65.45280278783638,1296.88670595626,31.64251055772825,71.97876203320656,11,0,2,5,26,5460.0,27.559263935115958,65.51806238029008,0.0,31.538232111809236,70.79843259959951,11.0
27.559263935115958,65.51806238029008,0.0,31.538232111809236,70.79843259959951,11,0,3,2,25,5520.0,27.57856323405518,65.57086608248316,0.0,31.583025179147175,70.9607509948142,11.0
27.57856323405518,65.57086608248316,0.0,31.583025179147175,70.9607509948142,11,0,2,0,26,5580.0,27.597863382786684,65.62476493160648,0.0,31.539621952770272,71.79096442156087,11.0
27.597863382786684,65.62476493160648,0.0,31.539621952770272,71.79096442156087,11,0,1,1,25,5640.0,27.617161441405685,65.68642692650602,0.0,31.621068626045123,71.32720932920594,10.0
27.617161441405685,65.68642692650602,0.0,31.621068626045123,71.32720932920594,10,1,3,4,22,5700.0,27.550258272221868,65.74283475053302,1690.732655132775,31.561964558913626,71.52432352546535,10.0
27.550258272221868,65.74283475053302,1690.732655132775,31.561964558913626,71.52432352546535,10,0,1,0,24,5760.0,27.567891995764757,65.80064963828234,0.0,31.544099839145822,71.22799187513785,10.0
27.567891995764757,65.80064963828234,0.0,31.544099839145822,71.22799187513785,10,0,1,1,24,5820.0,27.585524536026202,65.85492306065089,0.0,31.57106661804455,71.16281123464817,10.0
27.585524536026202,65.85492306065089,0.0,31.57106661804455,71.16281123464817,10,1,2,5,26,5880.0,27.522211670418837,65.90800194239087,1618.9143402019652,31.648929354508766,70.60168374525172,10.0
27.522211670418837,65.90800194239087,1618.9143402019652,31.648929354508766,70.60168374525172,10,1,2,2,25,5940.0,27.46552592916259,65.95493876041948,1486.4659702476433,31.486778345349883,69.93180761840871,10.0
27.46552592916259,65.95493876041948,1486.4659702476433,31.486778345349883,69.93180761840871,10,1,3,0,22,6000.0,27.413129774604602,65.99470744899938,1400.6039261039427,31.381258998010267,70.08632758224566,10.0
27.413129774604602,65.99470744899938,1400.6039261039427,31.381258998010267,70.08632758224566,10,0,3,3,20,6060.0,27.430762045578717,66.03562365033184,0.0,31.13312408776164,69.99365562691722,10.0
27.430762045578717,66.03562365033184,0.0,31.13312408776164,69.99365562691722,10,1,1,2,23,6120.0,27.381200862021448,65.98606246677457,1343.6919125068293,31.10094881736262,69.97741510899617,10.0
27.381200862021448,65.98606246677457,1343.6919125068293,31.10094881736262,69.97741510899617,10,1,1,0,18,6180.0,27.325371851464904,65.93023345621802,1469.0600431010723,30.992309629574866,70.22823495012659,10.0
27.325371851464904,65.93023345621802,1469.0600431010723,30.992309629574866,70.22823495012659,10,0,2,4,22,6240.0,27.342994082724175,65.97321347115711,0.0,30.907516959226488,69.78954705783657,10.0
27.342994082724175,65.97321347115711,0.0,30.907516959226488,69.78954705783657,10,1,2,1,28,6300.0,27.412668555064926,66.01137680702391,1301.391372788377,30.907472019358263,69.81586267178339,10.0
28.887464047516417,45.40004089561161,0.0,28.358734890961305,74.19065842380769,3,0,2,5,19,60.0,28.893279756544533,45.68794707089357,0.0,28.443952309093497,74.19311370308947,3.0
28.893279756544533,45.68794707089357,0.0,28.443952309093497,74.19311370308947,3,1,2,5,26,120.0,28.813248313209243,45.97299873721553,1716.99598174084,28.558855115393325,73.88133417543989,3.0
28.813248313209243,45.97299873721553,1716.99598174084,28.558855115393325,73.88133417543989,3,0,1,4,27,180.0,28.819073166769314,46.25208209159778,0.0,28.459044724298547,73.01357537026003,3.0
28.819073166769314,46.25208209159778,0.0,28.459044724298547,73.01357537026003,3,0,2,1,22,240.0,28.824894499154567,46.5196970243844,0.0,28.43337927062832,72.76062390006385,3.0
28.824894499154567,46.5196970243844,0.0,28.43337927062832,72.76062390006385,3,1,1,2,27,300.0,28.770696322107607,46.46549884733744,1200.3691974535013,28.303366666307557,72.37776226341249,3.0
28.770696322107607,46.46549884733744,1200.3691974535013,28.303366666307557,72.37776226341249,3,1,3,6,30,360.0,28.83722988630452,46.7246214814982,1517.8952129693062,28.399727847393844,72.86006172270811,3.0
28.83722988630452,46.7246214814982,1517.8952129693062,28.399727847393844,72.86006172270811,3,0,2,0,27,420.0,28.843048636236556,46.9859758839103,0.0,28.353889039708477,72.86307229061646,4.0
28.843048636236556,46.9859758839103,0.0,28.353889039708477,72.86307229061646,4,0,3,5,22,480.0,28.85053233091667,47.24474684797736,0.0,28.49461837006147,72.97918200545413,3.0
28.85053233091667,47.24474684797736,0.0,28.49461837006147,72.97918200545413,3,1,1,6,21,540.0,28.76583957037583,47.16005408743652,1810.2846015095838,28.484603431016538,72.74407541618827,3.0
28.76583957037583,47.16005408743652,1810.2846015095838,28.484603431016538,72.74407541618827,3,0,2,5,21,600.0,28.771663529171185,47.41589430072404,0.0,28.52370988103812,72.33790934870359,3.0
28.771663529171185,47.41589430072404,0.0,28.52370988103812,72.33790934870359,3,0,2,4,26,660.0,28.777488597382913,47.665114451203834,0.0,28.346860948249326,72.12730897962489,3.0
28.777488597382913,47.665114451203834,0.0,28.346860948249326,72.12730897962489,3,1,3,2,23,720.0,28.705330673454192,47.90973639648804,1559.5380601416664,28.332374272734715,72.3302210229618,3.0
28.705330673454192,47.90973639648804,1559.5380601416664,28.332374272734715,72.3302210229618,3,1,3,0,19,780.0,28.629461915555503,48.15394124275278,1633.7931870399805,28.10679513962524,72.54572586902684,2.0
28.629461915555503,48.15394124275278,1633.7931870399805,28.10679513962524,72.54572586902684,2,0,3,3,19,840.0,28.633611159996306,48.39785908901552,0.0,28.080203132205686,72.82416323021091,2.0
28.633611159996306,48.39785908901552,0.0,28.080203132205686,72.82416323021091,2,1,2,3,30,900.0,28.696730612927123,48.642122130427474,1474.2808299602548,28.01024305133545,72.71947542355495,2.0
28.696730612927123,48.642122130427474,1474.2808299602548,28.01024305133545,72.71947542355495,2,1,3,3,20,960.0,28.61012098611169,48.882895663358745,1815.0682112676407,28.000642985162063,72.6204455419455,2.0
28.61012098611169,48.882895663358745,1815.0682112676407,28.000642985162063,72.6204455419455,2,0,1,5,19,1020.0,28.61426733684499,49.12027116214461,0.0,27.95701668194406,73.14450392158008,2.0
28.61426733684499,49.12027116214461,0.0,27.95701668194406,73.14450392158008,2,0,2,1,20,1080.0,28.618412095156494,49.36051348973896,0.0,28.00279290562979,74.15108840854425,2.0
28.618412095156494,49.36051348973896,0.0,28.00279290562979,74.15108840854425,2,1,1,0,29,1140.0,28.663321416993195,49.40542281157566,1019.0793952421752,28.061498765214658,74.25196893274773,2.0
28.663321416993195,49.40542281157566,1019.0793952421752,28.061498765214658,74.25196893274773,2,0,2,3,25,1200.0,28.667468022904803,49.653888272787384,0.0,27.95941383314305,73.82453112061887,2.0
28.667468022904803,49.653888272787384,0.0,27.95941383314305,73.82453112061887,2,1,3,3,19,1260.0,28.57778772014271,49.8955947012657,1876.467352448729,27.90701556481325,74.89884388329725,3.0
28.57778772014271,49.8955947012657,1876.467352448729,27.90701556481325,74.89884388329725,3,0,1,3,18,1320.0,28.5835986944042,50.145627193086014,0.0,27.846992991802193,75.23798073349212,3.0
28.5835986944042,50.145627193086014,0.0,27.846992991802193,75.23798073349212,3,0,3,4,24,1380.0,28.589407474214113,50.39655072849008,0.0,27.859635432614667,74.93106722414525,3.0
28.589407474214113,50.39655072849008,0.0,27.859635432614667,74.93106722414525,3,0,2,4,26,1440.0,28.595216481812727,50.64189589344663,0.0,27.74840268564761,74.34718851619529,3.0
28.595216481812727,50.64189589344663,0.0,27.74840268564761,74.34718851619529,3,1,3,2,27,1500.0,28.53569605816204,50.878948819674115,1306.51059714967,27.79933221801181,74.03915290852713,3.0
28.53569605816204,50.878948819674115,1306.51059714967,27.79933221801181,74.03915290852713,3,0,3,3,18,1560.0,28.541504846034034,51.11055086056265,0.0,27.96103671046398,73.65394050895819,3.0
28.541504846034034,51.11055086056265,0.0,27.96103671046398,73.65394050895819,3,1,1,2,22,1620.0,28.47432969210292,51.04337570663154,1459.7827665318719,27.74074537514341,73.54365753882453,3.0
28.47432969210292,51.04337570663154,1459.7827665318719,27.74074537514341,73.54365753882453,3,1,2,5,23,1680.0,28.3846098362803,51.26837852495347,1910.5747269077192,27.631876034095775,73.8243938537376,3.0
28.3846098362803,51.26837852495347,1910.5747269077192,27.631876034095775,73.8243938537376,3,0,1,3,27,1740.0,28.390418078486896,51.493938678241314,0.0,27.702513103820834,73.78252163604665,3.0
28.390418078486896,51.493938678241314,0.0,27.702513103820834,73.78252163604665,3,1,2,5,26,1800.0,28.31226441386008,51.71682450781937,1679.281355886517,27.523852796551065,74.0558215153412,3.0
28.31226441386008,51.71682450781937,1679.281355886517,27.523852796551065,74.0558215153412,3,1,3,2,27,1860.0,28.253601866954245,51.940214477894585,1289.3919970385348,27.562349438155827,74.4551048518965,3.0
28.253601866954245,51.940214477894585,1289.3919970385348,27.562349438155827,74.4551048518965,3,0,3,3,26,1920.0,28.259412158539952,52.165363381634606,0.0,27.528118953810914,74.90615050769063,4.0
28.259412158539952,52.165363381634606,0.0,27.528118953810914,74.90615050769063,4,0,3,5,28,1980.0,28.266887782099793,52.392771252895166,0.0,27.415706767924835,74.95742122759938,4.0
28.266887782099793,52.392771252895166,0.0,27.415706767924835,74.95742122759938,4,0,3,6,27,2040.0,28.27435940939932,52.61841775264221,0.0,27.50286236455365,75.12100650403828,4.0
28.27435940939932,52.61841775264221,0.0,27.50286236455365,75.12100650403828,4,1,2,4,23,2100.0,28.19084599895732,52.84344364015617,1819.7538774767509,27.553915902398774,75.2218758314363,4.0
28.19084599895732,52.84344364015617,1819.7538774767509,27.553915902398774,75.2218758314363,4,1,3,6,21,2160.0,28.101117493507832,53.06722796206897,1944.1454889254485,27.550459478414393,75.67473463168497,4.0
28.101117493507832,53.06722796206897,1944.1454889254485,27.550459478414393,75.67473463168497,4,0,3,0,18,2220.0,28.108599138240663,53.29330302876513,0.0,27.709661968272002,75.38086564702502,4.0
28.108599138240663,53.29330302876513,0.0,27.709661968272002,75.38086564702502,4,1,2,3,21,2280.0,28.022561173308066,53.51417865494773,1870.4933405386057,27.677579248604943,75.63881289283479,4.0
28.022561173308066,53.51417865494773,1870.4933405386057,27.677579248604943,75.63881289283479,4,0,1,0,29,2340.0,28.030049673910575,53.7354249973266,0.0,27.833103362566163,75.6113226961108,4.0
28.030049673910575,53.7354249973266,0.0,27.833103362566163,75.6113226961108,4,0,1,0,22,2400.0,28.037543109033532,53.95418397431444,0.0,27.942013262850907,74.76946988342782,5.0
28.037543109033532,53.95418397431444,0.0,27.942013262850907,74.76946988342782,5,1,1,6,24,2460.0,27.968584576267634,53.88522544154854,1562.4403020871794,27.953814859261698,73.71968406213766,5.0
27.968584576267634,53.88522544154854,1562.4403020871794,27.953814859261698,73.71968406213766,5,1,3,1,27,2520.0,27.91720396264643,54.08357002775443,1210.9357592794559,28.0940409846365,73.5859510036171,4.0
27.91720396264643,54.08357002775443,1210.9357592794559,28.0940409846365,73.5859510036171,4,0,2,4,28,2580.0,27.924709857213827,54.27859383751306,0.0,28.125947817151662,72.12988381392753,4.0
27.924709857213827,54.27859383751306,0.0,28.125947817151662,72.12988381392753,4,0,3,1,20,2640.0,27.932216565145826,54.4571067372772,0.0,28.33107251147861,71.78298160497663,5.0
27.932216565145826,54.4571067372772,0.0,28.33107251147861,71.78298160497663,5,0,2,5,20,2700.0,27.941396527010703,54.630365485954194,0.0,28.38905606813807,71.80616891254928,5.0
27.941396527010703,54.630365485954194,0.0,28.38905606813807,71.80616891254928,5,0,3,3,21,2760.0,27.950578115662072,54.80212352022014,0.0,28.375733592883243,71.6004273899278,6.0
27.950578115662072,54.80212352022014,0.0,28.375733592883243,71.6004273899278,6,0,3,2,20,2820.0,27.961425620844647,54.970106558917216,0.0,28.09936221037225,72.40995440539272,6.0
27.961425620844647,54.970106558917216,0.0,28.09936221037225,72.40995440539272,6,1,1,3,30,2880.0,28.022952273136355,55.03163321120893,1267.2180268014326,28.061618994866024,73.02582865074199,7.0
28.022952273136355,55.03163321120893,1267.2180268014326,28.061618994866024,73.02582865074199,7,1,1,6,29,2940.0,28.089993886116925,55.0986748241895,1363.5081022461368,28.205002278732007,72.33718090610594,6.0
28.089993886116925,55.0986748241895,1363.5081022461368,28.205002278732007,72.33718090610594,6,1,1,0,29,3000.0,28.142651065291112,55.15133200336369,1045.5003056941537,28.320726733505108,72.25143310591183,6.0
28.142651065291112,55.15133200336369,1045.5003056941537,28.320726733505108,72.25143310591183,6,0,2,5,23,3060.0,28.153490334480054,55.32233301438917,0.0,28.20033536860847,72.36406144690363,6.0
28.153490334480054,55.32233301438917,0.0,28.20033536860847,72.36406144690363,6,1,2,6,27,3120.0,28.08182661701005,55.49275029871432,1649.9722460894443,28.09761807277328,72.53887243317163,6.0
28.08182661701005,55.49275029871432,1649.9722460894443,28.09761807277328,72.53887243317163,6,0,3,0,22,3180.0,28.092660476725243,55.663211520058894,0.0,28.14777911336687,72.18497727954498,6.0
28.092660476725243,55.663211520058894,0.0,28.14777911336687,72.18497727954498,6,1,3,4,28,3240.0,28.03718986777327,55.82842917765375,1326.1155914638662,28.235203894448578,72.27132560460439,5.0
28.03718986777327,55.82842917765375,1326.1155914638662,28.235203894448578,72.27132560460439,5,1,2,5,18,3300.0,27.933723672903344,55.99285814192326,2252.789240082995,28.228062396611314,71.53787263192842,4.0
27.933723672903344,55.99285814192326,2252.789240082995,28.228062396611314,71.53787263192842,4,1,3,6,29,3360.0,28.00148303448963,56.14830828682331,1506.238757387411,28.264081524421474,71.61698806675507,4.0
28.00148303448963,56.14830828682331,1506.238757387411,28.264081524421474,71.61698806675507,4,1,1,0,20,3420.0,27.938988080186405,56.08581333252008,1400.0741517244815,28.316708292289256,71.02596928722664,4.0
27.938988080186405,56.08581333252008,1400.0741517244815,28.316708292289256,71.02596928722664,4,1,3,6,27,3480.0,27.871643788473477,56.23521489206715,1497.137647733328,28.405068970888674,70.34287011839218,4.0
27.871643788473477,56.23521489206715,1497.137647733328,28.405068970888674,70.34287011839218,4,1,1,0,29,3540.0,27.921418281735946,56.28498938532962,1056.4178105763262,28.478355729134243,70.08620552505343,4.0
27.921418281735946,56.28498938532962,1056.4178105763262,28.478355729134243,70.08620552505343,4,0,2,3,29,3600.0,27.928936846317526,56.42300154672685,0.0,28.62930063417451,69.30371733930338,4.0
27.928936846317526,56.42300154672685,0.0,28.62930063417451,69.30371733930338,4,0,2,2,25,3660.0,27.936460191777122,56.551808704652615,0.0,28.528122516602227,69.13968473720612,4.0
27.936460191777122,56.551808704652615,0.0,28.528122516602227,69.13968473720612,4,0,3,4,28,3720.0,27.943979913854616,56.67768746497815,0.0,28.599959447391637,69.07931636583965,4.0
27.943979913854616,56.67768746497815,0.0,28.599959447391637,69.07931636583965,4,1,2,6,23,3780.0,27.854220258175033,56.801703753986764,1945.6304332806599,28.492109313433826,69.54245074790094,4.0
27.854220258175033,56.801703753986764,1945.6304332806599,28.492109313433826,69.54245074790094,4,1,1,6,27,3840.0,27.79396530530447,56.741448801116206,1355.5243167813771,28.59291155240546,68.89763821418883,4.0
27.79396530530447,56.741448801116206,1355.5243167813771,28.59291155240546,68.89763821418883,4,0,3,4,28,3900.0,27.80149193684604,56.863010695246935,0.0,28.79062420445757,69.15090132335865,3.0
27.80149193684604,56.863010695246935,0.0,28.79062420445757,69.15090132335865,3,0,3,3,28,3960.0,27.80735824125496,56.98588960152805,0.0,28.718065774652636,68.61092295199876,4.0
27.80735824125496,56.98588960152805,0.0,28.718065774652636,68.61092295199876,4,1,2,5,18,4020.0,27.703111004768033,57.10213993503276,2235.551868094122,28.733754168426845,69.05837738597342,4.0
27.703111004768033,57.10213993503276,2235.551868094122,28.733754168426845,69.05837738597342,4,1,1,5,20,4080.0,27.624073137650253,57.02310206791498,1731.4444377980021,28.75235943886787,69.70967629178587,4.0
27.624073137650253,57.02310206791498,1731.4444377980021,28.75235943886787,69.70967629178587,4,1,3,3,28,4140.0,27.68316184215537,57.14996781015368,1288.7773740436214,28.86249625809401,68.99919291460073,4.0
27.68316184215537,57.14996781015368,1288.7773740436214,28.86249625809401,68.99919291460073,4,0,2,3,24,4200.0,27.69070115330257,57.268460061198155,0.0,28.75573208176075,68.51030179226085,4.0
27.69070115330257,57.268460061198155,0.0,28.75573208176075,68.51030179226085,4,1,2,5,19,4260.0,27.590646525008633,57.380878478508784,2151.802586497693,28.681956557077463,67.53509569143215,4.0
27.590646525008633,57.380878478508784,2151.802586497693,28.681956557077463,67.53509569143215,4,0,2,4,28,4320.0,27.598182902009704,57.48242065063802,0.0,28.63768816753438,67.85288886858154,4.0
27.598182902009704,57.48242065063802,0.0,28.63768816753438,67.85288886858154,4,0,1,5,18,4380.0,27.605717552185222,57.58612533281745,0.0,28.556284455232642,67.69125448138541,3.0
27.605717552185222,57.58612533281745,0.0,28.556284455232642,67.69125448138541,3,0,2,3,26,4440.0,27.61158257108199,57.687176624303135,0.0,28.519650287518868,67.77963553301055,3.0
27.61158257108199,57.687176624303135,0.0,28.519650287518868,67.77963553301055,3,1,2,2,25,4500.0,27.542827950854633,57.788101213390206,1492.3644496914112,28.569998367179267,68.1479625463282,3.0
27.542827950854633,57.788101213390206,1492.3644496914112,28.569998367179267,68.1479625463282,3,0,1,1,18,4560.0,27.548695523201843,57.89169982671959,0.0,28.423709973405323,68.36369252519181,2.0
27.548695523201843,57.89169982671959,0.0,28.423709973405323,68.36369252519181,2,1,3,6,28,4620.0,27.61138208782049,57.99641975370431,1462.2682700910682,28.348641874700157,68.62088109349874,2.0
27.61138208782049,57.99641975370431,1462.2682700910682,28.348641874700157,68.62088109349874,2,0,2,6,28,4680.0,27.615573329813387,58.10266436710226,0.0,28.18512212370173,67.84340668178166,2.0
27.615573329813387,58.10266436710226,0.0,28.18512212370173,67.84340668178166,2,1,3,3,20,4740.0,27.532424730784314,58.20007179024905,1746.6850131106967,28.15782000196014,67.69318421291608,2.0
27.532424730784314,58.20007179024905,1746.6850131106967,28.15782000196014,67.69318421291608,2,0,3,2,28,4800.0,27.53661224396002,58.29500291447572,0.0,28.121488801121284,67.84147055126323,2.0
27.53661224396002,58.29500291447572,0.0,28.121488801121284,67.84147055126323,2,0,2,1,24,4860.0,27.540798406511925,58.39046759084359,0.0,28.182106131764805,67.47217176032197,3.0
27.540798406511925,58.39046759084359,0.0,28.182106131764805,67.47217176032197,3,1,1,4,18,4920.0,27.458030721549896,58.30769990588156,1772.4479043907154,28.255747506218405,67.15344349816317,3.0
27.458030721549896,58.30769990588156,1772.4479043907154,28.255747506218405,67.15344349816317,3,0,2,5,20,4980.0,27.463890645442717,58.39615734180438,0.0,28.101858580510548,67.06006796491283,3.0
27.463890645442717,58.39615734180438,0.0,28.101858580510548,67.06006796491283,3,0,2,1,23,5040.0,27.469745244373886,58.482796448035465,0.0,27.98961014813826,67.54642316137392,3.0
27.469745244373886,58.482796448035465,0.0,27.98961014813826,67.54642316137392,3,1,2,6,19,5100.0,27.36456390008429,58.57343271516885,2220.640129061163,28.106331921468698,68.34064674949398,3.0
27.36456390008429,58.57343271516885,2220.640129061163,28.106331921468698,68.34064674949398,3,0,2,2,24,5160.0,27.370421959018334,58.6711048555121,0.0,28.15620091268225,67.3693979040131,3.0
27.370421959018334,58.6711048555121,0.0,28.15620091268225,67.3693979040131,3,1,1,5,28,5220.0,27.42785543008591,58.728538326579674,1289.348627561354,28.18671599626975,67.94344333721182,3.0
27.42785543008591,58.728538326579674,1289.348627561354,28.18671599626975,67.94344333721182,3,0,1,3,27,5280.0,27.43371405877145,58.820687376685996,0.0,28.165323349634633,67.45497046752088,2.0
27.43371405877145,58.820687376685996,0.0,28.165323349634633,67.45497046752088,2,0,1,2,24,5340.0,27.43790511241448,58.907030207594346,0.0,28.345024384021077,68.22014137329259,2.0
27.43790511241448,58.907030207594346,0.0,28.345024384021077,68.22014137329259,2,0,2,0,28,5400.0,27.4421020163902,59.000161319251326,0.0,28.472157727979585,68.27786810610402,2.0
27.4421020163902,59.000161319251326,0.0,28.472157727979585,68.27786810610402,2,1,3,3,30,5460.0,27.50337450014579,59.09293838711985,1426.7870474633198,28.333480906895815,68.22210129800727,2.0
27.50337450014579,59.09293838711985,1426.7870474633198,28.333480906895815,68.22210129800727,2,1,1,0,18,5520.0,27.43381040077565,59.02337428774971,1475.1687250072894,28.144081547611595,69.99413380348716,3.0
27.43381040077565,59.02337428774971,1475.1687250072894,28.144081547611595,69.99413380348716,3,0,3,5,20,5580.0,27.439667409813875,59.133081882907085,0.0,28.22832091663063,71.0283514737477,3.0
27.439667409813875,59.133081882907085,0.0,28.22832091663063,71.0283514737477,3,1,3,6,30,5640.0,27.51004958280537,59.25203457881549,1613.0637801983078,28.173727316595304,71.41118268632583,3.0
27.51004958280537,59.25203457881549,1613.0637801983078,28.173727316595304,71.41118268632583,3,1,2,3,21,5700.0,27.42444536766915,59.37362605989059,1829.1934212135707,28.15630526636325,70.63375031225846,3.0
27.42444536766915,59.37362605989059,1829.1934212135707,28.15630526636325,70.63375031225846,3,0,1,0,29,5760.0,27.43030309633244,59.48622730241427,0.0,28.14609496047411,70.65252685058874,3.0
27.43030309633244,59.48622730241427,0.0,28.14609496047411,70.65252685058874,3,1,2,2,27,5820.0,27.36874028917668,59.597890297896015,1348.4000043579413,28.115273763872494,70.79966407619098,3.0
27.36874028917668,59.597890297896015,1348.4000043579413,28.115273763872494,70.79966407619098,3,1,1,0,24,5880.0,27.31617665623623,59.54532666495557,1168.437014458834,28.15266130289684,71.5056152930459,3.0
27.31617665623623,59.54532666495557,1168.437014458834,28.15266130289684,71.5056152930459,3,0,2,4,28,5940.0,27.322037872391117,59.66492955123647,0.0,28.251020160291656,71.55894684470847,3.0
27.322037872391117,59.66492955123647,0.0,28.251020160291656,71.55894684470847,3,1,1,3,30,6000.0,27.380061484694213,59.722953163539565,1303.9828223375107,28.34584480665544,72.11675035033016,4.0
27.380061484694213,59.722953163539565,1303.9828223375107,28.34584480665544,72.11675035033016,4,0,2,0,29,6060.0,27.38759367747161,59.84689113540747,0.0,28.344657164685312,72.38505621304807,4.0
27.38759367747161,59.84689113540747,0.0,28.344657164685312,72.38505621304807,4,0,1,0,28,6120.0,27.39512557958785,59.97227278618387,0.0,28.360924361937386,71.36830587805282,4.0
27.39512557958785,59.97227278618387,0.0,28.360924361937386,71.36830587805282,4,1,2,5,18,6180.0,27.292426051957143,60.08623311710256,2204.634418469089,28.451468198682864,69.48841641471438,4.0
29.311311755688493,47.229021695490836,0.0,22.938637247686973,55.22327742599705,2,0,3,3,30,60.0,29.31526599987156,47.308964252795896,0.0,23.014535417232985,55.44731659650349,2.0
29.31526599987156,47.308964252795896,0.0,23.014535417232985,55.44731659650349,2,1,3,1,19,120.0,29.23168731161084,47.39034777623297,1750.7066114925826,23.167773455491748,55.657584949455526,2.0
29.23168731161084,47.39034777623297,1750.7066114925826,23.167773455491748,55.657584949455526,2,0,1,0,29,180.0,29.23565184781564,47.473020147965194,0.0,23.105325871204236,56.24729125599972,2.0
29.23565184781564,47.473020147965194,0.0,23.105325871204236,56.24729125599972,2,1,2,6,21,240.0,29.129495128076606,47.56076285904554,2202.3808441296196,23.024461355517982,56.859304155071136,2.0
29.129495128076606,47.56076285904554,2202.3808441296196,23.024461355517982,56.859304155071136,2,1,3,3,18,300.0,29.035011265274978,47.65374827200579,1968.9405668508455,23.112000886672796,56.08944369980908,1.0
29.035011265274978,47.65374827200579,1968.9405668508455,23.112000886672796,56.08944369980908,1,1,1,6,25,360.0,28.959200044983547,47.57793705171436,1562.2757322428736,23.191217233597214,56.33505123020191,1.0
28.959200044983547,47.57793705171436,1562.2757322428736,23.191217233597214,56.33505123020191,1,0,3,4,19,420.0,28.961507778889835,47.665508193499235,0.0,23.178641002541745,55.27714094468198,1.0
28.961507778889835,47.665508193499235,0.0,23.178641002541745,55.27714094468198,1,0,3,4,27,480.0,28.963815016663958,47.74162452101106,0.0,23.147353606421305,54.88773858038029,1.0
28.963815016663958,47.74162452101106,0.0,23.147353606421305,54.88773858038029,1,0,1,5,27,540.0,28.966121134616948,47.81308566160475,0.0,23.32525472835473,54.96917560715018,1.0
28.966121134616948,47.81308566160475,0.0,23.32525472835473,54.96917560715018,1,1,3,1,26,600.0,28.902118430960535,47.88464656106021,1326.2934955241287,23.335136650472688,55.27707228125586,1.0
28.902118430960535,47.88464656106021,1326.2934955241287,23.335136650472688,55.27707228125586,1,1,2,1,24,660.0,28.82599119184366,47.95857081826217,1568.8334611505136,23.465556807037853,54.88412445828267,1.0
28.82599119184366,47.95857081826217,1568.8334611505136,23.465556807037853,54.88412445828267,1,1,3,4,21,720.0,28.736486739764416,48.02782635466237,1836.5154186616815,23.7038617557416,55.95787349127749,2.0
28.736486739764416,48.02782635466237,1836.5154186616815,23.7038617557416,55.95787349127749,2,0,1,4,21,780.0,28.740485652264947,48.10712682602853,0.0,23.623452904016247,56.40233944439512,2.0
28.740485652264947,48.10712682602853,0.0,23.623452904016247,56.40233944439512,2,1,3,4,25,840.0,28.666138148520865,48.19007895221219,1566.8720530494866,23.58686627594681,56.32768711073411,2.0
28.666138148520865,48.19007895221219,1566.8720530494866,23.58686627594681,56.32768711073411,2,0,1,2,23,900.0,28.670135506125114,48.27145503379741,0.0,23.606578109459083,56.42150603791624,2.0
28.670135506125114,48.27145503379741,0.0,23.606578109459083,56.42150603791624,2,1,3,5,25,960.0,28.59276729674292,48.3529555438386,1627.3218160461015,23.586242283108884,56.64741516616401,2.0
28.59276729674292,48.3529555438386,1627.3218160461015,23.586242283108884,56.64741516616401,2,0,1,6,26,1020.0,28.596767079242465,48.435900140061854,0.0,23.577321953339716,57.45256165640544,2.0
28.596767079242465,48.435900140061854,0.0,23.577321953339716,57.45256165640544,2,1,2,6,25,1080.0,28.508739039462554,48.52606675522529,1840.5478321809123,23.543061729262607,57.81793898698564,2.0
28.508739039462554,48.52606675522529,1840.5478321809123,23.543061729262607,57.81793898698564,2,1,1,1,18,1140.0,28.432654743573625,48.449982459336354,1601.708799571784,23.554247434397077,57.752498834312945,2.0
28.432654743573625,48.449982459336354,1601.708799571784,23.554247434397077,57.752498834312945,2,1,2,6,24,1200.0,28.341371443163382,48.54300762308612,1905.7470699987427,23.44215773702026,56.90011096219892,1.0
28.341371443163382,48.54300762308612,1905.7470699987427,23.44215773702026,56.90011096219892,1,1,3,5,30,1260.0,28.403269364571145,48.62657865647725,1489.0307132825176,23.466884882231135,57.34340070857775,2.0
28.403269364571145,48.62657865647725,1489.0307132825176,23.466884882231135,57.34340070857775,2,0,1,6,29,1320.0,28.4072714850884,48.71374687699826,0.0,23.588202801070295,57.60984656869127,2.0
28.4072714850884,48.71374687699826,0.0,23.588202801070295,57.60984656869127,2,0,1,2,20,1380.0,28.411277516132266,48.80270787391519,0.0,23.547056937991247,57.335935856569655,3.0
28.411277516132266,48.80270787391519,0.0,23.547056937991247,57.335935856569655,3,1,2,6,28,1440.0,28.337344726466746,48.888040153741734,1592.0796462583169,23.613632943392027,58.47688731482674,3.0
28.337344726466746,48.888040153741734,1592.0796462583169,23.613632943392027,58.47688731482674,3,1,3,0,21,1500.0,28.26784290474286,48.98392862535258,1503.5539599556712,23.699122847065848,58.179396600222155,3.0
28.26784290474286,48.98392862535258,1503.5539599556712,23.699122847065848,58.179396600222155,3,0,3,5,29,1560.0,28.273523947407604,49.07588330510128,0.0,23.623141084185743,58.451444690698466,3.0
28.273523947407604,49.07588330510128,0.0,23.623141084185743,58.451444690698466,3,1,1,6,24,1620.0,28.200313315149756,49.00267267284343,1577.7790565814944,23.470587059758888,59.687068213154085,4.0
28.200313315149756,49.00267267284343,1577.7790565814944,23.470587059758888,59.687068213154085,4,0,3,5,19,1680.0,28.20765565760791,49.10951662824654,0.0,23.60737658607475,58.83305078433393,3.0
28.20765565760791,49.10951662824654,0.0,23.60737658607475,58.83305078433393,3,1,3,0,29,1740.0,28.25907880585879,49.206751969807414,1143.578938831565,23.526724602829095,59.67165103931698,3.0
28.25907880585879,49.206751969807414,1143.578938831565,23.526724602829095,59.67165103931698,3,0,2,1,22,1800.0,28.26475439405202,49.31140096050251,0.0,23.443137577267265,59.12371563391762,3.0
28.26475439405202,49.31140096050251,0.0,23.443137577267265,59.12371563391762,3,0,2,3,19,1860.0,28.270427006824793,49.40952410723666,0.0,23.46762149767726,59.76131850213384,3.0
28.270427006824793,49.40952410723666,0.0,23.46762149767726,59.76131850213384,3,0,3,4,22,1920.0,28.276100246641153,49.513042051185636,0.0,23.202205263106276,59.11223623536747,3.0
28.276100246641153,49.513042051185636,0.0,23.202205263106276,59.11223623536747,3,0,1,4,28,1980.0,28.2817644501417,49.60903399302745,0.0,23.250820231616903,59.824490714818985,3.0
28.2817644501417,49.60903399302745,0.0,23.250820231616903,59.824490714818985,3,1,1,4,23,2040.0,28.21158479198399,49.53885433486974,1516.9058670085021,23.284756567873522,60.129462051286126,2.0
28.21158479198399,49.53885433486974,1516.9058670085021,23.284756567873522,60.129462051286126,2,0,1,0,24,2100.0,28.215587231043187,49.644760412033904,0.0,23.223168503081226,60.005393886892335,3.0
28.215587231043187,49.644760412033904,0.0,23.223168503081226,60.005393886892335,3,0,2,2,30,2160.0,28.221254150418922,49.74836674678249,0.0,23.257714301370044,60.46192546510903,3.0
28.221254150418922,49.74836674678249,0.0,23.257714301370044,60.46192546510903,3,1,3,6,29,2220.0,28.286349245553755,49.85550233396575,1485.6803282450471,23.229455963058346,60.25059645080047,3.0
28.286349245553755,49.85550233396575,1485.6803282450471,23.229455963058346,60.25059645080047,3,1,2,4,21,2280.0,28.193783158493677,49.9594532751341,1964.6171456798702,23.34276230721906,60.322707329236806,3.0
28.193783158493677,49.9594532751341,1964.6171456798702,23.34276230721906,60.322707329236806,3,0,1,3,29,2340.0,28.199454791131966,50.06308581567513,0.0,23.28995175907681,60.460945142303395,3.0
28.199454791131966,50.06308581567513,0.0,23.28995175907681,60.460945142303395,3,1,2,3,26,2400.0,28.128536355334827,50.167064408941414,1531.7623805881058,23.397764298656288,60.41783659329967,3.0
28.128536355334827,50.167064408941414,1531.7623805881058,23.397764298656288,60.41783659329967,3,1,1,3,18,2460.0,28.047592454244683,50.08612050785127,1732.3908404317524,23.351378855705693,59.86874340141059,3.0
28.047592454244683,50.08612050785127,1732.3908404317524,23.351378855705693,59.86874340141059,3,1,2,6,30,2520.0,28.121760758667488,50.183946736786865,1712.287788568915,23.30648801697439,59.665688222898886,3.0
28.121760758667488,50.183946736786865,1712.287788568915,23.30648801697439,59.665688222898886,3,1,1,4,21,2580.0,28.04606830063343,50.10825427875281,1627.3056455200492,23.22066222018906,59.73987181871708,3.0
28.04606830063343,50.10825427875281,1627.3056455200492,23.22066222018906,59.73987181871708,3,1,3,6,22,2640.0,27.95862609292265,50.20457045415245,1862.2938834952902,23.189250210471812,59.86996432857997,3.0
27.95862609292265,50.20457045415245,1862.2938834952902,23.189250210471812,59.86996432857997,3,1,3,6,27,2700.0,27.889373358777704,50.30122439289673,1498.5417656439695,23.169744045822146,60.60274715476295,4.0
27.889373358777704,50.30122439289673,1498.5417656439695,23.169744045822146,60.60274715476295,4,1,2,6,24,2760.0,27.803547481701372,50.40423962051539,1863.371121984661,23.272509407752985,60.803148600470415,4.0
27.803547481701372,50.40423962051539,1863.371121984661,23.272509407752985,60.803148600470415,4,1,1,5,26,2820.0,27.74276036121859,50.34345250003261,1362.721717606336,23.33343329084196,60.63721616955942,4.0
27.74276036121859,50.34345250003261,1362.721717606336,23.33343329084196,60.63721616955942,4,0,2,4,25,2880.0,27.750113383649577,50.44639013672788,0.0,23.117302902211723,60.878483024470015,4.0
27.750113383649577,50.44639013672788,0.0,23.117302902211723,60.878483024470015,4,0,1,0,19,2940.0,27.757458956633528,50.5507110656053,0.0,23.077798216994765,61.03300644198203,3.0
27.757458956633528,50.5507110656053,0.0,23.077798216994765,61.03300644198203,3,1,1,5,27,3000.0,27.69826924203606,50.49152135100783,1297.3411847895954,23.07488094707211,61.10266625734681,3.0
27.69826924203606,50.49152135100783,1297.3411847895954,23.07488094707211,61.10266625734681,3,0,3,3,28,3060.0,27.703948462426226,50.597632800071224,0.0,23.04257337280441,61.77045148511519,3.0
27.703948462426226,50.597632800071224,0.0,23.04257337280441,61.77045148511519,3,1,1,3,21,3120.0,27.63285256476043,50.526536902405425,1535.477036589508,22.983581833179414,61.935970936523795,3.0
27.63285256476043,50.526536902405425,1535.477036589508,22.983581833179414,61.935970936523795,3,1,2,1,28,3180.0,27.689856133939514,50.64063124274661,1283.130288420093,22.94360478203511,62.01454382837506,3.0
27.689856133939514,50.64063124274661,1283.130288420093,22.94360478203511,62.01454382837506,3,0,1,3,30,3240.0,27.69553125889445,50.75437036860289,0.0,22.87128793815217,62.197846951881964,2.0
27.69553125889445,50.75437036860289,0.0,22.87128793815217,62.197846951881964,2,0,1,3,27,3300.0,27.699537117450426,50.86880513443568,0.0,22.974003041741486,62.60202672671482,2.0
27.699537117450426,50.86880513443568,0.0,22.974003041741486,62.60202672671482,2,0,2,5,29,3360.0,27.703546266314568,50.986137350358476,0.0,23.018133563293844,62.956651339258975,2.0
27.703546266314568,50.986137350358476,0.0,23.018133563293844,62.956651339258975,2,1,3,2,22,3420.0,27.6298035251022,51.10584249024748,1555.0645491120315,23.051916154887042,63.13561518925142,2.0
27.6298035251022,51.10584249024748,1555.0645491120315,23.051916154887042,63.13561518925142,2,1,2,5,30,3480.0,27.700928184947887,51.22614021723752,1677.7647356173352,23.049058079725935,62.93505855361995,2.0
27.700928184947887,51.22614021723752,1677.7647356173352,23.049058079725935,62.93505855361995,2,0,3,4,28,3540.0,27.704939789277713,51.343229400601345,0.0,23.10225061186282,62.6489148673228,2.0
27.704939789277713,51.343229400601345,0.0,23.10225061186282,62.6489148673228,2,1,2,5,29,3600.0,27.772838213603965,51.45628625526856,1597.1295158041714,23.06628072826549,62.39262481544942,2.0
27.772838213603965,51.45628625526856,1597.1295158041714,23.06628072826549,62.39262481544942,2,0,1,2,30,3660.0,27.77684799502112,51.56564964087037,0.0,22.982255521185962,62.19323627153386,2.0
27.77684799502112,51.56564964087037,0.0,22.982255521185962,62.19323627153386,2,0,2,2,22,3720.0,27.78085484193866,51.671925507177,0.0,23.01147040539784,62.33335424453511,2.0
27.78085484193866,51.671925507177,0.0,23.01147040539784,62.33335424453511,2,1,3,1,29,3780.0,27.83387875443923,51.77853979455058,1225.4056328780425,22.913676521842575,62.02714279908467,2.0
27.83387875443923,51.77853979455058,1225.4056328780425,22.913676521842575,62.02714279908467,2,0,1,4,27,3840.0,27.83788141436481,51.88102582459592,0.0,22.993205597939642,61.46372792910105,2.0
27.83788141436481,51.88102582459592,0.0,22.993205597939642,61.46372792910105,2,0,3,0,29,3900.0,27.841886591837593,51.97685284564098,0.0,22.95559871716183,61.42439531266978,2.0
27.841886591837593,51.97685284564098,0.0,22.95559871716183,61.42439531266978,2,1,1,6,25,3960.0,27.771654250818298,51.906620504621685,1484.7226284694436,22.97234352822826,60.96852859885145,2.0
27.771654250818298,51.906620504621685,1484.7226284694436,22.97234352822826,60.96852859885145,2,0,2,2,22,4020.0,27.775660940460877,51.99723958556398,0.0,22.94290111974521,60.94152529747768,1.0
27.775660940460877,51.99723958556398,0.0,22.94290111974521,60.94152529747768,1,0,2,4,23,4080.0,27.777999848466855,52.08668244268312,0.0,22.904738010203886,61.31158812953031,2.0
27.777999848466855,52.08668244268312,0.0,22.904738010203886,61.31158812953031,2,1,3,2,22,4140.0,27.704025623530633,52.178931499551595,1559.568990832245,22.860577269190525,61.428626459916465,2.0
27.704025623530633,52.178931499551595,1559.568990832245,22.860577269190525,61.428626459916465,2,1,2,3,22,4200.0,27.61935195351764,52.271428449155245,1773.5777680236138,22.830683142063666,61.54191194175867,3.0
27.61935195351764,52.271428449155245,1773.5777680236138,22.830683142063666,61.54191194175867,3,1,2,0,18,4260.0,27.536167608696704,52.36413328408128,1777.1611172110584,22.765142538103206,61.63722823957428,3.0
27.536167608696704,52.36413328408128,1777.1611172110584,22.765142538103206,61.63722823957428,3,1,2,6,19,4320.0,27.4305508541871,52.4568642336362,2225.821073478343,22.867367315980808,61.930243724654,3.0
27.4305508541871,52.4568642336362,2225.821073478343,22.867367315980808,61.930243724654,3,1,2,6,28,4380.0,27.50040876273743,52.55159802854638,1604.4170333734062,22.760991597526907,62.351370472856416,4.0
27.50040876273743,52.55159802854638,1604.4170333734062,22.760991597526907,62.351370472856416,4,1,3,4,28,4440.0,27.56186970303163,52.64959575298948,1352.9730216593298,22.754105473106282,62.27651556184441,4.0
27.56186970303163,52.64959575298948,1352.9730216593298,22.754105473106282,62.27651556184441,4,0,2,6,19,4500.0,27.569209444223965,52.745864951078026,0.0,22.691969909057686,63.33327271324338,4.0
27.569209444223965,52.745864951078026,0.0,22.691969909057686,63.33327271324338,4,1,3,3,18,4560.0,27.483034244705433,52.85173902869968,1870.252497347166,22.642110105490268,62.95180237157732,4.0
27.483034244705433,52.85173902869968,1870.252497347166,22.642110105490268,62.95180237157732,4,1,1,5,24,4620.0,27.416988398552753,52.78569318254701,1467.6896402940895,22.48131012633857,62.14120041679185,4.0
27.416988398552753,52.78569318254701,1467.6896402940895,22.48131012633857,62.14120041679185,4,1,2,5,22,4680.0,27.329010169449106,52.879248254889454,1906.2741298914566,22.445405768038544,62.00142719059489,4.0
27.329010169449106,52.879248254889454,1906.2741298914566,22.445405768038544,62.00142719059489,4,0,3,1,25,4740.0,27.336347382635726,52.97047004424651,0.0,22.405035424638754,62.41600170812466,4.0
27.336347382635726,52.97047004424651,0.0,22.405035424638754,62.41600170812466,4,0,3,2,26,4800.0,27.34368300557046,53.06492536088529,0.0,22.502961399067452,62.2911739390152,4.0
27.34368300557046,53.06492536088529,0.0,22.502961399067452,62.2911739390152,4,0,1,5,27,4860.0,27.351021648183576,53.15718784666659,0.0,22.63653956552247,63.362235673949314,4.0
27.351021648183576,53.15718784666659,0.0,22.63653956552247,63.362235673949314,4,0,1,3,20,4920.0,27.35836449878082,53.25923832493942,0.0,22.62627184862318,62.990799329127505,4.0
27.35836449878082,53.25923832493942,0.0,22.62627184862318,62.990799329127505,4,1,2,2,22,4980.0,27.28202415951317,53.3565539349813,1673.6520569195343,22.742676167241576,62.56654736253833,4.0
27.28202415951317,53.3565539349813,1673.6520569195343,22.742676167241576,62.56654736253833,4,0,2,0,21,5040.0,27.289372847913427,53.44865386925687,0.0,22.728222920806285,62.3493733886284,4.0
27.289372847913427,53.44865386925687,0.0,22.728222920806285,62.3493733886284,4,1,2,2,29,5100.0,27.35403686526403,53.53766106445059,1432.9013920377138,22.805348062231406,62.11699176957073,4.0
27.35403686526403,53.53766106445059,1432.9013920377138,22.805348062231406,62.11699176957073,4,1,2,6,21,5160.0,27.2586044985294,53.62345437150179,2055.6148754905944,22.883663627832725,61.83255328197205,5.0
27.2586044985294,53.62345437150179,2055.6148754905944,22.883663627832725,61.83255328197205,5,1,3,1,28,5220.0,27.315537957442107,53.70554536060649,1197.8155902099272,22.846564397772262,62.18233296265258,5.0
27.315537957442107,53.70554536060649,1197.8155902099272,22.846564397772262,62.18233296265258,5,0,2,2,21,5280.0,27.32455565832345,53.79031323662696,0.0,22.80352162789219,63.18656946814343,5.0
27.32455565832345,53.79031323662696,0.0,22.80352162789219,63.18656946814343,5,1,2,0,28,5340.0,27.383192690275795,53.88427579894212,1240.526660500593,22.755192417660965,63.48678775695635,4.0
27.383192690275795,53.88427579894212,1240.526660500593,22.755192417660965,63.48678775695635,4,1,3,0,22,5400.0,27.320734643701783,53.98030091852226,1396.0755979651685,22.63321024298488,64.60104355017546,4.0
27.320734643701783,53.98030091852226,1396.0755979651685,22.63321024298488,64.60104355017546,4,0,1,0,27,5460.0,27.328078392888425,54.08650834483879,0.0,22.721672098661223,65.15152124048747,4.0
27.328078392888425,54.08650834483879,0.0,22.721672098661223,65.15152124048747,4,0,3,5,28,5520.0,27.33542484601195,54.19715847379528,0.0,22.65507699905067,64.6126826812279,4.0
27.33542484601195,54.19715847379528,0.0,22.65507699905067,64.6126826812279,4,1,2,1,23,5580.0,27.266112246152115,54.301313715869604,1533.1317652987527,22.713750127406175,64.54897405467908,4.0
27.266112246152115,54.301313715869604,1533.1317652987527,22.713750127406175,64.54897405467908,4,1,1,5,22,5640.0,27.194503899978933,54.22970536969642,1579.1320153845072,22.542139406129063,64.34375790653792,4.0
27.194503899978933,54.22970536969642,1579.1320153845072,22.542139406129063,64.34375790653792,4,0,2,0,27,5700.0,27.20184882116247,54.33084589506483,0.0,22.51176071614932,63.705923466020444,4.0
27.20184882116247,54.33084589506483,0.0,22.51176071614932,63.705923466020444,4,0,3,3,22,5760.0,27.209192484892306,54.42459667077439,0.0,22.524195074637433,64.19136692202711,4.0
27.209192484892306,54.42459667077439,0.0,22.524195074637433,64.19136692202711,4,0,1,4,24,5820.0,27.216536318311963,54.522264373286916,0.0,22.545957884649717,65.40056253215437,4.0
27.216536318311963,54.522264373286916,0.0,22.545957884649717,65.40056253215437,4,1,2,0,23,5880.0,27.151231023409238,54.63104735487559,1452.9921790987178,22.37676176268096,65.79841975608704,4.0
27.151231023409238,54.63104735487559,1452.9921790987178,22.37676176268096,65.79841975608704,4,0,1,4,27,5940.0,27.158571874433882,54.742721078887705,0.0,22.377036201650156,66.04937963510729,4.0
27.158571874433882,54.742721078887705,0.0,22.377036201650156,66.04937963510729,4,0,1,6,24,6000.0,27.165912489911456,54.8557876644499,0.0,22.395253264421367,66.49531845239243,4.0
27.165912489911456,54.8557876644499,0.0,22.395253264421367,66.49531845239243,4,0,3,5,27,6060.0,27.173253467937272,54.97218297232932,0.0,22.308934293204683,67.51538539539088,4.0
27.173253467937272,54.97218297232932,0.0,22.308934293204683,67.51538539539088,4,0,2,0,23,6120.0,27.18059132396478,55.09761499655993,0.0,22.302114040171414,66.8120256791111,4.0
27.18059132396478,55.09761499655993,0.0,22.302114040171414,66.8120256791111,4,1,1,0,26,6180.0,27.13497722974541,55.052000902340566,1059.0295661982389,22.375588899745516,66.08091119285058,5.0
27.13497722974541,55.052000902340566,1059.0295661982389,22.375588899745516,66.08091119285058,5,1,1,4,28,6240.0,27.19406130478302,55.11108497737818,1251.9013662152754,22.34602012799976,66.43497612309822,6.0
27.19406130478302,55.11108497737818,1251.9013662152754,22.34602012799976,66.43497612309822,6,1,2,0,26,6300.0,27.141150852829444,55.22432388883538,1271.6436782869812,22.458362856709336,66.77347317178575,6.0
27.141150852829444,55.22432388883538,1271.6436782869812,22.458362856709336,66.77347317178575,6,1,1,5,23,6360.0,27.07638699681448,55.159560032820416,1508.8219283018402,22.593345302629796,68.00432068037817,6.0
27.07638699681448,55.159560032820416,1508.8219283018402,22.593345302629796,68.00432068037817,6,0,3,1,20,6420.0,27.087070895424674,55.28800763929599,0.0,22.612063705378656,67.86900730710805,6.0
27.087070895424674,55.28800763929599,0.0,22.612063705378656,67.86900730710805,6,1,3,1,18,6480.0,27.013766144641135,55.41381763597411,1679.778344210775,22.511809142139704,68.47875381839137,6.0
27.013766144641135,55.41381763597411,1679.778344210775,22.511809142139704,68.47875381839137,6,1,1,2,25,6540.0,26.96391155584329,55.36396304717627,1210.7571379552626,22.485033028535145,67.26112103239574,7.0
26.96391155584329,55.36396304717627,1210.7571379552626,22.485033028535145,67.26112103239574,7,1,3,3,21,6600.0,26.894151389597024,55.48293462702846,1642.217405907088,22.621398312926907,67.49933756582443,7.0
26.894151389597024,55.48293462702846,1642.217405907088,22.621398312926907,67.49933756582443,7,0,3,1,27,6660.0,26.906508964494467,55.60309865641642,0.0,22.706901819746665,67.63633719695602,7.0
26.906508964494467,55.60309865641642,0.0,22.706901819746665,67.63633719695602,7,0,1,2,19,6720.0,26.918868977589643,55.72343104182182,0.0,22.76430500733478,67.5927006585096,7.0
26.918868977589643,55.72343104182182,0.0,22.76430500733478,67.5927006585096,7,1,3,6,28,6780.0,26.991522526848062,55.84212373798869,1507.3008681023405,22.792400218660656,67.58366582824416,7.0
26.991522526848062,55.84212373798869,1507.3008681023405,22.792400218660656,67.58366582824416,7,1,1,4,27,6840.0,27.05190290204002,55.902504113180655,1200.5086483891164,22.94819076189249,68.07997987973388,7.0
27.05190290204002,55.902504113180655,1200.5086483891164,22.94819076189249,68.07997987973388,7,0,3,4,20,6900.0,27.064266111635348,56.02427887084619,0.0,22.85759068658443,66.92834263593785,8.0
27.064266111635348,56.02427887084619,0.0,22.85759068658443,66.92834263593785,8,1,3,4,19,6960.0,26.98568047761945,56.1333195084971,1852.2415633679332,22.84305671532009,66.79036850576072,8.0
26.98568047761945,56.1333195084971,1852.2415633679332,22.84305671532009,66.79036850576072,8,1,1,4,24,7020.0,26.930752015394514,56.078391046272166,1379.140828657167,22.933758511687053,67.04874601925566,8.0
26.930752015394514,56.078391046272166,1379.140828657167,22.933758511687053,67.04874601925566,8,0,3,4,26,7080.0,26.94478544894439,56.188094596002,0.0,23.031261932382428,66.83730985158861,9.0
26.94478544894439,56.188094596002,0.0,23.031261932382428,66.83730985158861,9,1,1,2,29,7140.0,27.00900980350616,56.252318950563776,1213.0368003080584,23.05716950609386,66.0826305563053,10.0
27.00900980350616,56.252318950563776,1213.0368003080584,23.05716950609386,66.0826305563053,10,1,3,5,27,7200.0,26.957597104296696,56.35062206662119,1375.6194239910485,23.045371396633122,65.50413232847312,10.0
26.957597104296696,56.35062206662119,1375.6194239910485,23.045371396633122,65.50413232847312,10,1,3,0,25,7260.0,26.91458330473629,56.442157169239714,1207.6678407363183,22.926839552392895,65.49972159502154,10.0
26.91458330473629,56.442157169239714,1207.6678407363183,22.926839552392895,65.49972159502154,10,0,3,4,22,7320.0,26.931950379944546,56.53273281349753,0.0,22.762519444407236,64.84627098054717,10.0
26.931950379944546,56.53273281349753,0.0,22.762519444407236,64.84627098054717,10,0,2,5,21,7380.0,26.949311398913363,56.61586819516803,0.0,22.785605885420043,65.75405972134472,11.0
26.949311398913363,56.61586819516803,0.0,22.785605885420043,65.75405972134472,11,1,1,3,23,7440.0,26.89948500512437,56.56604180137903,1377.0854054375184,22.59421421550041,66.77491546705212,10.0
26.89948500512437,56.56604180137903,1377.0854054375184,22.59421421550041,66.77491546705212,10,1,1,1,20,7500.0,26.846230347959597,56.51278714421426,1412.2229627690294,22.611498446562045,67.00792458205882,10.0
26.846230347959597,56.51278714421426,1412.2229627690294,22.611498446562045,67.00792458205882,10,0,3,0,22,7560.0,26.86358919022955,56.6177385185927,0.0,22.456741467148415,67.10989651081682,10.0
26.86358919022955,56.6177385185927,0.0,22.456741467148415,67.10989651081682,10,0,3,1,19,7620.0,26.88094229530545,56.72266009851494,0.0,22.53900970980583,67.27755513901548,10.0
26.88094229530545,56.72266009851494,0.0,22.53900970980583,67.27755513901548,10,1,1,2,28,7680.0,26.94475949116959,56.78647729437908,1161.5481737582002,22.584351918175187,67.6499397045087,10.0
26.94475949116959,56.78647729437908,1161.5481737582002,22.584351918175187,67.6499397045087,10,0,1,4,26,7740.0,26.962114144250492,56.89511191848038,0.0,22.462750974341013,68.07874654383507,10.0
26.962114144250492,56.89511191848038,0.0,22.462750974341013,68.07874654383507,10,1,1,6,27,7800.0,27.03156266870311,56.964560442933,1302.4625806237182,22.501683785198473,68.5388295743804,10.0
27.03156266870311,56.964560442933,1302.4625806237182,22.501683785198473,68.5388295743804,10,0,2,0,21,7860.0,27.048911672740328,57.08030313424747,0.0,22.499442840358654,68.84502965477941,10.0
27.048911672740328,57.08030313424747,0.0,22.499442840358654,68.84502965477941,10,1,1,1,29,7920.0,27.112357309266493,57.14374877077364,1152.4321371811327,22.574994366411506,68.94961456012379,10.0
27.112357309266493,57.14374877077364,1152.4321371811327,22.574994366411506,68.94961456012379,10,1,1,6,29,7980.0,27.186613934830973,57.21800539633812,1422.6967748976779,22.56561088731346,68.68216604121325,10.0
27.186613934830973,57.21800539633812,1422.6967748976779,22.56561088731346,68.68216604121325,10,1,2,3,30,8040.0,27.266924846935922,57.33264700278687,1574.123638496663,22.59460161557967,69.38852784619763,10.0
27.266924846935922,57.33264700278687,1574.123638496663,22.59460161557967,69.38852784619763,10,1,2,5,20,8100.0,27.1820181346522,57.453205811220975,2045.0193635201942,22.65057152200177,69.96865708350177,10.0
27.1820181346522,57.453205811220975,2045.0193635201942,22.65057152200177,69.96865708350177,10,1,2,0,20,8160.0,27.117821032027823,57.578360323943784,1630.921088079132,22.7652920907594,69.58142189547475,10.0
27.117821032027823,57.578360323943784,1630.921088079132,22.7652920907594,69.58142189547475,10,0,1,6,19,8220.0,27.13517594772978,57.69839093965909,0.0,22.81548630955512,70.55029377710963,10.0
27.13517594772978,57.69839093965909,0.0,22.81548630955512,70.55029377710963,10,1,3,6,19,8280.0,27.051948704062042,57.8269099680336,2011.6650802626793,22.662299257536528,69.81334112664416,9.0
27.051948704062042,57.8269099680336,2011.6650802626793,22.662299257536528,69.81334112664416,9,0,2,6,19,8340.0,27.06763571574716,57.9467742796197,0.0,22.721471030214726,70.09802820505601,9.0
27.06763571574716,57.9467742796197,0.0,22.721471030214726,70.09802820505601,9,1,3,3,19,8400.0,26.994560278973257,58.068286818874064,1775.2779590210077,22.81350617019192,69.36803580596641,9.0
26.994560278973257,58.068286818874064,1775.2779590210077,22.81350617019192,69.36803580596641,9,0,3,5,24,8460.0,27.010254243836297,58.181284308744985,0.0,22.920396916120424,68.74952347970545,9.0
27.010254243836297,58.181284308744985,0.0,22.920396916120424,68.74952347970545,9,1,3,2,30,8520.0,27.081586433321956,58.28696670045459,1390.879618247904,22.894090942506956,68.67137554603477,9.0
27.081586433321956,58.28696670045459,1390.879618247904,22.894090942506956,68.67137554603477,9,0,1,2,22,8580.0,27.09728018347226,58.39081078891039,0.0,22.926717979612565,69.12713080946722,9.0
27.09728018347226,58.39081078891039,0.0,22.926717979612565,69.12713080946722,9,1,3,2,22,8640.0,27.03705522551046,58.49817398911596,1518.3854511000716,22.967522353932182,69.01545823038181,9.0
27.03705522551046,58.49817398911596,1518.3854511000716,22.967522353932182,69.01545823038181,9,0,3,5,24,8700.0,27.052752907748076,58.60334683152862,0.0,23.00013716999797,68.95479346057263,9.0
27.052752907748076,58.60334683152862,0.0,23.00013716999797,68.95479346057263,9,1,1,3,22,8760.0,26.996424489280376,58.54701841306092,1440.5332921955144,23.016802488108357,68.26574191140311,9.0
26.996424489280376,58.54701841306092,1440.5332921955144,23.016802488108357,68.26574191140311,9,0,3,2,22,8820.0,27.012125168547,58.64420564804434,0.0,23.168427465450296,68.96869568722325,9.0
27.012125168547,58.64420564804434,0.0,23.168427465450296,68.96869568722325,9,0,1,4,26,8880.0,27.027830378623566,58.74745054843613,0.0,23.129458458566322,68.95653539220388,9.0
27.027830378623566,58.74745054843613,0.0,23.129458458566322,68.95653539220388,9,0,3,6,30,8940.0,27.04353376622623,58.8495413968738,0.0,23.240282314676314,69.87731013040155,9.0
27.04353376622623,58.8495413968738,0.0,23.240282314676314,69.87731013040155,9,0,2,5,30,9000.0,27.059240324511176,58.95981908420908,0.0,23.41322901984924,69.43251268113269,9.0
27.059240324511176,58.95981908420908,0.0,23.41322901984924,69.43251268113269,9,1,2,5,22,9060.0,26.98097997291744,59.06454602017832,1879.4430243383383,23.473230745913575,70.43733774902758,9.0
26.98097997291744,59.06454602017832,1879.4430243383383,23.473230745913575,70.43733774902758,9,1,3,4,26,9120.0,26.927459147365912,59.17827393746681,1384.744678212551,23.394944945655368,70.30987913934428,9.0
26.927459147365912,59.17827393746681,1384.744678212551,23.394944945655368,70.30987913934428,9,0,1,0,29,9180.0,26.943174730225856,59.289589989485584,0.0,23.41466335747507,69.99617972645271,9.0
26.943174730225856,59.289589989485584,0.0,23.41466335747507,69.99617972645271,9,0,3,4,25,9240.0,26.95889044651343,59.39665588685526,0.0,23.16938038121238,69.8797940077949,8.0
26.95889044651343,59.39665588685526,0.0,23.16938038121238,69.8797940077949,8,1,1,6,23,9300.0,26.89506440222675,59.33282984256858,1557.327879023373,23.344059119872576,68.84990322318986,8.0
26.89506440222675,59.33282984256858,1557.327879023373,23.344059119872576,68.84990322318986,8,1,3,5,21,9360.0,26.82009841816802,59.42800057637479,1780.2856776530894,23.46157490250199,68.6454665389878,8.0
26.82009841816802,59.42800057637479,1780.2856776530894,23.46157490250199,68.6454665389878,8,0,2,5,21,9420.0,26.83415313405083,59.520175236000924,0.0,23.431731034182185,68.48608469455468,8.0
26.83415313405083,59.520175236000924,0.0,23.431731034182185,68.48608469455468,8,1,2,0,30,9480.0,26.90380441912578,59.60983433058646,1389.9508119569502,23.561691886643064,68.52992739108596,8.0
26.90380441912578,59.60983433058646,1389.9508119569502,23.561691886643064,68.52992739108596,8,1,2,1,26,9540.0,26.85201269812112,59.699035261191455,1316.9396784049243,23.454625246024047,68.13776690593583,8.0
26.85201269812112,59.699035261191455,1316.9396784049243,23.454625246024047,68.13776690593583,8,0,1,5,20,9600.0,26.866066118539383,59.7834225776389,0.0,23.40596212720512,68.13266410574036,7.0
26.866066118539383,59.7834225776389,0.0,23.40596212720512,68.13266410574036,7,1,1,5,27,9660.0,26.928785616443324,59.84614207554284,1258.3708675912885,23.49048945690933,68.43455484051684,7.0
26.928785616443324,59.84614207554284,1258.3708675912885,23.49048945690933,68.43455484051684,7,1,2,1,21,9720.0,26.859495331879543,59.932026203192585,1633.5134938359295,23.389220900572482,67.55457539944221,7.0
26.859495331879543,59.932026203192585,1633.5134938359295,23.389220900572482,67.55457539944221,7,1,2,3,26,9780.0,26.79991439717018,60.00825169515508,1439.3051778996887,23.224045783821637,67.57175413266334,7.0
26.79991439717018,60.00825169515508,1439.3051778996887,23.224045783821637,67.57175413266334,7,0,1,2,30,9840.0,26.812295201549734,60.08388671953016,0.0,23.21401084383616,67.62511090907793,7.0
26.812295201549734,60.08388671953016,0.0,23.21401084383616,67.62511090907793,7,1,3,5,26,9900.0,26.753132993982483,60.15929896142564,1430.8452951065442,23.19919994588897,67.42151250013725,7.0
26.753132993982483,60.15929896142564,1430.8452951065442,23.19919994588897,67.42151250013725,7,1,1,4,27,9960.0,26.814107010361987,60.220272977805145,1214.812020361051,23.15529315602568,67.25789117365638,7.0
26.814107010361987,60.220272977805145,1214.812020361051,23.15529315602568,67.25789117365638,7,1,3,0,21,10020.0,26.75549625562168,60.29064915976366,1419.7758855699094,23.19136209361173,67.7876292573698,7.0
26.75549625562168,60.29064915976366,1419.7758855699094,23.19136209361173,67.7876292573698,7,1,3,5,29,10080.0,26.829049836446654,60.365618960739724,1529.3096324260093,23.194653540077876,67.9215473436514,7.0
26.829049836446654,60.365618960739724,1529.3096324260093,23.194653540077876,67.9215473436514,7,0,2,4,21,10140.0,26.84142868990344,60.44117824456884,0.0,23.042890775423093,67.5354712632255,7.0
26.84142868990344,60.44117824456884,0.0,23.042890775423093,67.5354712632255,7,1,1,1,19,10200.0,26.78071832166196,60.38046787632736,1461.6750062199308,23.109970422314927,67.93882367135646,7.0
26.78071832166196,60.38046787632736,1461.6750062199308,23.109970422314927,67.93882367135646,7,1,2,5,24,10260.0,26.707668269692416,60.45605143427765,1708.553874124647,23.17182605801272,68.93166187686388,7.0
26.707668269692416,60.45605143427765,1708.553874124647,23.17182605801272,68.93166187686388,7,0,1,0,29,10320.0,26.72005040828536,60.54080753870351,0.0,23.14590387671231,68.99385426031775,7.0
26.72005040828536,60.54080753870351,0.0,23.14590387671231,68.99385426031775,7,1,1,0,20,10380.0,26.665631144046927,60.48638827446508,1336.002520414268,23.088250221554322,69.17204425665766,7.0
26.665631144046927,60.48638827446508,1336.002520414268,23.088250221554322,69.17204425665766,7,1,3,2,24,10440.0,26.609448363805434,60.573244834287,1371.2706842148389,22.97780503876882,69.38881506189392,7.0
26.609448363805434,60.573244834287,1371.2706842148389,22.97780503876882,69.38881506189392,7,1,3,4,20,10500.0,26.534016129427375,60.66140053656307,1756.2235920111586,22.983921165125718,69.16183534573341,7.0
26.534016129427375,60.66140053656307,1756.2235920111586,22.983921165125718,69.16183534573341,7,1,2,5,25,10560.0,26.46564523244321,60.74640488465477,1615.0512097070532,22.955822322257458,68.84272884208109,6.0
26.46564523244321,60.74640488465477,1615.0512097070532,22.955822322257458,68.84272884208109,6,0,3,0,21,10620.0,26.47636157167954,60.82736812422903,0.0,23.019457830145736,69.26629428075927,6.0
26.47636157167954,60.82736812422903,0.0,23.019457830145736,69.26629428075927,6,1,2,4,25,10680.0,26.40976477323011,60.91175738579433,1546.298033160927,22.793324035123916,69.38248473204474,6.0
26.40976477323011,60.91175738579433,1546.298033160927,22.793324035123916,69.38248473204474,6,0,1,3,21,10740.0,26.42047755853884,60.99646465925684,0.0,23.0084343071529,69.7676277577363,7.0
26.42047755853884,60.99646465925684,0.0,23.0084343071529,69.7676277577363,7,1,3,6,18,10800.0,26.331260616492017,61.08417629024163,2032.064145435527,22.891152528426243,69.97066734105128,7.0
26.331260616492017,61.08417629024163,2032.064145435527,22.891152528426243,69.97066734105128,7,1,2,5,27,10860.0,26.40565216437294,61.17304120074972,1550.1554537630986,22.895971403901033,70.00965189074293,7.0
26.40565216437294,61.17304120074972,1550.1554537630986,22.895971403901033,70.00965189074293,7,0,1,3,24,10920.0,26.418035175014257,61.261407307649655,0.0,22.92378395285464,69.19670587705568,7.0
26.418035175014257,61.261407307649655,0.0,22.92378395285464,69.19670587705568,7,1,3,2,19,10980.0,26.3474791435691,61.34076029334371,1658.7911280883625,22.786258004756522,68.7297098972372,7.0
26.3474791435691,61.34076029334371,1658.7911280883625,22.786258004756522,68.7297098972372,7,0,3,0,30,11040.0,26.359860436197806,61.41464978938265,0.0,22.989945221936104,68.618817296698,7.0
26.359860436197806,61.41464978938265,0.0,22.989945221936104,68.618817296698,7,1,1,4,22,11100.0,26.299168524382072,61.35395787756691,1461.5916261718683,22.9296651513997,68.85279930951116,7.0
26.299168524382072,61.35395787756691,1461.5916261718683,22.9296651513997,68.85279930951116,7,0,2,2,23,11160.0,26.311556207602973,61.428946291886355,0.0,22.992756083291823,69.56115085460425,7.0
26.311556207602973,61.428946291886355,0.0,22.992756083291823,69.56115085460425,7,0,1,2,21,11220.0,26.32394558093216,61.51026833751354,0.0,22.87112084503442,69.30980650500027,7.0
26.32394558093216,61.51026833751354,0.0,22.87112084503442,69.30980650500027,7,1,1,5,21,11280.0,26.257193156833885,61.44351591341526,1582.7465988082602,22.785090860815256,69.0870683079205,7.0
26.257193156833885,61.44351591341526,1582.7465988082602,22.785090860815256,69.0870683079205,7,1,3,3,30,11340.0,26.329646721403893,61.51995143736031,1501.7325328302568,22.80542302020809,68.74487739733874,7.0
26.329646721403893,61.51995143736031,1501.7325328302568,22.80542302020809,68.74487739733874,7,1,3,5,19,11400.0,26.248083586675694,61.5922006969601,1878.9132120965178,22.800330702461718,69.0264273611141,7.0
26.248083586675694,61.5922006969601,1878.9132120965178,22.800330702461718,69.0264273611141,7,0,1,3,20,11460.0,26.260468661579555,61.666542963601636,0.0,22.627081242964984,68.82982685927301,8.0
26.260468661579555,61.666542963601636,0.0,22.627081242964984,68.82982685927301,8,1,2,0,28,11520.0,26.326689090544477,61.73817580255835,1304.3718803052268,22.725454794104547,68.71337175552789,8.0
26.326689090544477,61.73817580255835,1304.3718803052268,22.725454794104547,68.71337175552789,8,0,2,6,24,11580.0,26.34073571606793,61.80792776208805,0.0,22.667548633970625,69.84229990565672,8.0
26.34073571606793,61.80792776208805,0.0,22.667548633970625,69.84229990565672,8,1,1,4,27,11640.0,26.40436217744663,61.871554223466745,1239.5558570359244,22.720792006841656,68.60826602850386,8.0
26.40436217744663,61.871554223466745,1239.5558570359244,22.720792006841656,68.60826602850386,8,0,1,2,24,11700.0,26.418406058440944,61.938921341517116,0.0,22.653155174540526,68.55077532687974,8.0
26.418406058440944,61.938921341517116,0.0,22.653155174540526,68.55077532687974,8,1,3,6,22,11760.0,26.345151415085887,62.00503988137074,1745.9160331785276,22.804047063967218,69.10994439527632,8.0
26.345151415085887,62.00503988137074,1745.9160331785276,22.804047063967218,69.10994439527632,8,1,2,5,26,11820.0,26.282905727134278,62.0760889265098,1525.8863561314415,22.788465308447098,68.96597554779599,7.0
26.282905727134278,62.0760889265098,1525.8863561314415,22.788465308447098,68.96597554779599,7,1,3,0,28,11880.0,26.343066853187292,62.14498779272266,1194.4401850076147,22.585251230759955,69.67391318121014,7.0
26.343066853187292,62.14498779272266,1194.4401850076147,22.585251230759955,69.67391318121014,7,0,2,3,19,11940.0,26.355441592666544,62.220277046607535,0.0,22.557709877208232,70.16267684047996,7.0
26.355441592666544,62.220277046607535,0.0,22.557709877208232,70.16267684047996,7,0,3,5,27,12000.0,26.36781500160936,62.29970104454626,0.0,22.70318483074529,71.10305741358128,7.0
26.36781500160936,62.29970104454626,0.0,22.70318483074529,71.10305741358128,7,1,1,3,26,12060.0,26.321635379140705,62.253521422077604,1171.1493625925384,22.70312398251306,71.7013709739949,7.0
26.321635379140705,62.253521422077604,1171.1493625925384,22.70312398251306,71.7013709739949,7,1,2,6,30,12120.0,26.40789125971123,62.34799991759678,1846.912440427025,22.67202683586445,71.90262907886256,7.0
26.40789125971123,62.34799991759678,1846.912440427025,22.67202683586445,71.90262907886256,7,0,2,2,25,12180.0,26.420266730897104,62.44354620920944,0.0,22.899450850985588,72.0702168209129,7.0
26.420266730897104,62.44354620920944,0.0,22.899450850985588,72.0702168209129,7,1,3,6,29,12240.0,26.497227407517407,62.53981291532647,1614.450928740857,23.02408697257331,71.43295638397034,7.0
26.497227407517407,62.53981291532647,1614.450928740857,23.02408697257331,71.43295638397034,7,1,2,4,23,12300.0,26.425021617502512,62.62874435001291,1691.8003733412534,23.119625829691298,70.83419022833776,6.0
26.425021617502512,62.62874435001291,1691.8003733412534,23.119625829691298,70.83419022833776,6,0,1,2,22,12360.0,26.435744770976253,62.710798808796156,0.0,23.186500169953437,71.70509075205624,6.0
26.435744770976253,62.710798808796156,0.0,23.186500169953437,71.70509075205624,6,1,2,4,29,12420.0,26.511454851215806,62.80074172822876,1624.6263764897099,23.12230353322019,70.86386273658778,6.0
26.511454851215806,62.80074172822876,1624.6263764897099,23.12230353322019,70.86386273658778,6,1,3,3,23,12480.0,26.447820236871568,62.881372938312346,1487.0995193393996,23.08020049863394,70.1150882560077,6.0
26.447820236871568,62.881372938312346,1487.0995193393996,23.08020049863394,70.1150882560077,6,0,1,0,26,12540.0,26.458541316213626,62.9537100914893,0.0,23.048417444431983,70.19085769642032,5.0
26.458541316213626,62.9537100914893,0.0,23.048417444431983,70.19085769642032,5,1,3,1,20,12600.0,26.391195274034,63.02608156753861,1527.9807610113369,22.957671332942002,70.20367153262134,6.0
26.391195274034,63.02608156753861,1527.9807610113369,22.957671332942002,70.20367153262134,6,1,3,3,19,12660.0,26.315289501515164,63.09785746718944,1732.4931010826506,22.956244415182546,70.10542568258171,5.0
26.315289501515164,63.09785746718944,1732.4931010826506,22.956244415182546,70.10542568258171,5,0,2,5,20,12720.0,26.324344200012284,63.16793314934336,0.0,22.95522358552149,70.24629595681486,5.0
26.324344200012284,63.16793314934336,0.0,22.95522358552149,70.24629595681486,5,0,2,1,27,12780.0,26.333398562658466,63.23871677741808,0.0,22.969364400821995,70.329683009394,5.0
26.333398562658466,63.23871677741808,0.0,22.969364400821995,70.329683009394,5,0,3,4,20,12840.0,26.34245309485307,63.30962643973783,0.0,22.89330433437948,70.6151535063651,6.0
26.34245309485307,63.30962643973783,0.0,22.89330433437948,70.6151535063651,6,0,3,5,21,12900.0,26.353171456561054,63.38268171040411,0.0,22.89938310271148,70.7917630972805,6.0
26.353171456561054,63.38268171040411,0.0,22.89938310271148,70.7917630972805,6,1,2,2,23,12960.0,26.286824197809274,63.45677252427287,1541.3093161330294,22.740594016242163,70.5729371262538,6.0
26.286824197809274,63.45677252427287,1541.3093161330294,22.740594016242163,70.5729371262538,6,0,2,4,18,13020.0,26.297539323469888,63.52793417029268,0.0,22.5516213810362,70.4578948705774,6.0
26.297539323469888,63.52793417029268,0.0,22.5516213810362,70.4578948705774,6,0,1,3,19,13080.0,26.308247792871807,63.59723377729553,0.0,22.660269393325237,70.68077479618597,6.0
26.308247792871807,63.59723377729553,0.0,22.660269393325237,70.68077479618597,6,1,2,4,29,13140.0,26.384311773281684,63.668069187484434,1633.8061589132299,22.55296429745459,70.92121232890895,6.0
26.384311773281684,63.668069187484434,1633.8061589132299,22.55296429745459,70.92121232890895,6,1,1,1,30,13200.0,26.4446103403086,63.72836775451135,1239.8236319027117,22.499511538460844,70.96746798340003,6.0
26.4446103403086,63.72836775451135,1239.8236319027117,22.499511538460844,70.96746798340003,6,0,3,3,22,13260.0,26.455312170348538,63.80075875680024,0.0,22.5863344638108,70.63916071767694,6.0
26.455312170348538,63.80075875680024,0.0,22.5863344638108,70.63916071767694,6,1,1,1,22,13320.0,26.401821343311155,63.747267929762856,1283.9038889432984,22.747883658199807,71.38370622573252,6.0
26.401821343311155,63.747267929762856,1283.9038889432984,22.747883658199807,71.38370622573252,6,0,1,0,25,13380.0,26.412532878721652,63.82363231272255,0.0,22.723119445131577,71.52439329270015,6.0
26.412532878721652,63.82363231272255,0.0,22.723119445131577,71.52439329270015,6,0,3,1,19,13440.0,26.4232432316072,63.90063992252233,0.0,22.821983297345504,71.74806607235332,7.0
26.4232432316072,63.90063992252233,0.0,22.821983297345504,71.74806607235332,7,0,2,3,30,13500.0,26.43562318960939,63.97911418402064,0.0,22.69604616984891,71.54595442716573,7.0
26.43562318960939,63.97911418402064,0.0,22.69604616984891,71.54595442716573,7,1,3,4,30,13560.0,26.510208491821498,64.05478258645209,1555.2488694857802,22.68051923943853,71.34283754798248,7.0
26.510208491821498,64.05478258645209,1555.2488694857802,22.68051923943853,71.34283754798248,7,1,2,4,18,13620.0,26.41994408494253,64.1276631360674,2052.7350114111478,22.769299632996418,72.04207954451715,7.0
26.41994408494253,64.1276631360674,2052.7350114111478,22.769299632996418,72.04207954451715,7,0,1,4,18,13680.0,26.43232239679413,64.2068073001519,0.0,22.783411082666976,71.27958707444512,6.0
26.43232239679413,64.2068073001519,0.0,22.783411082666976,71.27958707444512,6,1,2,4,21,13740.0,26.35147773912187,64.27753509789483,1831.1272125691773,22.833393246264357,70.28401699996779,7.0
26.35147773912187,64.27753509789483,1831.1272125691773,22.833393246264357,70.28401699996779,7,0,3,1,20,13800.0,26.363860469638773,64.33759991691555,0.0,22.842128988790385,69.91861043716341,7.0
26.363860469638773,64.33759991691555,0.0,22.842128988790385,69.91861043716341,7,1,3,1,25,13860.0,26.31455493148333,64.39341002211803,1233.762942121639,22.74763811652188,70.24150925796526,7.0
26.31455493148333,64.39341002211803,1233.762942121639,22.74763811652188,70.24150925796526,7,1,2,1,22,13920.0,26.250345186221992,64.4518910144765,1531.8169606834497,22.670211124281476,70.12967597206354,7.0
26.250345186221992,64.4518910144765,1531.8169606834497,22.670211124281476,70.12967597206354,7,1,2,0,24,13980.0,26.195974812861262,64.50866886405237,1335.0207111733196,22.724824592340205,70.24079716554151,7.0
26.195974812861262,64.50866886405237,1335.0207111733196,22.724824592340205,70.24079716554151,7,0,3,5,27,14040.0,26.208359107853912,64.56599014706725,0.0,22.717732818183556,69.76694081440675,7.0
26.208359107853912,64.56599014706725,0.0,22.717732818183556,69.76694081440675,7,0,1,5,25,14100.0,26.220742753644256,64.61799965374065,0.0,22.64348177495411,70.09283460002028,7.0
26.220742753644256,64.61799965374065,0.0,22.64348177495411,70.09283460002028,7,0,2,1,19,14160.0,26.233123511611634,64.67274800320345,0.0,22.824637352273502,70.38237275045803,7.0
26.233123511611634,64.67274800320345,0.0,22.824637352273502,70.38237275045803,7,0,1,0,30,14220.0,26.24550989540632,64.729844250676,0.0,22.913675561850006,70.78733999670845,7.0
26.24550989540632,64.729844250676,0.0,22.913675561850006,70.78733999670845,7,1,2,5,23,14280.0,26.170728172154096,64.79041920813631,1743.413242155474,23.018867528148803,70.89133482817093,8.0
26.170728172154096,64.79041920813631,1743.413242155474,23.018867528148803,70.89133482817093,8,1,2,0,20,14340.0,26.106277592282833,64.85142836433666,1570.2436903292457,23.031762732943356,70.87733184638,8.0
26.106277592282833,64.85142836433666,1570.2436903292457,23.031762732943356,70.87733184638,8,1,3,3,30,14400.0,26.18079289281238,64.91168739915709,1511.2779422881108,23.14726248899752,70.9741627286384,9.0
26.18079289281238,64.91168739915709,1511.2779422881108,23.14726248899752,70.9741627286384,9,0,3,4,18,14460.0,26.196525108465586,64.9723121524519,0.0,23.1476207491808,70.87683088112607,9.0
26.196525108465586,64.9723121524519,0.0,23.1476207491808,70.87683088112607,9,1,3,6,20,14520.0,26.118604234390844,65.03135733973865,1873.0515452552895,23.25324959755541,71.07559475941264,9.0
26.118604234390844,65.03135733973865,1873.0515452552895,23.25324959755541,71.07559475941264,9,1,3,0,26,14580.0,26.079015894258376,65.09179971393539,1106.5232328914963,23.24922912410177,70.82459877932203,9.0
26.079015894258376,65.09179971393539,1106.5232328914963,23.24922912410177,70.82459877932203,9,1,3,0,29,14640.0,26.14518106639867,65.14912770458925,1260.6541258157893,23.202966032729393,70.66627262906833,9.0
23.880964237010197,45.55225005922667,0.0,26.407524006976473,57.51525307657504,1,0,2,4,19,60.0,23.883548455669196,45.671880089400155,0.0,26.45234260931065,57.164656845751715,1.0
23.883548455669196,45.671880089400155,0.0,26.45234260931065,57.164656845751715,1,1,1,0,30,120.0,23.938366985229646,45.726698618960604,1305.8225772165401,26.596753829623776,56.80727258134693,2.0
23.938366985229646,45.726698618960604,1305.8225772165401,26.596753829623776,56.80727258134693,2,1,2,5,18,180.0,23.845353388596514,45.83750435858447,1945.3775238922233,26.43036960943989,56.28292927552913,2.0
23.845353388596514,45.83750435858447,1945.3775238922233,26.43036960943989,56.28292927552913,2,1,1,5,28,240.0,23.909992838999052,45.902143808987006,1509.665413212718,26.23089167365089,56.324290544781334,3.0
23.909992838999052,45.902143808987006,1509.665413212718,26.23089167365089,56.324290544781334,3,1,2,5,29,300.0,23.991173557109878,46.00636527634495,1881.750537075071,26.22243411791609,56.09436007428724,3.0
23.991173557109878,46.00636527634495,1881.750537075071,26.22243411791609,56.09436007428724,3,1,3,5,20,360.0,23.914611606692674,46.10724522432437,1649.3931820513042,26.125242749943055,56.38106532123486,3.0
23.914611606692674,46.10724522432437,1649.3931820513042,26.125242749943055,56.38106532123486,3,1,2,0,25,420.0,23.97112355987472,46.20998342529348,1265.1233035984396,26.237120431468384,56.25105023399097,4.0
23.97112355987472,46.20998342529348,1265.1233035984396,26.237120431468384,56.25105023399097,4,1,1,5,30,480.0,24.043771284204087,46.282631149622844,1626.80477750783,26.18936677769919,55.722701314904164,4.0
24.043771284204087,46.282631149622844,1626.80477750783,26.18936677769919,55.722701314904164,4,1,2,4,25,540.0,24.111696742755363,46.37703185127566,1508.8484675373056,26.165129231888677,56.20380660419471,4.0
24.111696742755363,46.37703185127566,1508.8484675373056,26.165129231888677,56.20380660419471,4,1,3,2,24,600.0,24.058427307858167,46.47529959880485,1216.7576529366995,26.07914668480989,56.853600843027316,3.0
24.058427307858167,46.47529959880485,1216.7576529366995,26.07914668480989,56.853600843027316,3,1,2,5,18,660.0,23.966608896099597,46.579082611247074,1954.3820480893626,26.117379717589877,57.407259936285286,3.0
23.966608896099597,46.579082611247074,1954.3820480893626,26.117379717589877,57.407259936285286,3,1,1,2,21,720.0,23.90935574732937,46.521829462476845,1263.1634892854777,26.159245360655163,56.987049292156,3.0
23.90935574732937,46.521829462476845,1263.1634892854777,26.159245360655163,56.987049292156,3,0,2,1,25,780.0,23.91526407698315,46.626481660773635,0.0,26.05597985902549,56.895093533481635,3.0
23.91526407698315,46.626481660773635,0.0,26.05597985902549,56.895093533481635,3,1,1,1,26,840.0,23.967546712947552,46.67876429673804,1159.4486359583848,26.108315352209654,57.00140275474044,3.0
23.967546712947552,46.67876429673804,1159.4486359583848,26.108315352209654,57.00140275474044,3,1,3,2,26,900.0,24.026769942190196,46.781990681318064,1332.963423866673,26.21030224505983,57.23403655812651,3.0
24.026769942190196,46.781990681318064,1332.963423866673,26.21030224505983,57.23403655812651,3,0,2,0,18,960.0,24.032676059933625,46.88651114008615,0.0,26.364377482711507,56.97079538072905,3.0
24.032676059933625,46.88651114008615,0.0,26.364377482711507,56.97079538072905,3,1,2,4,19,1020.0,23.948469482831957,46.98735398249258,1802.3526763152208,26.474125979846825,56.38482841611745,3.0
23.948469482831957,46.98735398249258,1802.3526763152208,26.474125979846825,56.38482841611745,3,0,2,0,21,1080.0,23.95438700471519,47.08132872682883,0.0,26.567968865604843,56.386820156929495,3.0
23.95438700471519,47.08132872682883,0.0,26.567968865604843,56.386820156929495,3,1,1,6,26,1140.0,24.017626051231627,47.144567773345265,1432.9648446935128,26.456879526321224,56.750415922104395,3.0
24.017626051231627,47.144567773345265,1432.9648446935128,26.456879526321224,56.750415922104395,3,1,3,1,22,1200.0,23.959964797791198,47.240626254832854,1271.5179044586264,26.5561340567993,56.625504764548,2.0
23.959964797791198,47.240626254832854,1271.5179044586264,26.5561340567993,56.625504764548,2,1,1,5,27,1260.0,24.021818091438686,47.30247954848034,1440.0022001380503,26.545869199454238,57.30730841214785,2.0
24.021818091438686,47.30247954848034,1440.0022001380503,26.545869199454238,57.30730841214785,2,0,1,1,18,1320.0,24.026068893142288,47.40252783711702,0.0,26.775866111892885,56.586637539290166,2.0
24.026068893142288,47.40252783711702,0.0,26.775866111892885,56.586637539290166,2,0,3,4,18,1380.0,24.030327219716245,47.49436893413875,0.0,26.727913612429706,57.401296798010975,2.0
24.030327219716245,47.49436893413875,0.0,26.727913612429706,57.401296798010975,2,1,2,2,22,1440.0,23.961883726104272,47.59343821277747,1454.0015965012722,26.649669141061864,58.083499884784906,2.0
23.961883726104272,47.59343821277747,1454.0015965012722,26.649669141061864,58.083499884784906,2,1,1,3,20,1500.0,23.897249569905554,47.52880405657875,1377.8083142509956,26.80154866285114,58.226692365247445,2.0
23.897249569905554,47.52880405657875,1377.8083142509956,26.80154866285114,58.226692365247445,2,1,3,6,29,1560.0,23.973306912772056,47.63578293966544,1794.846655751753,26.752831944548227,57.11788782517144,2.0
23.973306912772056,47.63578293966544,1794.846655751753,26.752831944548227,57.11788782517144,2,0,1,6,23,1620.0,23.977566230273116,47.7306039885205,0.0,26.792703224727262,56.93287659225282,2.0
23.977566230273116,47.7306039885205,0.0,26.792703224727262,56.93287659225282,2,0,1,0,22,1680.0,23.981826734839597,47.82262671455782,0.0,26.784583906313713,57.35054330993523,1.0
23.981826734839597,47.82262671455782,0.0,26.784583906313713,57.35054330993523,1,1,1,2,22,1740.0,23.923970136557838,47.76477011627606,1209.000470416178,26.834539797138635,57.7927645286261,1.0
23.923970136557838,47.76477011627606,1209.000470416178,26.834539797138635,57.7927645286261,1,0,2,1,26,1800.0,23.926567155546525,47.86505006039956,0.0,26.695462453461666,57.93420612864319,2.0
23.926567155546525,47.86505006039956,0.0,26.695462453461666,57.93420612864319,2,0,2,5,18,1860.0,23.93082611872312,47.965741621081996,0.0,26.677278689302476,56.715471260422895,2.0
23.93082611872312,47.965741621081996,0.0,26.677278689302476,56.715471260422895,2,0,3,1,27,1920.0,23.935084333808806,48.053238917475404,0.0,26.62514601570318,56.094515201142656,1.0
23.935084333808806,48.053238917475404,0.0,26.62514601570318,56.094515201142656,1,0,1,1,27,1980.0,23.937674002531537,48.13365168031208,0.0,26.68124068551319,56.664157516254086,0.0
23.937674002531537,48.13365168031208,0.0,26.68124068551319,56.664157516254086,0,0,1,6,19,2040.0,23.938598788087635,48.218956738671494,0.0,26.632696548602777,56.109419743834216,0.0
23.938598788087635,48.218956738671494,0.0,26.632696548602777,56.109419743834216,0,0,2,1,29,2100.0,23.939521924679653,48.29786136872312,0.0,26.586655856453078,56.407705916275994,0.0
23.939521924679653,48.29786136872312,0.0,26.586655856453078,56.407705916275994,0,0,3,3,26,2160.0,23.94044349581071,48.378959814198645,0.0,26.551106690161657,55.380414903845036,0.0
23.94044349581071,48.378959814198645,0.0,26.551106690161657,55.380414903845036,0,1,2,5,19,2220.0,23.847837188141234,48.44897436509511,1870.5332621858036,26.592149678886745,55.764961235322914,0.0
23.847837188141234,48.44897436509511,1870.5332621858036,26.592149678886745,55.764961235322914,0,1,3,0,29,2280.0,23.90409675674368,48.52213423379739,1383.368954652232,26.521998711547827,55.31217167658292,0.0
23.90409675674368,48.52213423379739,1383.368954652232,26.521998711547827,55.31217167658292,0,0,3,5,22,2340.0,23.905017353475507,48.590034608225245,0.0,26.64905979062138,55.85645578357999,0.0
23.905017353475507,48.590034608225245,0.0,26.64905979062138,55.85645578357999,0,0,2,1,25,2400.0,23.90594215489008,48.66269881997879,0.0,26.792459890994426,55.41313619897769,0.0
23.90594215489008,48.66269881997879,0.0,26.792459890994426,55.41313619897769,0,1,3,3,19,2460.0,23.828106663416445,48.73020319376878,1575.3008412967977,26.987084242734376,55.72982901585949,1.0
23.828106663416445,48.73020319376878,1575.3008412967977,26.987084242734376,55.72982901585949,1,0,2,1,21,2520.0,23.83071196266909,48.800199451989684,0.0,26.825666609237892,56.94429638489794,2.0
23.83071196266909,48.800199451989684,0.0,26.825666609237892,56.94429638489794,2,1,3,2,27,2580.0,23.891048138207648,48.881640421318764,1401.7419262585202,26.93593581384533,57.03321128475066,2.0
23.891048138207648,48.881640421318764,1401.7419262585202,26.93593581384533,57.03321128475066,2,1,3,3,30,2640.0,23.961371949340503,48.963156129953084,1651.3912052583664,26.831908376174326,56.92367938750337,3.0
23.961371949340503,48.963156129953084,1651.3912052583664,26.831908376174326,56.92367938750337,3,1,1,0,19,2700.0,23.904897537348045,48.90668171796062,1248.068597467025,26.675723931172804,56.20236309038762,3.0
23.904897537348045,48.90668171796062,1248.068597467025,26.675723931172804,56.20236309038762,3,1,2,1,20,2760.0,23.835522804318526,48.97963853168489,1506.008544852927,26.652009540229187,56.36667614807567,3.0
23.835522804318526,48.97963853168489,1506.008544852927,26.652009540229187,56.36667614807567,3,0,1,2,20,2820.0,23.841450020543057,49.0535089078488,0.0,26.572713495720546,56.21161823268606,3.0
23.841450020543057,49.0535089078488,0.0,26.572713495720546,56.21161823268606,3,1,1,2,24,2880.0,23.891723205947034,49.103782093252775,1108.7202488701319,26.60153717149694,55.68604371405942,3.0
23.891723205947034,49.103782093252775,1108.7202488701319,26.60153717149694,55.68604371405942,3,1,1,4,23,2940.0,23.83497169679471,49.047030584100455,1253.503392356822,26.584122394820064,54.691512835645014,3.0
23.83497169679471,49.047030584100455,1253.503392356822,26.584122394820064,54.691512835645014,3,0,2,2,29,3000.0,23.840896668484646,49.1034754066159,0.0,26.588743555187154,55.06598089254798,3.0
23.840896668484646,49.1034754066159,0.0,26.588743555187154,55.06598089254798,3,0,3,1,29,3060.0,23.846821596714204,49.16310046147522,0.0,26.757124362889215,54.459549167893854,3.0
23.846821596714204,49.16310046147522,0.0,26.757124362889215,54.459549167893854,3,1,2,5,19,3120.0,23.759576359152064,49.216064948539405,1863.5116197535654,26.641290059533002,53.59709167593428,4.0
23.759576359152064,49.216064948539405,1863.5116197535654,26.641290059533002,53.59709167593428,4,0,3,5,29,3180.0,23.76717241627541,49.25987521581335,0.0,26.672685628210065,53.25929596238093,4.0
23.76717241627541,49.25987521581335,0.0,26.672685628210065,53.25929596238093,4,1,3,4,23,3240.0,23.7062375977421,49.29986942327903,1370.633379474177,26.576317219790823,53.34657903655261,5.0
23.7062375977421,49.29986942327903,1370.633379474177,26.576317219790823,53.34657903655261,5,0,3,4,22,3300.0,23.7154999337295,49.340336519411764,0.0,26.468716556019345,53.71054973106874,5.0
23.7154999337295,49.340336519411764,0.0,26.468716556019345,53.71054973106874,5,0,3,2,19,3360.0,23.724758374283578,49.384038651528336,0.0,26.46545617997926,53.15370642011597,5.0
23.724758374283578,49.384038651528336,0.0,26.46545617997926,53.15370642011597,5,0,1,3,21,3420.0,23.73401639754377,49.421735329214215,0.0,26.463540130221094,52.89156561528682,5.0
23.73401639754377,49.421735329214215,0.0,26.463540130221094,52.89156561528682,5,1,2,6,24,3480.0,23.80650391717452,49.45643363207494,1580.746720991586,26.455760721277354,51.59150526518733,4.0
23.80650391717452,49.45643363207494,1580.746720991586,26.455760721277354,51.59150526518733,4,0,2,0,20,3540.0,23.814092225734658,49.47778434840606,0.0,26.46556651252414,52.04776319739637,4.0
23.814092225734658,49.47778434840606,0.0,26.46556651252414,52.04776319739637,4,0,2,4,22,3600.0,23.821680608210883,49.50348413689596,0.0,26.3956633364312,52.20152263802168,4.0
23.821680608210883,49.50348413689596,0.0,26.3956633364312,52.20152263802168,4,1,2,3,29,3660.0,23.898758569156495,49.53046452190722,1737.3040380334492,26.259415087439045,51.59475791397628,4.0
23.898758569156495,49.53046452190722,1737.3040380334492,26.259415087439045,51.59475791397628,4,1,1,1,18,3720.0,23.83835301646307,49.470058969213795,1359.6848248807162,26.465483980811836,52.276282074614656,5.0
23.83835301646307,49.470058969213795,1359.6848248807162,26.465483980811836,52.276282074614656,5,0,2,6,28,3780.0,23.847607254161883,49.4981212002678,0.0,26.425298136144356,52.529563677149355,5.0
23.847607254161883,49.4981212002678,0.0,26.425298136144356,52.529563677149355,5,1,2,1,28,3840.0,23.91772387357746,49.52843562503662,1521.6007429878014,26.260123033377305,52.659067703941226,4.0
23.91772387357746,49.52843562503662,1521.6007429878014,26.260123033377305,52.659067703941226,4,0,2,6,24,3900.0,23.925301953549454,49.55974194582567,0.0,26.308415638781312,53.28247393438852,4.0
23.925301953549454,49.55974194582567,0.0,26.308415638781312,53.28247393438852,4,1,1,2,27,3960.0,23.983645726374487,49.618085718650704,1269.10839255478,26.499937602348307,53.19431969307685,3.0
23.983645726374487,49.618085718650704,1269.10839255478,26.499937602348307,53.19431969307685,3,0,1,1,24,4020.0,23.989562936103685,49.65384805839496,0.0,26.37865817764145,51.689349152964894,3.0
23.989562936103685,49.65384805839496,0.0,26.37865817764145,51.689349152964894,3,0,2,6,27,4080.0,23.99547590594507,49.67420306934066,0.0,26.32871760874037,50.00670119304858,3.0
23.99547590594507,49.67420306934066,0.0,26.32871760874037,50.00670119304858,3,0,3,6,21,4140.0,24.001387014001832,49.67752805057774,0.0,26.51705101970727,49.198195650674506,3.0
24.001387014001832,49.67752805057774,0.0,26.51705101970727,49.198195650674506,3,0,3,5,26,4200.0,24.007304202802022,49.67273472657871,0.0,26.590456540207597,49.19338611142683,2.0
24.007304202802022,49.67273472657871,0.0,26.590456540207597,49.19338611142683,2,1,1,0,18,4260.0,23.946538714039598,49.61196923781628,1300.365210140101,26.517888170081775,48.65421543051681,2.0
23.946538714039598,49.61196923781628,1300.365210140101,26.517888170081775,48.65421543051681,2,0,2,1,18,4320.0,23.950791092354798,49.602391699743286,0.0,26.437022165916005,49.01463723158215,2.0
23.950791092354798,49.602391699743286,0.0,26.437022165916005,49.01463723158215,2,1,3,4,26,4380.0,24.013250544906768,49.596514155061676,1455.2477879045834,26.309057381081082,48.45253718310866,3.0
24.013250544906768,49.596514155061676,1455.2477879045834,26.309057381081082,48.45253718310866,3,1,2,4,23,4440.0,23.943512703172978,49.585074385342146,1512.9540392332874,26.270933652353794,48.34895633856164,3.0
23.943512703172978,49.585074385342146,1512.9540392332874,26.270933652353794,48.34895633856164,3,1,3,1,23,4500.0,23.888949224274207,49.57271320487434,1209.4878586082395,26.18449062098644,48.69534422341576,2.0
23.888949224274207,49.57271320487434,1209.4878586082395,26.18449062098644,48.69534422341576,2,0,2,0,28,4560.0,23.89319240898743,49.56393951505975,0.0,26.216496440135767,48.037625090472126,2.0
23.89319240898743,49.56393951505975,0.0,26.216496440135767,48.037625090472126,2,1,2,6,30,4620.0,23.978889758805764,49.54867637081387,2036.3309920989805,26.18206170476872,47.54108336405355,2.0
23.978889758805764,49.54867637081387,2036.3309920989805,26.18206170476872,47.54108336405355,2,1,2,4,29,4680.0,24.055190662031936,49.52860044074627,1801.519937365985,26.211166894871358,46.88121295503655,2.0
24.055190662031936,49.52860044074627,1801.519937365985,26.211166894871358,46.88121295503655,2,1,1,2,28,4740.0,24.11210777511656,49.58551755383089,1316.9645135882433,26.19714877551027,47.20591421294778,2.0
24.11210777511656,49.58551755383089,1316.9645135882433,26.19714877551027,47.20591421294778,2,1,3,2,23,4800.0,24.052479817130177,49.56172152042206,1277.2825203945517,26.099977057582578,46.758305640871505,2.0
24.052479817130177,49.56172152042206,1277.2825203945517,26.099977057582578,46.758305640871505,2,0,3,0,22,4860.0,24.056714733704858,49.533687361626555,0.0,25.992753462247048,47.17444043515861,2.0
24.056714733704858,49.533687361626555,0.0,25.992753462247048,47.17444043515861,2,1,3,6,29,4920.0,24.132283730857413,49.51009489236188,1783.4448965401025,25.928746883886994,46.76944246963192,2.0
24.132283730857413,49.51009489236188,1783.4448965401025,25.928746883886994,46.76944246963192,2,1,3,4,26,4980.0,24.194241050579716,49.482688368134575,1443.2692737634106,25.76201631361746,47.49576900882427,2.0
24.194241050579716,49.482688368134575,1443.2692737634106,25.76201631361746,47.49576900882427,2,1,3,5,27,5040.0,24.261175813532724,49.46281917454147,1567.8959277726444,25.807476084345453,47.36948097630292,2.0
24.261175813532724,49.46281917454147,1567.8959277726444,25.807476084345453,47.36948097630292,2,0,3,5,27,5100.0,24.265394023541752,49.441885792559084,0.0,25.799224732454313,46.51687717241491,2.0
24.265394023541752,49.441885792559084,0.0,25.799224732454313,46.51687717241491,2,1,1,3,30,5160.0,24.32880141164457,49.5052931806619,1479.7398436463493,25.80513849806878,46.16885963374996,2.0
24.32880141164457,49.5052931806619,1479.7398436463493,25.80513849806878,46.16885963374996,2,1,3,3,18,5220.0,24.249752455083126,49.471928845192785,1665.296689286519,26.083325678606702,46.566493276999616,2.0
24.249752455083126,49.471928845192785,1665.296689286519,26.083325678606702,46.566493276999616,2,0,3,0,20,5280.0,24.253980240857242,49.44287448951086,0.0,26.055618180988077,46.53091300002864,2.0
24.253980240857242,49.44287448951086,0.0,26.055618180988077,46.53091300002864,2,1,1,2,26,5340.0,24.306048205592028,49.494942454245646,1196.0310867528515,26.016684210220912,45.872495957747056,2.0
24.306048205592028,49.494942454245646,1196.0310867528515,26.016684210220912,45.872495957747056,2,1,1,2,19,5400.0,24.24068026089347,49.42957450954709,1391.8326513075615,25.767445245062607,46.20242076379934,2.0
24.24068026089347,49.42957450954709,1391.8326513075615,25.767445245062607,46.20242076379934,2,1,2,2,24,5460.0,24.178103574865325,49.39730297208961,1335.884897218969,25.767968246996965,45.16008829611188,1.0
24.178103574865325,49.39730297208961,1335.884897218969,25.767968246996965,45.16008829611188,1,1,3,4,23,5520.0,24.11076882855734,49.35493082532984,1397.7548359411114,25.837642415685806,46.51079484060673,1.0
24.11076882855734,49.35493082532984,1397.7548359411114,25.837642415685806,46.51079484060673,1,0,1,3,18,5580.0,24.113326391010244,49.32648946548261,0.0,25.812999024480128,46.72339091079177,1.0
24.113326391010244,49.32648946548261,0.0,25.812999024480128,46.72339091079177,1,0,2,3,24,5640.0,24.115883046764694,49.3004584799357,0.0,25.88238800507312,47.19264805170751,1.0
24.115883046764694,49.3004584799357,0.0,25.88238800507312,47.19264805170751,1,0,2,3,27,5700.0,24.118441930263305,49.27938037565342,0.0,25.965455992826616,46.633066200112786,1.0
24.118441930263305,49.27938037565342,0.0,25.965455992826616,46.633066200112786,1,1,1,2,24,5760.0,24.0656777820905,49.22661622748061,1106.5143061644817,25.824998545660304,46.2358556416867,1.0
24.0656777820905,49.22661622748061,1106.5143061644817,25.824998545660304,46.2358556416867,1,0,3,1,22,5820.0,24.068236426115952,49.196708621622676,0.0,25.9219114062427,46.76474692617413,1.0
24.068236426115952,49.196708621622676,0.0,25.9219114062427,46.76474692617413,1,0,3,1,20,5880.0,24.070798215281958,49.17238900466819,0.0,25.98700699849218,47.59583949279802,1.0
24.070798215281958,49.17238900466819,0.0,25.98700699849218,47.59583949279802,1,0,3,0,22,5940.0,24.073362088908066,49.15662350954949,0.0,25.91166904041544,48.18455521749246,1.0
24.073362088908066,49.15662350954949,0.0,25.91166904041544,48.18455521749246,1,0,2,2,19,6000.0,24.07592336580645,49.14690282662892,0.0,25.852201741699222,47.97327100798185,1.0
24.07592336580645,49.14690282662892,0.0,25.852201741699222,47.97327100798185,1,1,3,4,29,6060.0,24.144282137399916,49.135166508442445,1644.9890578567743,25.884726909284655,48.562902587271466,1.0
24.144282137399916,49.135166508442445,1644.9890578567743,25.884726909284655,48.562902587271466,1,0,2,5,26,6120.0,24.146840152225646,49.129443869230734,0.0,25.76690894055123,48.779327788531454,1.0
24.146840152225646,49.129443869230734,0.0,25.76690894055123,48.779327788531454,1,1,1,1,30,6180.0,24.203685790198918,49.18628950720401,1357.2908920081534,25.720247043733664,48.410877112415555,0.0
24.203685790198918,49.18628950720401,1357.2908920081534,25.720247043733664,48.410877112415555,0,0,2,5,30,6240.0,24.204569675574035,49.178535383256126,0.0,25.706884270760987,48.02253008592948,0.0
24.204569675574035,49.178535383256126,0.0,25.706884270760987,48.02253008592948,0,0,3,2,28,6300.0,24.20545308606054,49.16697533028286,0.0,25.68943987733246,47.64881545930488,0.0
24.20545308606054,49.16697533028286,0.0,25.68943987733246,47.64881545930488,0,0,3,0,21,6360.0,24.20633588562025,49.15179373157308,0.0,25.765754107403428,48.110056044421434,1.0
24.20633588562025,49.15179373157308,0.0,25.765754107403428,48.110056044421434,1,0,1,4,19,6420.0,24.20888786622764,49.14137635470156,0.0,25.787426071615716,47.40164428044684,1.0
24.20888786622764,49.14137635470156,0.0,25.787426071615716,47.40164428044684,1,0,3,1,27,6480.0,24.21144048416782,49.12397903395902,0.0,25.62065954499663,47.896927694168234,0.0
24.21144048416782,49.12397903395902,0.0,25.62065954499663,47.896927694168234,0,1,3,4,25,6540.0,24.267202588591644,49.11170852056111,1372.0449280449238,25.557260198670978,47.71694348345617,0.0
24.267202588591644,49.11170852056111,1372.0449280449238,25.557260198670978,47.71694348345617,0,1,2,2,21,6600.0,24.191297155302962,49.09776087019006,1535.6353708470483,25.536692471376366,47.41437147911712,0.0
24.191297155302962,49.09776087019006,1535.6353708470483,25.536692471376366,47.41437147911712,0,0,2,3,23,6660.0,24.192175335146832,49.08092697627933,0.0,25.360958407669077,47.42508676480501,0.0
24.192175335146832,49.08092697627933,0.0,25.360958407669077,47.42508676480501,0,0,2,6,23,6720.0,24.193047627915917,49.06436857416458,0.0,25.372889571056156,47.533772828152166,0.0
24.193047627915917,49.06436857416458,0.0,25.372889571056156,47.533772828152166,0,0,1,6,28,6780.0,24.193920289314022,49.04906261670446,0.0,25.40376141047554,47.3642888027405,0.0
24.193920289314022,49.04906261670446,0.0,25.40376141047554,47.3642888027405,0,0,2,3,27,6840.0,24.194793950684726,49.03221487856482,0.0,25.534608827395555,46.732866177856316,0.0
24.194793950684726,49.03221487856482,0.0,25.534608827395555,46.732866177856316,0,0,2,2,22,6900.0,24.19567194451395,49.00922139155774,0.0,25.537877450839414,46.746119767543966,0.0
24.19567194451395,49.00922139155774,0.0,25.537877450839414,46.746119767543966,0,1,1,3,22,6960.0,24.13273746119035,48.946286908234136,1276.2511368095522,25.603732611039813,45.49637850340579,0.0
24.13273746119035,48.946286908234136,1276.2511368095522,25.603732611039813,45.49637850340579,0,0,2,0,23,7020.0,24.133619827695345,48.91178782418585,0.0,25.544550323369286,45.382714709748626,0.0
24.133619827695345,48.91178782418585,0.0,25.544550323369286,45.382714709748626,0,1,3,0,22,7080.0,24.073632737519038,48.87649709304148,1217.349090523244,25.600835429978957,44.40185423261715,0.0
24.073632737519038,48.87649709304148,1217.349090523244,25.600835429978957,44.40185423261715,0,1,3,4,26,7140.0,24.132402587181737,48.83175066443724,1447.1402393237433,25.622919607007994,44.380442043079384,0.0
24.132402587181737,48.83175066443724,1447.1402393237433,25.622919607007994,44.380442043079384,0,0,3,3,24,7200.0,24.133285604415732,48.78723757822366,0.0,25.67202000160377,44.54535357351364,1.0
24.133285604415732,48.78723757822366,0.0,25.67202000160377,44.54535357351364,1,1,1,5,25,7260.0,24.188003681551265,48.84195565535919,1304.1696497240168,25.739043485662947,44.338722114050285,1.0
28.054737346798248,46.60424673452292,0.0,21.40415968309914,61.49188436403402,1,1,2,0,25,60.0,27.98785144883573,46.75312311081803,1383.2842408078948,21.31246885349112,61.913289286890894,1.0
27.98785144883573,46.75312311081803,1383.2842408078948,21.31246885349112,61.913289286890894,1,0,1,5,18,120.0,27.990128936082552,46.90472477257876,0.0,21.123338438268096,62.180107000793434,1.0
27.990128936082552,46.90472477257876,0.0,21.123338438268096,62.180107000793434,1,0,1,0,26,180.0,27.99240004306596,47.0574785948609,0.0,21.154837191810145,62.4921520923855,1.0
27.99240004306596,47.0574785948609,0.0,21.154837191810145,62.4921520923855,1,1,2,2,21,240.0,27.905597204162135,47.21182532983615,1781.4984028423535,21.20937806919346,61.60894316704902,1.0
27.905597204162135,47.21182532983615,1781.4984028423535,21.20937806919346,61.60894316704902,1,1,1,3,28,300.0,27.954091123288062,47.26031924896208,1155.4281607606772,21.086665155502455,61.81026314554502,1.0
27.954091123288062,47.26031924896208,1155.4281607606772,21.086665155502455,61.81026314554502,1,0,1,5,27,360.0,27.956362209089136,47.405818687927905,0.0,21.092650451640424,61.72398751678759,1.0
27.956362209089136,47.405818687927905,0.0,21.092650451640424,61.72398751678759,1,0,3,3,25,420.0,27.95863341869722,47.549000376216505,0.0,21.0644114524765,60.893002147930204,1.0
27.95863341869722,47.549000376216505,0.0,21.0644114524765,60.893002147930204,1,1,1,5,18,480.0,27.86728288186492,47.4576498393842,1872.4145886685765,20.96646554025606,60.475781680683,1.0
27.86728288186492,47.4576498393842,1872.4145886685765,20.96646554025606,60.475781680683,1,1,2,5,23,540.0,27.776300543813207,47.58783115779719,1865.0462161398689,21.01003239212021,61.30491286098739,1.0
27.776300543813207,47.58783115779719,1865.0462161398689,21.01003239212021,61.30491286098739,1,1,2,2,28,600.0,27.83196556810582,47.72500197482909,1334.7641641083283,20.936395116884608,61.088624982425856,1.0
27.83196556810582,47.72500197482909,1334.7641641083283,20.936395116884608,61.088624982425856,1,0,3,1,26,660.0,27.834235715757444,47.858638204905056,0.0,20.863312721786556,61.63634427168406,1.0
27.834235715757444,47.858638204905056,0.0,20.863312721786556,61.63634427168406,1,1,2,6,20,720.0,27.727949832366193,47.99641526557284,2171.070385829081,20.967762525056745,62.23792631274009,1.0
27.727949832366193,47.99641526557284,2171.070385829081,20.967762525056745,62.23792631274009,1,1,1,1,20,780.0,27.657438624479322,47.92590405768597,1455.7173661992251,20.879209567392202,62.05629911048498,1.0
27.657438624479322,47.92590405768597,1455.7173661992251,20.879209567392202,62.05629911048498,1,0,3,5,20,840.0,27.659712683510755,48.06720800821396,0.0,20.88581144232652,61.483603249542526,1.0
27.659712683510755,48.06720800821396,0.0,20.88581144232652,61.483603249542526,1,0,3,5,26,900.0,27.661986886802715,48.20137196062725,0.0,20.964885843050503,60.50738669543995,1.0
27.661986886802715,48.20137196062725,0.0,20.964885843050503,60.50738669543995,1,0,1,3,18,960.0,27.664263650101258,48.324432107975376,0.0,20.647410949237155,60.34871246771764,1.0
27.664263650101258,48.324432107975376,0.0,20.647410949237155,60.34871246771764,1,1,1,3,18,1020.0,27.581244997017187,48.2414134548913,1705.6951598808223,20.696095156133904,61.18733226420487,1.0
27.581244997017187,48.2414134548913,1705.6951598808223,20.696095156133904,61.18733226420487,1,1,2,6,27,1080.0,27.503248636534124,48.37087264298444,1605.3371097673405,20.56645345422654,60.802114412176316,1.0
27.503248636534124,48.37087264298444,1605.3371097673405,20.56645345422654,60.802114412176316,1,0,1,5,24,1140.0,27.505517410028048,48.495185060676356,0.0,20.453939333579385,60.84006696499756,1.0
27.505517410028048,48.495185060676356,0.0,20.453939333579385,60.84006696499756,1,0,1,0,30,1200.0,27.5077823574255,48.61863387971957,0.0,20.45052861348043,60.981875567750066,1.0
27.5077823574255,48.61863387971957,0.0,20.45052861348043,60.981875567750066,1,0,3,2,19,1260.0,27.510047115634038,48.74226629659987,0.0,20.356070941488337,61.30981756309576,1.0
27.510047115634038,48.74226629659987,0.0,20.356070941488337,61.30981756309576,1,0,2,3,27,1320.0,27.512308649761565,48.867941809264835,0.0,20.210865465796076,61.22536864103385,2.0
27.512308649761565,48.867941809264835,0.0,20.210865465796076,61.22536864103385,2,0,3,6,21,1380.0,27.516231934988767,48.991516077582524,0.0,20.34059521918863,61.185680571023696,2.0
27.516231934988767,48.991516077582524,0.0,20.34059521918863,61.185680571023696,2,1,2,3,27,1440.0,27.449378413589194,49.113457722516934,1415.620003514225,20.464332198544987,61.056818290230545,2.0
27.449378413589194,49.113457722516934,1415.620003514225,20.464332198544987,61.056818290230545,2,1,3,6,28,1500.0,27.51208702311916,49.23289132819407,1469.3694434283727,20.43386541516942,61.36706873978012,2.0
27.51208702311916,49.23289132819407,1469.3694434283727,20.43386541516942,61.36706873978012,2,0,3,0,18,1560.0,27.51601774906556,49.354233102309934,0.0,20.440209612706052,62.34412764017571,2.0
27.51601774906556,49.354233102309934,0.0,20.440209612706052,62.34412764017571,2,1,1,0,21,1620.0,27.453658511088353,49.29187386433273,1325.8008874532782,20.461473731790818,61.79911236565231,2.0
27.453658511088353,49.29187386433273,1325.8008874532782,20.461473731790818,61.79911236565231,2,0,1,4,24,1680.0,27.45759210492904,49.416946249345926,0.0,20.546793038408506,62.06153014539064,1.0
27.45759210492904,49.416946249345926,0.0,20.546793038408506,62.06153014539064,1,0,2,0,20,1740.0,27.459861744960158,49.543392088306376,0.0,20.565461715738916,61.29862265408275,1.0
27.459861744960158,49.543392088306376,0.0,20.565461715738916,61.29862265408275,1,0,3,2,23,1800.0,27.46213193162585,49.66094439396414,0.0,20.54705178696654,60.79316503028168,1.0
27.46213193162585,49.66094439396414,0.0,20.54705178696654,60.79316503028168,1,1,3,5,27,1860.0,27.3940628504394,49.77226660032731,1406.7715702992773,20.580999172741738,61.15971606117039,1.0
27.3940628504394,49.77226660032731,1406.7715702992773,20.580999172741738,61.15971606117039,1,1,2,6,28,1920.0,27.46062627222344,49.886141094935745,1607.2630976657267,20.623000886936573,61.251728133554074,1.0
27.46062627222344,49.886141094935745,1607.2630976657267,20.623000886936573,61.251728133554074,1,0,1,3,22,1980.0,27.462898351377262,49.99979696532193,0.0,20.740721765678266,62.16879541573527,2.0
27.462898351377262,49.99979696532193,0.0,20.740721765678266,62.16879541573527,2,1,1,5,24,2040.0,27.39351938814302,49.930418002087684,1466.4311469610789,20.661900248948076,61.63982708473081,3.0
27.39351938814302,49.930418002087684,1466.4311469610789,20.661900248948076,61.63982708473081,3,0,2,1,21,2100.0,27.399128334171714,50.04751209291412,0.0,20.76177754583406,62.231304772608496,3.0
27.399128334171714,50.04751209291412,0.0,20.76177754583406,62.231304772608496,3,1,3,4,21,2160.0,27.317623298976002,50.16935001971106,1742.3424700553333,20.86435748782889,62.60256607557543,3.0
27.317623298976002,50.16935001971106,1742.3424700553333,20.86435748782889,62.60256607557543,3,0,1,2,22,2220.0,27.323241523448964,50.293682180269705,0.0,20.72047434599211,63.65019910379423,2.0
27.323241523448964,50.293682180269705,0.0,20.72047434599211,63.65019910379423,2,0,3,0,21,2280.0,27.32718809787638,50.42724734950495,0.0,20.80639873762732,63.24519242340855,2.0
27.32718809787638,50.42724734950495,0.0,20.80639873762732,63.24519242340855,2,1,2,4,28,2340.0,27.39067510317582,50.555426800243985,1488.4424569529006,20.82066757884748,64.04704335114201,3.0
27.39067510317582,50.555426800243985,1488.4424569529006,20.82066757884748,64.04704335114201,3,1,3,2,28,2400.0,27.446164002508656,50.69034296575297,1246.8641562578628,20.83402412040108,64.3848755777705,3.0
27.446164002508656,50.69034296575297,1246.8641562578628,20.83402412040108,64.3848755777705,3,1,1,6,28,2460.0,27.50521690477273,50.74939586801705,1335.9993398369372,20.81194431208775,64.60368952466956,3.0
27.50521690477273,50.74939586801705,1335.9993398369372,20.81194431208775,64.60368952466956,3,1,3,3,24,2520.0,27.436491880558297,50.88793880458357,1486.7049692268754,20.772324279739976,64.73545815313331,3.0
27.436491880558297,50.88793880458357,1486.7049692268754,20.772324279739976,64.73545815313331,3,1,3,3,30,2580.0,27.49918875051379,51.02641399806907,1427.1418885546877,20.76449119484696,64.47772351659138,2.0
27.49918875051379,51.02641399806907,1427.1418885546877,20.76449119484696,64.47772351659138,2,1,3,4,28,2640.0,27.55725306896058,51.16092709325429,1353.0535424660898,20.775689388109086,64.24937394424462,2.0
27.55725306896058,51.16092709325429,1353.0535424660898,20.775689388109086,64.24937394424462,2,1,3,3,26,2700.0,27.493018870673964,51.29181156176419,1363.4962566117567,20.641563415385413,64.51862552256415,2.0
27.493018870673964,51.29181156176419,1363.4962566117567,20.641563415385413,64.51862552256415,2,0,1,1,22,2760.0,27.496957155492122,51.42407970137219,0.0,20.646901842633316,64.832677007481,2.0
27.496957155492122,51.42407970137219,0.0,20.646901842633316,64.832677007481,2,0,3,4,29,2820.0,27.500895486981694,51.55816567443328,0.0,20.560757499686886,64.88142147699284,3.0
27.500895486981694,51.55816567443328,0.0,20.560757499686886,64.88142147699284,3,1,3,2,26,2880.0,27.441457273534,51.69139823245888,1300.8041769623926,20.69376315950809,64.43771376814442,3.0
27.441457273534,51.69139823245888,1300.8041769623926,20.69376315950809,64.43771376814442,3,0,2,2,30,2940.0,27.447065683730198,51.81886138781574,0.0,20.760703980986474,64.18764294162611,3.0
27.447065683730198,51.81886138781574,0.0,20.760703980986474,64.18764294162611,3,0,2,6,20,3000.0,27.452676138340106,51.94254920335384,0.0,20.750352345480188,63.54893396755992,4.0
27.452676138340106,51.94254920335384,0.0,20.750352345480188,63.54893396755992,4,0,2,4,26,3060.0,27.459952727547012,52.0586130509959,0.0,20.708465579919338,63.6107512010701,5.0
27.459952727547012,52.0586130509959,0.0,20.708465579919338,63.6107512010701,5,0,3,5,30,3120.0,27.46889434464209,52.17413443249664,0.0,20.744822919842264,64.11869179317797,6.0
27.46889434464209,52.17413443249664,0.0,20.744822919842264,64.11869179317797,6,1,1,2,20,3180.0,27.4039640828135,52.10920417066805,1510.789188955315,20.750958940477332,63.80443991971922,6.0
27.4039640828135,52.10920417066805,1510.789188955315,20.750958940477332,63.80443991971922,6,0,2,1,22,3240.0,27.414575649308755,52.22615652815856,0.0,20.667525121819065,63.458912731022274,5.0
27.414575649308755,52.22615652815856,0.0,20.667525121819065,63.458912731022274,5,1,3,3,24,3300.0,27.349468818800233,52.3384840901872,1480.9719098187788,20.65161017466529,63.1007155841719,4.0
27.349468818800233,52.3384840901872,1480.9719098187788,20.65161017466529,63.1007155841719,4,1,1,4,29,3360.0,27.40870683168031,52.39772210306728,1299.031870871986,20.570422207778616,63.45652645126399,3.0
27.40870683168031,52.39772210306728,1299.031870871986,20.570422207778616,63.45652645126399,3,0,1,1,20,3420.0,27.414312222192844,52.50831014654925,0.0,20.371128576210598,63.10254676594799,3.0
27.414312222192844,52.50831014654925,0.0,20.371128576210598,63.10254676594799,3,1,1,6,18,3480.0,27.32431426801585,52.418312192372255,1911.930294442535,20.319584647067003,63.11584832657477,3.0
27.32431426801585,52.418312192372255,1911.930294442535,20.319584647067003,63.11584832657477,3,0,3,0,28,3540.0,27.32991411036182,52.52528755371428,0.0,20.40986275392712,62.88222354052516,3.0
27.32991411036182,52.52528755371428,0.0,20.40986275392712,62.88222354052516,3,1,2,3,19,3600.0,27.237778571635857,52.62885691358239,1954.7640736149654,20.356529481655574,62.66708647968043,4.0
27.237778571635857,52.62885691358239,1954.7640736149654,20.356529481655574,62.66708647968043,4,0,2,5,22,3660.0,27.24504919666619,52.72923920924337,0.0,20.25931266104067,61.92690834067898,4.0
27.24504919666619,52.72923920924337,0.0,20.25931266104067,61.92690834067898,4,1,1,2,30,3720.0,27.302377230549006,52.786567243126186,1251.5222941833597,20.44573492191991,61.76780804513578,4.0
27.302377230549006,52.786567243126186,1251.5222941833597,20.44573492191991,61.76780804513578,4,0,2,6,18,3780.0,27.309648675805384,52.87637965114628,0.0,20.55932061641782,62.658575610744606,4.0
27.309648675805384,52.87637965114628,0.0,20.55932061641782,62.658575610744606,4,1,1,4,22,3840.0,27.240994718842654,52.807725694183546,1518.5789205483231,20.430234633158136,63.105854494532856,4.0
27.240994718842654,52.807725694183546,1518.5789205483231,20.430234633158136,63.105854494532856,4,1,3,4,21,3900.0,27.161672410934283,52.91070698218704,1731.905651443615,20.563141842857547,64.09905978266949,4.0
27.161672410934283,52.91070698218704,1731.905651443615,20.563141842857547,64.09905978266949,4,0,2,4,26,3960.0,27.168952459915346,53.02259051019186,0.0,20.517804600794562,64.42629893912454,4.0
27.168952459915346,53.02259051019186,0.0,20.517804600794562,64.42629893912454,4,1,3,5,25,4020.0,27.10002498090575,53.13662759448119,1524.1154816191802,20.51260352271286,64.06708731928211,4.0
27.10002498090575,53.13662759448119,1524.1154816191802,20.51260352271286,64.06708731928211,4,1,2,3,20,4080.0,27.013810314006353,53.2459321917292,1869.9017236824968,20.53876536616748,64.25477463150611,4.0
27.013810314006353,53.2459321917292,1869.9017236824968,20.53876536616748,64.25477463150611,4,1,1,5,29,4140.0,27.07605995338974,53.30818183111259,1374.136855374603,20.427458717063203,64.15050094617732,4.0
27.07605995338974,53.30818183111259,1374.136855374603,20.427458717063203,64.15050094617732,4,0,2,1,30,4200.0,27.08333833334853,53.41660502226324,0.0,20.403707300284292,64.05953736739963,4.0
27.08333833334853,53.41660502226324,0.0,20.403707300284292,64.05953736739963,4,1,1,2,27,4260.0,27.03538649856405,53.36865318747876,1104.5836083341692,20.433267824648617,64.61382550755876,5.0
27.03538649856405,53.36865318747876,1104.5836083341692,20.433267824648617,64.61382550755876,5,0,3,6,25,4320.0,27.044333094608255,53.48110491067956,0.0,20.399858547114405,64.48880201164317,5.0
27.044333094608255,53.48110491067956,0.0,20.399858547114405,64.48880201164317,5,1,3,0,21,4380.0,26.981656362779834,53.591181881689195,1432.4383202034542,20.337679232772132,63.63995291655375,5.0
26.981656362779834,53.591181881689195,1432.4383202034542,20.337679232772132,63.63995291655375,5,1,3,6,25,4440.0,26.91201714204523,53.69166959203784,1571.6884299387582,20.311789785750367,63.645780035470004,5.0
26.91201714204523,53.69166959203784,1571.6884299387582,20.311789785750367,63.645780035470004,5,1,1,6,28,4500.0,26.975792556564034,53.75544500655664,1370.71888576706,20.281379199268034,63.96955924266681,5.0
26.975792556564034,53.75544500655664,1370.71888576706,20.281379199268034,63.96955924266681,5,0,3,4,19,4560.0,26.98473607611879,53.85758614891774,0.0,20.073482242771284,64.06978426223124,5.0
26.98473607611879,53.85758614891774,0.0,20.073482242771284,64.06978426223124,5,0,1,5,29,4620.0,26.993672367657677,53.95970813005088,0.0,20.155180675436686,64.98547295762086,5.0
26.993672367657677,53.95970813005088,0.0,20.155180675436686,64.98547295762086,5,0,3,6,19,4680.0,27.00261108460127,54.069965778326576,0.0,20.04563839021284,64.58533643190827,5.0
27.00261108460127,54.069965778326576,0.0,20.04563839021284,64.58533643190827,5,0,2,2,23,4740.0,27.011545852178124,54.17511948486239,0.0,19.981496811210498,65.14067527393532,5.0
27.011545852178124,54.17511948486239,0.0,19.981496811210498,65.14067527393532,5,1,2,6,22,4800.0,26.922933155053265,54.284775042753125,1950.9005764698938,20.003849187464652,64.3986857442016,5.0
26.922933155053265,54.284775042753125,1950.9005764698938,20.003849187464652,64.3986857442016,5,1,1,4,28,4860.0,26.982454146015552,54.34429603371541,1264.6240106968041,19.898926862459952,64.74097310671952,6.0
26.982454146015552,54.34429603371541,1264.6240106968041,19.898926862459952,64.74097310671952,6,0,3,3,21,4920.0,26.993051361772768,54.44826280444545,0.0,19.787091639859902,64.79587678314799,6.0
26.993051361772768,54.44826280444545,0.0,19.787091639859902,64.79587678314799,6,1,2,2,19,4980.0,26.911267426954854,54.551738944232476,1847.5413898770028,19.89403637867232,64.79380549067591,6.0
26.911267426954854,54.551738944232476,1847.5413898770028,19.89403637867232,64.79380549067591,6,1,2,4,27,5040.0,26.97972240239695,54.65415960969691,1446.3887452592505,20.041147893475166,64.93828884115936,6.0
26.97972240239695,54.65415960969691,1446.3887452592505,20.041147893475166,64.93828884115936,6,0,2,1,18,5100.0,26.990324449913317,54.757000902011534,0.0,20.097347758680346,64.02733150154047,7.0
26.990324449913317,54.757000902011534,0.0,20.097347758680346,64.02733150154047,7,1,3,1,24,5160.0,26.936210122174483,54.84970420800682,1327.691236982494,20.053762023182205,64.25949178195381,7.0
26.936210122174483,54.84970420800682,1327.691236982494,20.053762023182205,64.25949178195381,7,0,1,5,30,5220.0,26.94848070723785,54.94380208374629,0.0,19.988301149528866,64.07149509115361,8.0
26.94848070723785,54.94380208374629,0.0,19.988301149528866,64.07149509115361,8,1,2,6,26,5280.0,26.88071629316103,55.035079013820365,1633.9814951645521,20.070123811174827,64.14425546268636,8.0
26.88071629316103,55.035079013820365,1633.9814951645521,20.070123811174827,64.14425546268636,8,0,3,1,29,5340.0,26.894655940078298,55.126170778309024,0.0,20.057498996399868,63.83743984349622,7.0
26.894655940078298,55.126170778309024,0.0,20.057498996399868,63.83743984349622,7,0,2,1,25,5400.0,26.906928034846842,55.213283468960896,0.0,20.17191484357906,63.04829465542102,6.0
26.906928034846842,55.213283468960896,0.0,20.17191484357906,63.04829465542102,6,1,1,4,25,5460.0,26.851816083635928,55.15817151774998,1314.4156820908106,20.197079910147025,63.60389086114816,6.0
26.851816083635928,55.15817151774998,1314.4156820908106,20.197079910147025,63.60389086114816,6,1,2,4,19,5520.0,26.762161054529056,55.24262871118396,2005.330758021787,20.24303068681089,64.58389462055595,5.0
26.762161054529056,55.24262871118396,2005.330758021787,20.24303068681089,64.58389462055595,5,0,2,1,23,5580.0,26.77111041685013,55.336041370277684,0.0,20.323454516279156,64.43712565341234,5.0
26.77111041685013,55.336041370277684,0.0,20.323454516279156,64.43712565341234,5,1,3,6,22,5640.0,26.691505441913208,55.42705221310903,1771.1343948047843,20.35435175623064,65.00246225874429,5.0
26.691505441913208,55.42705221310903,1771.1343948047843,20.35435175623064,65.00246225874429,5,1,3,6,21,5700.0,26.608613738168845,55.52280631356538,1836.9426390967944,20.36388106814666,65.78031824770241,5.0
26.608613738168845,55.52280631356538,1836.9426390967944,20.36388106814666,65.78031824770241,5,0,1,6,18,5760.0,26.617572247079845,55.62538143290675,0.0,20.435740720471664,65.70038931478454,5.0
26.617572247079845,55.62538143290675,0.0,20.435740720471664,65.70038931478454,5,1,3,4,19,5820.0,26.535394864280264,55.72613151172553,1822.7597683072697,20.42743018963,66.2487247585326,5.0
26.535394864280264,55.72613151172553,1822.7597683072697,20.42743018963,66.2487247585326,5,1,1,3,19,5880.0,26.465193671889637,55.6559303193349,1583.285204696115,20.425893644865326,66.0658870911693,5.0
26.465193671889637,55.6559303193349,1583.285204696115,20.425893644865326,66.0658870911693,5,0,1,0,26,5940.0,26.474159028555402,55.76002988705324,0.0,20.280302152918747,67.1177678296422,5.0
26.474159028555402,55.76002988705324,0.0,20.280302152918747,67.1177678296422,5,1,1,5,28,6000.0,26.536933835754827,55.82280469425267,1345.3650607152872,20.272152766322797,67.50881513515199,5.0
26.536933835754827,55.82280469425267,1345.3650607152872,20.272152766322797,67.50881513515199,5,0,2,2,24,6060.0,26.545891676385846,55.93966479866166,0.0,20.221349830378553,67.91625219408938,5.0
26.545891676385846,55.93966479866166,0.0,20.221349830378553,67.91625219408938,5,0,3,0,22,6120.0,26.55484752499098,56.05943067261594,0.0,20.04541488150019,68.158316154109,5.0
26.55484752499098,56.05943067261594,0.0,20.04541488150019,68.158316154109,5,1,2,5,28,6180.0,26.628132667994556,56.18041952743087,1608.3864356256765,19.884078057879695,68.16215275076975,5.0
26.628132667994556,56.18041952743087,1608.3864356256765,19.884078057879695,68.16215275076975,5,1,2,2,29,6240.0,26.69613626259738,56.30023685966426,1476.5432439123592,20.015522515325312,68.15876093077009,5.0
26.69613626259738,56.30023685966426,1476.5432439123592,20.015522515325312,68.15876093077009,5,0,2,3,27,6300.0,26.70508024213914,56.418822100375316,0.0,20.210715424277055,68.1977295790492,5.0
26.70508024213914,56.418822100375316,0.0,20.210715424277055,68.1977295790492,5,0,2,1,22,6360.0,26.714030429978543,56.53661117516206,0.0,20.180269622162232,68.85129729062456,5.0
26.714030429978543,56.53661117516206,0.0,20.180269622162232,68.85129729062456,5,0,3,1,20,6420.0,26.72297930461828,56.65975803631668,0.0,20.129953270257598,68.34449436944732,5.0
26.72297930461828,56.65975803631668,0.0,20.129953270257598,68.34449436944732,5,1,3,4,19,6480.0,26.64044037204523,56.77660539964799,1829.7166341048064,20.19891223885523,68.50581006926012,5.0
26.64044037204523,56.77660539964799,1829.7166341048064,20.19891223885523,68.50581006926012,5,0,3,2,26,6540.0,26.649392321107456,56.89389744634411,0.0,20.29053628515222,68.92827439014292,5.0
26.649392321107456,56.89389744634411,0.0,20.29053628515222,68.92827439014292,5,1,1,0,22,6600.0,26.59672354510349,56.84122867034014,1232.4696160553729,20.37251309209977,69.78339958570157,5.0
26.59672354510349,56.84122867034014,1232.4696160553729,20.37251309209977,69.78339958570157,5,1,1,4,30,6660.0,26.66185060158014,56.9063557268168,1404.1965872937906,20.274921975084105,69.39942625514905,6.0
26.66185060158014,56.9063557268168,1404.1965872937906,20.274921975084105,69.39942625514905,6,1,3,6,29,6720.0,26.736358144572073,57.031286432100124,1597.17768198702,20.277240496197557,69.1905778688791,6.0
26.736358144572073,57.031286432100124,1597.17768198702,20.277240496197557,69.1905778688791,6,0,1,2,30,6780.0,26.746976173983793,57.15287934646791,0.0,20.227225228076083,69.4565890850155,6.0
26.746976173983793,57.15287934646791,0.0,20.227225228076083,69.4565890850155,6,1,2,6,27,6840.0,26.820781616622767,57.27591644385339,1579.735858429264,20.149941854987187,69.39959080859568,7.0
26.820781616622767,57.27591644385339,1579.735858429264,20.149941854987187,69.39959080859568,7,0,2,4,25,6900.0,26.83305925529738,57.39715318750081,0.0,20.027388382765697,69.46699152024078,6.0
26.83305925529738,57.39715318750081,0.0,20.027388382765697,69.46699152024078,6,1,1,5,21,6960.0,26.762937422762157,57.32703135496559,1614.5662034560862,20.080954164276182,68.92010059349364,5.0
26.762937422762157,57.32703135496559,1614.5662034560862,20.080954164276182,68.92010059349364,5,0,2,5,22,7020.0,26.77188135665354,57.442962047350875,0.0,20.070383356178613,68.82620477941558,5.0
26.77188135665354,57.442962047350875,0.0,20.070383356178613,68.82620477941558,5,0,3,1,21,7080.0,26.780824640053524,57.55679447467152,0.0,20.097864702298363,68.63941759758909,5.0
26.780824640053524,57.55679447467152,0.0,20.097864702298363,68.63941759758909,5,0,2,6,25,7140.0,26.78976854138893,57.667620705900696,0.0,20.104685380558646,69.04841364721776,5.0
26.78976854138893,57.667620705900696,0.0,20.104685380558646,69.04841364721776,5,1,2,5,29,7200.0,26.86534306632607,57.781428635313866,1665.7673593958302,20.001068203031913,68.95492943248378,5.0
26.86534306632607,57.781428635313866,1665.7673593958302,20.001068203031913,68.95492943248378,5,1,2,4,20,7260.0,26.777565688791853,57.89316364328556,1934.304700775477,19.9598810631076,69.47913036905459,5.0
26.777565688791853,57.89316364328556,1934.304700775477,19.9598810631076,69.47913036905459,5,0,1,6,23,7320.0,26.786505099304332,58.00902331054325,0.0,20.191363222285208,69.58276665197194,5.0
26.786505099304332,58.00902331054325,0.0,20.191363222285208,69.58276665197194,5,1,1,3,24,7380.0,26.72994072574793,57.952458936986844,1310.224043209999,20.11072603787953,70.47933921912399,5.0
26.72994072574793,57.952458936986844,1310.224043209999,20.11072603787953,70.47933921912399,5,0,3,5,29,7440.0,26.738886751925,58.07772773980822,0.0,20.117754744588442,69.25541977742438,5.0
26.738886751925,58.07772773980822,0.0,20.117754744588442,69.25541977742438,5,1,1,4,22,7500.0,26.67361605393565,58.01245704181886,1484.3332051155,20.231138696453154,69.25877925142298,5.0
26.67361605393565,58.01245704181886,1484.3332051155,20.231138696453154,69.25877925142298,5,1,1,6,18,7560.0,26.589378719181777,57.92821970706499,1863.7850435058172,20.179841272056372,69.03701845150442,4.0
26.589378719181777,57.92821970706499,1863.7850435058172,20.179841272056372,69.03701845150442,4,0,1,4,23,7620.0,26.59666506793354,58.03930769450938,0.0,20.137647043487625,68.59114032890888,4.0
26.59666506793354,58.03930769450938,0.0,20.137647043487625,68.59114032890888,4,1,3,3,18,7680.0,26.513512814055385,58.14482602085338,1808.7390655467962,20.106166153649284,68.75417825232955,4.0
26.513512814055385,58.14482602085338,1808.7390655467962,20.106166153649284,68.75417825232955,4,1,1,0,18,7740.0,26.449515453798234,58.080828660596225,1425.6756407027692,20.37884883311548,68.14345760918125,4.0
26.449515453798234,58.080828660596225,1425.6756407027692,20.37884883311548,68.14345760918125,4,0,3,5,20,7800.0,26.45681309824421,58.18145495008208,0.0,20.26970159928542,67.98032387554731,4.0
26.45681309824421,58.18145495008208,0.0,20.26970159928542,67.98032387554731,4,1,2,2,24,7860.0,26.38999937797004,58.279443639336726,1482.149664484118,20.198234020307012,67.56611541032215,4.0
26.38999937797004,58.279443639336726,1482.149664484118,20.198234020307012,67.56611541032215,4,0,1,0,20,7920.0,26.39729298579145,58.37231035704658,0.0,20.30822234766236,67.51902801795751,4.0
26.39729298579145,58.37231035704658,0.0,20.30822234766236,67.51902801795751,4,0,1,6,18,7980.0,26.40459001677018,58.46377753365569,0.0,20.19647684677294,67.98148535256678,4.0
26.40459001677018,58.46377753365569,0.0,20.19647684677294,67.98148535256678,4,1,2,5,21,8040.0,26.316615867101625,58.5589546118448,1905.3442512577635,20.160589238286125,68.33082870724344,4.0
26.316615867101625,58.5589546118448,1905.3442512577635,20.160589238286125,68.33082870724344,4,0,1,0,22,8100.0,26.323910666213997,58.656673352798784,0.0,20.17973485190112,68.69840632323806,4.0
26.323910666213997,58.656673352798784,0.0,20.17973485190112,68.69840632323806,4,1,3,0,26,8160.0,26.27531510602143,58.757090682503176,1117.8150866417698,20.277856440308458,67.49307497578398,3.0
26.27531510602143,58.757090682503176,1117.8150866417698,20.277856440308458,67.49307497578398,3,0,3,5,20,8220.0,26.280948524065906,58.84445052543598,0.0,20.169088670835333,67.61901515583041,3.0
26.280948524065906,58.84445052543598,0.0,20.169088670835333,67.61901515583041,3,0,2,6,21,8280.0,26.286578128737464,58.932196171739925,0.0,20.16226837358298,67.64162825115369,3.0
26.286578128737464,58.932196171739925,0.0,20.16226837358298,67.64162825115369,3,1,3,2,24,8340.0,26.224790419572862,59.01929049253406,1348.3379767886165,20.126625661530472,66.8790355328226,2.0
26.224790419572862,59.01929049253406,1348.3379767886165,20.126625661530472,66.8790355328226,2,1,1,4,29,8400.0,26.28341431707395,59.07791439003515,1366.5125748256282,20.156545638139363,66.56723709265628,1.0
26.28341431707395,59.07791439003515,1366.5125748256282,20.156545638139363,66.56723709265628,1,0,1,0,24,8460.0,26.285710088117987,59.152807617061356,0.0,20.123395699309413,66.6074182556378,2.0
26.285710088117987,59.152807617061356,0.0,20.123395699309413,66.6074182556378,2,1,2,1,26,8520.0,26.225771357527456,59.22735372344712,1277.999735551433,20.285005873358415,66.09833686290825,2.0
26.225771357527456,59.22735372344712,1277.999735551433,20.285005873358415,66.09833686290825,2,1,2,3,19,8580.0,26.135811087494513,59.29606355484174,1878.5782236693944,20.180410124969356,66.17478149620858,2.0
26.135811087494513,59.29606355484174,1878.5782236693944,20.180410124969356,66.17478149620858,2,1,3,2,23,8640.0,26.069793412256093,59.364850734255405,1399.716570793418,19.953502397674114,65.68624542313788,2.0
26.069793412256093,59.364850734255405,1399.716570793418,19.953502397674114,65.68624542313788,2,1,1,6,23,8700.0,25.998779373965775,59.29383669596508,1499.536571796646,19.88453684718402,65.65963920500138,2.0
25.998779373965775,59.29383669596508,1499.536571796646,19.88453684718402,65.65963920500138,2,0,2,2,30,8760.0,26.002742232548215,59.357494721055446,0.0,19.871037824386313,65.30081963619611,2.0
26.002742232548215,59.357494721055446,0.0,19.871037824386313,65.30081963619611,2,1,2,1,18,8820.0,25.918495871035415,59.41692797020685,1764.1727606505376,19.928476459499702,65.05213486962597,2.0
25.918495871035415,59.41692797020685,1764.1727606505376,19.928476459499702,65.05213486962597,2,0,1,5,22,8880.0,25.92246287038836,59.47328003920104,0.0,19.87878884676555,65.08907833768825,2.0
25.92246287038836,59.47328003920104,0.0,19.87878884676555,65.08907833768825,2,1,3,0,21,8940.0,25.857891308360674,59.529438022185914,1370.7354578713598,19.82961218549993,66.17772506146278,2.0
25.857891308360674,59.529438022185914,1370.7354578713598,19.82961218549993,66.17772506146278,2,0,1,5,19,9000.0,25.861857032389914,59.59592089257868,0.0,19.735287909235552,65.71499743741325,2.0
25.861857032389914,59.59592089257868,0.0,19.735287909235552,65.71499743741325,2,1,3,0,26,9060.0,25.91012339461455,59.65711165802703,1107.5978632185547,19.75928725974822,65.44841687288066,2.0
25.91012339461455,59.65711165802703,1107.5978632185547,19.75928725974822,65.44841687288066,2,0,2,1,22,9120.0,25.914085033410057,59.71502471017556,0.0,19.83801488906051,65.67820461703619,3.0
25.914085033410057,59.71502471017556,0.0,19.83801488906051,65.67820461703619,3,1,1,6,18,9180.0,25.828995054713328,59.62993473147883,1814.4155271716538,19.694020004707628,64.70617990222156,4.0
25.828995054713328,59.62993473147883,1814.4155271716538,19.694020004707628,64.70617990222156,4,1,2,4,19,9240.0,25.739706173348026,59.68069718318626,1931.6876439393595,19.686976521749884,64.17121461942362,4.0
25.739706173348026,59.68069718318626,1931.6876439393595,19.686976521749884,64.17121461942362,4,0,2,0,23,9300.0,25.747004415692974,59.72560235754864,0.0,19.827020530229717,64.13100299449563,4.0
25.747004415692974,59.72560235754864,0.0,19.827020530229717,64.13100299449563,4,1,3,4,24,9360.0,25.682541968325005,59.76965636391811,1435.3022914357362,19.879187995146893,63.82324506949882,4.0
25.682541968325005,59.76965636391811,1435.3022914357362,19.879187995146893,63.82324506949882,4,1,3,6,30,9420.0,25.759396453163156,59.81019225097392,1738.6982492647621,19.955590948426916,64.29272052509923,3.0
25.759396453163156,59.81019225097392,1738.6982492647621,19.955590948426916,64.29272052509923,3,1,2,2,23,9480.0,25.68993031801756,59.85501753371517,1502.1201659087683,20.006583746908955,64.58191386333452,3.0
25.68993031801756,59.85501753371517,1502.1201659087683,20.006583746908955,64.58191386333452,3,0,3,5,25,9540.0,25.69557420646519,59.90228649701136,0.0,20.04225050763394,65.70039940186534,3.0
25.69557420646519,59.90228649701136,0.0,20.04225050763394,65.70039940186534,3,0,1,0,26,9600.0,25.701219095675228,59.9602676260599,0.0,19.93979789327641,65.76293345899558,4.0
25.701219095675228,59.9602676260599,0.0,19.93979789327641,65.76293345899558,4,0,1,1,22,9660.0,25.708527048301814,60.018294284389256,0.0,19.88310235084763,66.0614657518726,4.0
25.708527048301814,60.018294284389256,0.0,19.88310235084763,66.0614657518726,4,1,2,3,30,9720.0,25.782877332825255,60.07872599906409,1676.1116336671748,19.765979317150432,66.92652368855819,5.0
25.782877332825255,60.07872599906409,1676.1116336671748,19.765979317150432,66.92652368855819,5,1,2,5,30,9780.0,25.864494804226258,60.14720397595903,1816.284200038106,19.539771287462646,67.59242797832881,5.0
25.864494804226258,60.14720397595903,1816.284200038106,19.539771287462646,67.59242797832881,5,1,3,3,25,9840.0,25.807466681957333,60.221656215982726,1319.6792963673108,19.32071099582253,67.22040805781289,5.0
25.807466681957333,60.221656215982726,1319.6792963673108,19.32071099582253,67.22040805781289,5,0,1,4,20,9900.0,25.816417123434462,60.29164373440103,0.0,19.16410793422087,68.51330337142188,6.0
25.816417123434462,60.29164373440103,0.0,19.16410793422087,68.51330337142188,6,0,1,3,26,9960.0,25.827028713128154,60.37386033077124,0.0,19.244743944282952,68.1910460118421,6.0
25.827028713128154,60.37386033077124,0.0,19.244743944282952,68.1910460118421,6,1,1,6,30,10020.0,25.90049236231506,60.44732397995814,1571.24313364667,19.314751213915574,68.83025145947305,7.0
25.90049236231506,60.44732397995814,1571.24313364667,19.314751213915574,68.83025145947305,7,0,2,0,27,10080.0,25.912772837610113,60.53115325475329,0.0,19.453378822123657,69.41173937259107,7.0
25.912772837610113,60.53115325475329,0.0,19.453378822123657,69.41173937259107,7,1,3,0,29,10140.0,25.97584942423352,60.61995911593167,1269.7974939314436,19.53513317634887,69.74184240108086,7.0
25.97584942423352,60.61995911593167,1269.7974939314436,19.53513317634887,69.74184240108086,7,1,3,2,23,10200.0,25.91863278918362,60.71117794878316,1390.0388901661279,19.60841808931607,69.39378234431184,7.0
25.91863278918362,60.71117794878316,1390.0388901661279,19.60841808931607,69.39378234431184,7,1,3,0,27,10260.0,25.97730145655742,60.798003992738444,1159.4751965949008,19.69364507426794,68.63671143502943,7.0
25.97730145655742,60.798003992738444,1159.4751965949008,19.69364507426794,68.63671143502943,7,0,2,5,30,10320.0,25.989592001344676,60.87639106716135,0.0,19.63176628114245,69.3883859671923,7.0
25.989592001344676,60.87639106716135,0.0,19.63176628114245,69.3883859671923,7,1,1,4,23,10380.0,25.932911297816634,60.819710363633305,1379.3755200806806,19.7184234335207,69.2702566488798,7.0
25.932911297816634,60.819710363633305,1379.3755200806806,19.7184234335207,69.2702566488798,7,1,1,3,22,10440.0,25.876397028239936,60.76319609405661,1376.1423996244564,19.581339229037802,70.0677167529228,8.0
25.876397028239936,60.76319609405661,1376.1423996244564,19.581339229037802,70.0677167529228,8,0,1,0,22,10500.0,25.89035385964663,60.85624130064527,0.0,19.520936240490325,70.1773188467396,8.0
25.89035385964663,60.85624130064527,0.0,19.520936240490325,70.1773188467396,8,1,2,1,30,10560.0,25.96506452066635,60.94945207610622,1518.9077068422623,19.384401167334293,70.2716261748464,8.0
25.96506452066635,60.94945207610622,1518.9077068422623,19.384401167334293,70.2716261748464,8,1,1,3,20,10620.0,25.90436227139099,60.88874982683086,1492.991209938315,19.37590641920483,70.10380418270272,8.0
25.90436227139099,60.88874982683086,1492.991209938315,19.37590641920483,70.10380418270272,8,0,2,0,21,10680.0,25.918311322862586,60.98090037038958,0.0,19.351738622753505,70.27756320065535,8.0
25.918311322862586,60.98090037038958,0.0,19.351738622753505,70.27756320065535,8,0,1,1,19,10740.0,25.932259103772584,61.07386699869223,0.0,19.238016258713273,70.53288690469068,9.0
25.932259103772584,61.07386699869223,0.0,19.238016258713273,70.53288690469068,9,1,2,0,20,10800.0,25.87007251836643,61.16845719775222,1555.935546226355,19.23374673585194,70.38137877510476,9.0
25.87007251836643,61.16845719775222,1555.935546226355,19.23374673585194,70.38137877510476,9,1,2,2,24,10860.0,25.81351340152974,61.26058641352574,1443.4247862121845,19.22825841813231,70.3547211852368,10.0
25.81351340152974,61.26058641352574,1443.4247862121845,19.22825841813231,70.3547211852368,10,0,2,2,20,10920.0,25.830793893030293,61.351527761242856,0.0,19.45030648028443,70.26729036739846,11.0
25.830793893030293,61.351527761242856,0.0,19.45030648028443,70.26729036739846,11,1,2,0,29,10980.0,25.90535397143993,61.44068538730441,1390.1523664181825,19.43359536749456,70.61838682322328,11.0
25.90535397143993,61.44068538730441,1390.1523664181825,19.43359536749456,70.61838682322328,11,1,1,6,18,11040.0,25.833612512412618,61.368943928277105,1813.8480081435955,19.418607564142345,71.17453304816914,10.0
25.833612512412618,61.368943928277105,1813.8480081435955,19.418607564142345,71.17453304816914,10,0,3,1,25,11100.0,25.85089867891434,61.46699981947602,0.0,19.40457594133763,72.18343627256566,9.0
25.85089867891434,61.46699981947602,0.0,19.40457594133763,72.18343627256566,9,1,3,4,19,11160.0,25.77790916918267,61.57416418400692,1772.1593128083464,19.358959106589623,72.43472365975137,9.0
25.77790916918267,61.57416418400692,1772.1593128083464,19.358959106589623,72.43472365975137,9,0,3,0,28,11220.0,25.793528537513918,61.68276977876436,0.0,19.503783708126615,71.74030404655866,9.0
25.793528537513918,61.68276977876436,0.0,19.503783708126615,71.74030404655866,9,1,2,1,21,11280.0,25.731052597793102,61.7833451214423,1561.9922978633767,19.31216727000002,71.22554178896077,9.0
25.731052597793102,61.7833451214423,1561.9922978633767,19.31216727000002,71.22554178896077,9,1,3,6,20,11340.0,25.654683455245067,61.87776708811749,1839.7702607422066,19.332945454872643,71.12095157172725,9.0
25.654683455245067,61.87776708811749,1839.7702607422066,19.332945454872643,71.12095157172725,9,0,2,6,27,11400.0,25.670306063978387,61.970198932953586,0.0,19.34599475684418,70.46535765496883,9.0
25.670306063978387,61.970198932953586,0.0,19.34599475684418,70.46535765496883,9,1,1,6,25,11460.0,25.618750092226886,61.91864296120208,1343.569894158595,19.317032454123417,70.0886377594954,8.0
25.618750092226886,61.91864296120208,1343.569894158595,19.317032454123417,70.0886377594954,8,1,2,1,23,11520.0,25.561457638848434,62.000342909185015,1424.981255810294,19.213117841087374,70.42952935041271,8.0
25.561457638848434,62.000342909185015,1424.981255810294,19.213117841087374,70.42952935041271,8,1,3,3,29,11580.0,25.634712206362224,62.084634773597294,1482.4878043428366,19.29329977010748,69.681896320412,9.0
25.634712206362224,62.084634773597294,1482.4878043428366,19.29329977010748,69.681896320412,9,0,1,0,25,11640.0,25.650334159281016,62.16060738906544,0.0,19.298420161164877,69.06772193779304,9.0
25.650334159281016,62.16060738906544,0.0,19.298420161164877,69.06772193779304,9,0,2,5,28,11700.0,25.665955762147746,62.22967853455272,0.0,19.238485713108226,68.15441219105112,9.0
25.665955762147746,62.22967853455272,0.0,19.238485713108226,68.15441219105112,9,1,1,1,23,11760.0,25.622076712603807,62.18579948500878,1189.9626775127567,19.17135260276176,67.86375767749244,9.0
25.622076712603807,62.18579948500878,1189.9626775127567,19.17135260276176,67.86375767749244,9,1,1,6,29,11820.0,25.698477622347376,62.26220039475235,1519.5650136807526,19.256831402903067,67.59517794625211,9.0
25.698477622347376,62.26220039475235,1519.5650136807526,19.256831402903067,67.59517794625211,9,1,1,0,24,11880.0,25.659850040084194,62.22357281248917,1084.9238811173686,19.287489230417915,68.2987255664595,8.0
25.659850040084194,62.22357281248917,1084.9238811173686,19.287489230417915,68.2987255664595,8,1,2,0,19,11940.0,25.59382474460362,62.28432434002887,1599.5910024050518,19.25434251775309,68.70288253195795,8.0
25.59382474460362,62.28432434002887,1599.5910024050518,19.25434251775309,68.70288253195795,8,1,2,0,19,12000.0,25.527998620962247,62.34850992194816,1595.6294846762173,19.40246617691545,69.08230641487735,8.0
25.527998620962247,62.34850992194816,1595.6294846762173,19.40246617691545,69.08230641487735,8,0,2,6,25,12060.0,25.541961103214113,62.41584788687745,0.0,19.40096825637251,70.07364887568194,8.0
25.541961103214113,62.41584788687745,0.0,19.40096825637251,70.07364887568194,8,1,2,6,30,12120.0,25.63223215147719,62.492425896765496,1907.7270339492993,19.363208598345665,70.70654841786511,7.0
25.63223215147719,62.492425896765496,1907.7270339492993,19.363208598345665,70.70654841786511,7,0,3,0,26,12180.0,25.64452318402542,62.57456712197649,0.0,19.37834832029467,70.34484364370374,7.0
25.64452318402542,62.57456712197649,0.0,19.37834832029467,70.34484364370374,7,1,2,3,18,12240.0,25.561440706545074,62.65226988719377,1907.472099697754,19.52175208674683,70.49103131369775,7.0
25.561440706545074,62.65226988719377,1907.472099697754,19.52175208674683,70.49103131369775,7,0,1,6,26,12300.0,25.573739383591082,62.73065750145881,0.0,19.33874784147846,70.61235348372651,7.0
25.573739383591082,62.73065750145881,0.0,19.33874784147846,70.61235348372651,7,0,1,0,29,12360.0,25.58603155053968,62.80947446128148,0.0,19.307703443424096,70.68594967120576,8.0
25.58603155053968,62.80947446128148,0.0,19.307703443424096,70.68594967120576,8,0,2,6,20,12420.0,25.599988939602778,62.88823921338072,0.0,19.165280376335467,70.58042115360523,8.0
25.599988939602778,62.88823921338072,0.0,19.165280376335467,70.58042115360523,8,0,3,5,25,12480.0,25.613941115984,62.965161032782966,0.0,19.011601424936835,71.45937449853253,8.0
25.613941115984,62.965161032782966,0.0,19.011601424936835,71.45937449853253,8,1,3,2,18,12540.0,25.544355532785115,63.05010316744046,1670.643437517032,19.127263228328335,72.146763142993,8.0
25.544355532785115,63.05010316744046,1670.643437517032,19.127263228328335,72.146763142993,8,1,2,5,24,12600.0,25.477516963127023,63.14106976719599,1615.8266649588834,19.064347609716165,71.99411465513204,7.0
25.477516963127023,63.14106976719599,1615.8266649588834,19.064347609716165,71.99411465513204,7,1,3,4,18,12660.0,25.399127384836923,63.22960021607535,1813.5161195663834,19.070333242150753,72.44232701608574,7.0
25.399127384836923,63.22960021607535,1813.5161195663834,19.070333242150753,72.44232701608574,7,1,1,5,29,12720.0,25.470418606570075,63.3008914378085,1475.0545384476923,19.079212424382533,71.65190528731453,7.0
25.470418606570075,63.3008914378085,1475.0545384476923,19.079212424382533,71.65190528731453,7,0,2,6,25,12780.0,25.482705566364,63.38440157630356,0.0,19.05765563004064,71.78598876222551,7.0
25.482705566364,63.38440157630356,0.0,19.05765563004064,71.78598876222551,7,1,3,0,29,12840.0,25.546729445786788,63.46841744816278,1293.45119384998,19.123267250226665,72.17059640084004,8.0
25.546729445786788,63.46841744816278,1293.45119384998,19.123267250226665,72.17059640084004,8,0,2,0,30,12900.0,25.560681997046935,63.555439237689555,0.0,19.090039980101654,71.86432094966301,8.0
25.560681997046935,63.555439237689555,0.0,19.090039980101654,71.86432094966301,8,0,2,6,29,12960.0,25.57463297564637,63.63852805480929,0.0,19.20268335177626,72.66531727696972,8.0
25.57463297564637,63.63852805480929,0.0,19.20268335177626,72.66531727696972,8,1,3,2,29,13020.0,25.645276632191177,63.728795947030896,1417.2347049733946,19.262118317911057,71.79661479695,8.0
25.645276632191177,63.728795947030896,1417.2347049733946,19.262118317911057,71.79661479695,8,0,2,2,27,13080.0,25.659230526914033,63.80947413553009,0.0,19.44599119927814,71.95633243341089,8.0
25.659230526914033,63.80947413553009,0.0,19.44599119927814,71.95633243341089,8,0,3,3,22,13140.0,25.67319008560311,63.890942718508896,0.0,19.538482548710657,72.59499381575012,8.0
25.67319008560311,63.890942718508896,0.0,19.538482548710657,72.59499381575012,8,1,1,3,20,13200.0,25.613341840522438,63.83109447342822,1476.2084299221788,19.34949511358625,71.47716790088111,8.0
25.613341840522438,63.83109447342822,1476.2084299221788,19.34949511358625,71.47716790088111,8,1,2,1,20,13260.0,25.54661768550056,63.90755520770275,1613.6405359529135,19.322106702268808,72.33775246526075,8.0
25.54661768550056,63.90755520770275,1613.6405359529135,19.322106702268808,72.33775246526075,8,0,3,3,23,13320.0,25.560576868467788,63.99185718027833,0.0,19.304909281680267,71.8679098071701,8.0
25.560576868467788,63.99185718027833,0.0,19.304909281680267,71.8679098071701,8,0,1,5,29,13380.0,25.57453501288156,64.07061770654725,0.0,19.37732611051617,71.19891022837987,8.0
25.57453501288156,64.07061770654725,0.0,19.37732611051617,71.19891022837987,8,0,1,3,19,13440.0,25.58849510591815,64.14190063176558,0.0,19.489776744332897,70.03263755775343,8.0
25.58849510591815,64.14190063176558,0.0,19.489776744332897,70.03263755775343,8,1,3,4,29,13500.0,25.66426485489314,64.20080800102546,1545.159323009402,19.44375814515044,69.98358727428823,8.0
25.66426485489314,64.20080800102546,1545.159323009402,19.44375814515044,69.98358727428823,8,0,2,5,28,13560.0,25.67822417133615,64.25863579375809,0.0,19.391935494739723,70.55500106349646,8.0
25.67822417133615,64.25863579375809,0.0,19.391935494739723,70.55500106349646,8,1,2,0,21,13620.0,25.618146622532922,64.32159944645547,1480.6934502801691,19.410330134989866,71.21512254712279,7.0
25.618146622532922,64.32159944645547,1480.6934502801691,19.410330134989866,71.21512254712279,7,0,2,2,21,13680.0,25.63043969531667,64.39053467746214,0.0,19.310249215585596,71.52147569014002,7.0
25.63043969531667,64.39053467746214,0.0,19.310249215585596,71.52147569014002,7,1,3,2,25,13740.0,25.580321942222348,64.46184408758891,1248.1416015666584,19.389875495538288,71.60463394482758,7.0
25.580321942222348,64.46184408758891,1248.1416015666584,19.389875495538288,71.60463394482758,7,0,3,6,28,13800.0,25.59261559400746,64.5332719861613,0.0,19.468253186103787,71.99392039346651,7.0
25.59261559400746,64.5332719861613,0.0,19.468253186103787,71.99392039346651,7,1,1,2,23,13860.0,25.54278175571034,64.48343814786418,1242.5938576704102,19.522050783086435,71.51748987317336,7.0
25.54278175571034,64.48343814786418,1242.5938576704102,19.522050783086435,71.51748987317336,7,0,3,1,28,13920.0,25.55508106467792,64.55377866511726,0.0,19.494455766547198,71.53123845755947,7.0
25.55508106467792,64.55377866511726,0.0,19.494455766547198,71.53123845755947,7,1,1,1,23,13980.0,25.50817195603987,64.50686955647922,1184.141755895591,19.56589023802299,71.4998391755156,7.0
25.50817195603987,64.50686955647922,1184.141755895591,19.56589023802299,71.4998391755156,7,1,2,3,25,14040.0,25.449720686734267,64.57679925266957,1415.0638649667512,19.51273018259131,71.50778549648956,7.0
25.449720686734267,64.57679925266957,1415.0638649667512,19.51273018259131,71.50778549648956,7,1,2,2,27,14100.0,25.518915524437816,64.64610911510778,1422.3184346755384,19.41384426233899,71.89056833643843,7.0
25.518915524437816,64.64610911510778,1422.3184346755384,19.41384426233899,71.89056833643843,7,0,1,6,21,14160.0,25.531212022062412,64.71855370732108,0.0,19.34138778658487,72.64746546400396,7.0
25.531212022062412,64.71855370732108,0.0,19.34138778658487,72.64746546400396,7,1,2,6,28,14220.0,25.613608313079062,64.79784282488791,1752.565462279132,19.58498705423151,72.34297808341096,7.0
25.613608313079062,64.79784282488791,1752.565462279132,19.58498705423151,72.34297808341096,7,1,3,1,30,14280.0,25.682239923833887,64.87329417747314,1408.3141199196841,19.478813300990012,72.09214404696809,7.0
25.682239923833887,64.87329417747314,1408.3141199196841,19.478813300990012,72.09214404696809,7,0,2,6,30,14340.0,25.694533142946458,64.9454826761681,0.0,19.499878249626406,71.98152129369238,7.0
25.694533142946458,64.9454826761681,0.0,19.499878249626406,71.98152129369238,7,0,1,3,28,14400.0,25.706826654450015,65.01584306234334,0.0,19.404391341468,71.2111423895347,8.0
25.706826654450015,65.01584306234334,0.0,19.404391341468,71.2111423895347,8,0,3,2,24,14460.0,25.720783239939582,65.07779605561525,0.0,19.372328893837317,70.90738193457435,8.0
25.720783239939582,65.07779605561525,0.0,19.372328893837317,70.90738193457435,8,1,2,6,28,14520.0,25.804249447752767,65.13609191440484,1737.7789072847124,19.496322484400793,71.30492946943887,8.0
25.804249447752767,65.13609191440484,1737.7789072847124,19.496322484400793,71.30492946943887,8,1,3,1,18,14580.0,25.737921079906936,65.19778028995519,1605.6954056077223,19.54385952778615,71.43098972026525,8.0
25.737921079906936,65.19778028995519,1605.6954056077223,19.54385952778615,71.43098972026525,8,1,3,5,30,14640.0,25.818601994885455,65.26011238425829,1668.017925756398,19.573317207840184,71.10757156818143,8.0
25.818601994885455,65.26011238425829,1668.017925756398,19.573317207840184,71.10757156818143,8,0,1,6,28,14700.0,25.832560485392552,65.31858697609752,0.0,19.45117016012785,70.46946272663085,9.0
25.832560485392552,65.31858697609752,0.0,19.45117016012785,70.46946272663085,9,0,1,3,27,14760.0,25.848181105715042,65.37009573360285,0.0,19.410027913162246,70.65609118869844,9.0
25.848181105715042,65.37009573360285,0.0,19.410027913162246,70.65609118869844,9,0,2,2,18,14820.0,25.863799833941957,65.4229556881538,0.0,19.408339615170735,70.1268131675263,9.0
25.863799833941957,65.4229556881538,0.0,19.408339615170735,70.1268131675263,9,1,3,1,24,14880.0,25.81628626324749,65.46999426294754,1262.634440410148,19.43415988864085,69.98248408718668,9.0
25.81628626324749,65.46999426294754,1262.634440410148,19.43415988864085,69.98248408718668,9,1,1,1,30,14940.0,25.882692657882185,65.53640065758223,1269.6449711795067,19.586781484520476,70.36623862809533,9.0
25.882692657882185,65.53640065758223,1269.6449711795067,19.586781484520476,70.36623862809533,9,1,2,0,28,15000.0,25.951397665130823,65.58469903728736,1327.0384405270688,19.498976830473907,70.0345321659647,9.0
25.951397665130823,65.58469903728736,1327.0384405270688,19.498976830473907,70.0345321659647,9,1,2,6,22,15060.0,25.87360546687566,65.62919736857414,1868.209017880204,19.548059170888504,70.2807117284527,9.0
25.87360546687566,65.62919736857414,1868.209017880204,19.548059170888504,70.2807117284527,9,1,1,3,30,15120.0,25.94471865609198,65.70031055779046,1387.2676856546498,19.54748110914161,70.84704635511773,9.0
25.94471865609198,65.70031055779046,1387.2676856546498,19.54748110914161,70.84704635511773,9,0,3,6,28,15180.0,25.960338748173747,65.75177791576372,0.0,19.523763570582695,69.76705914172693,9.0
25.960338748173747,65.75177791576372,0.0,19.523763570582695,69.76705914172693,9,1,1,4,29,15240.0,26.031252716005543,65.82269188359552,1382.3796751095751,19.479411129102655,69.70150568691469,9.0
26.031252716005543,65.82269188359552,1382.3796751095751,19.479411129102655,69.70150568691469,9,1,1,0,29,15300.0,26.092805149187303,65.88424431677728,1148.4373641997227,19.351413001740074,69.59090957960507,9.0
26.092805149187303,65.88424431677728,1148.4373641997227,19.351413001740074,69.59090957960507,9,1,3,3,19,15360.0,26.02273277316475,65.92131096940557,1713.619925686097,19.428830953594396,69.36080245006654,9.0
26.02273277316475,65.92131096940557,1713.619925686097,19.428830953594396,69.36080245006654,9,0,1,1,20,15420.0,26.038346309770766,65.95570588421218,0.0,19.43298723285775,69.47527255764882,9.0
26.038346309770766,65.95570588421218,0.0,19.43298723285775,69.47527255764882,9,1,2,6,22,15480.0,25.960209913860098,65.99090155094655,1874.9910121621197,19.397565371266086,69.89436116744854,9.0
25.960209913860098,65.99090155094655,1874.9910121621197,19.397565371266086,69.89436116744854,9,1,2,2,23,15540.0,25.900055799659608,66.02993614711157,1515.3738543147663,19.486410064301943,69.85005811427423,9.0
20.733164521207655,44.46742875654738,0.0,15.66571098526914,65.08531131929406,0,0,1,5,18,60.0,20.733828939423123,44.673607582174846,0.0,15.399089194236767,64.98168659517843,0.0
20.733828939423123,44.673607582174846,0.0,15.399089194236767,64.98168659517843,0,0,3,2,25,120.0,20.734484448098282,44.87668837230488,0.0,15.426097635371544,65.52573282678273,0.0
20.734484448098282,44.87668837230488,0.0,15.426097635371544,65.52573282678273,0,1,3,5,29,180.0,20.812871002972255,45.08317881684966,1943.2541941932432,15.314077755227427,65.15903714132567,0.0
20.812871002972255,45.08317881684966,1943.2541941932432,15.314077755227427,65.15903714132567,0,1,1,4,18,240.0,20.745082430188415,45.01539024406582,1368.7722601783353,15.178765655427014,65.49539277152999,0.0
20.745082430188415,45.01539024406582,1368.7722601783353,15.178765655427014,65.49539277152999,0,0,1,3,21,300.0,20.745730219629255,45.22019026934046,0.0,15.025415594345816,65.19859759183471,0.0
20.745730219629255,45.22019026934046,0.0,15.025415594345816,65.19859759183471,0,0,2,4,30,360.0,20.74637287580841,45.4199743425654,0.0,15.0,64.37575990174784,0.0
20.74637287580841,45.4199743425654,0.0,15.0,64.37575990174784,0,0,1,1,20,420.0,20.74701466337922,45.609532198157225,0.0,15.0,63.65015029361788,0.0
20.74701466337922,45.609532198157225,0.0,15.0,63.65015029361788,0,1,2,2,18,480.0,20.672591281167954,45.78993837911183,1501.3029677830284,15.0,63.608444926244594,0.0
20.672591281167954,45.78993837911183,1501.3029677830284,15.0,63.608444926244594,0,0,2,2,29,540.0,20.673235528125247,45.968123444583156,0.0,15.0,63.37209878738281,0.0
20.673235528125247,45.968123444583156,0.0,15.0,63.37209878738281,0,1,2,5,23,600.0,20.74086004702327,46.142163198011154,1674.5073353906064,15.07590129705822,62.81600563674353,0.0
20.74086004702327,46.142163198011154,1674.5073353906064,15.07590129705822,62.81600563674353,0,0,1,6,29,660.0,20.741504548398268,46.30890162239848,0.0,15.0,62.24501260139719,0.0
20.741504548398268,46.30890162239848,0.0,15.0,62.24501260139719,0,1,2,3,19,720.0,20.66713830755468,46.468262732188464,1500.1638138394803,15.0,63.08137775954387,0.0
20.66713830755468,46.468262732188464,1500.1638138394803,15.0,63.08137775954387,0,1,1,3,24,780.0,20.721448318170385,46.52257274280417,1341.6395473156058,15.0,62.52789912675345,0.0
20.721448318170385,46.52257274280417,1341.6395473156058,15.0,62.52789912675345,0,1,2,5,30,840.0,20.80992659160527,46.682626006643666,2195.891376137221,15.075277537048313,62.44060513175484,0.0
20.80992659160527,46.682626006643666,2195.891376137221,15.075277537048313,62.44060513175484,0,1,2,5,18,900.0,20.725031545251596,46.840205797894775,1710.7444943703952,15.161114860245526,62.623195651906165,0.0
20.725031545251596,46.840205797894775,1710.7444943703952,15.161114860245526,62.623195651906165,0,0,3,5,24,960.0,20.725679414695428,46.99803569643489,0.0,15.27477983088308,62.20355088355193,0.0
20.725679414695428,46.99803569643489,0.0,15.27477983088308,62.20355088355193,0,0,1,1,29,1020.0,20.72633105137597,47.15009084830606,0.0,15.442371709644018,62.483931517554716,0.0
20.72633105137597,47.15009084830606,0.0,15.442371709644018,62.483931517554716,0,0,3,6,21,1080.0,20.726988252731243,47.30342925499854,0.0,15.39402389614458,62.46968695529952,1.0
20.726988252731243,47.30342925499854,0.0,15.39402389614458,62.46968695529952,1,1,3,6,28,1140.0,20.80731130084988,47.45509183200155,1950.0203399297163,15.16043082643907,62.684206739083294,0.0
20.80731130084988,47.45509183200155,1950.0203399297163,15.16043082643907,62.684206739083294,0,1,3,4,23,1200.0,20.866545102999822,47.60738298107237,1464.7174541439078,15.182406634833084,61.96742477760057,1.0
20.866545102999822,47.60738298107237,1464.7174541439078,15.182406634833084,61.96742477760057,1,0,1,6,23,1260.0,20.86885563171755,47.75098339903765,0.0,15.375333634495213,61.91604104685677,1.0
20.86885563171755,47.75098339903765,0.0,15.375333634495213,61.91604104685677,1,0,3,1,19,1320.0,20.871172514317642,47.89263397551584,0.0,15.478925255438417,62.343259922427045,1.0
20.871172514317642,47.89263397551584,0.0,15.478925255438417,62.343259922427045,1,1,2,6,24,1380.0,20.945654714497675,48.03714023498495,1804.048543883224,15.582792806748063,62.24360618629353,1.0
20.945654714497675,48.03714023498495,1804.048543883224,15.582792806748063,62.24360618629353,1,1,3,1,23,1440.0,20.998921490043593,48.17920489449804,1273.6384402377591,15.60317814762062,61.668381292977514,1.0
20.998921490043593,48.17920489449804,1273.6384402377591,15.60317814762062,61.668381292977514,1,0,3,2,20,1500.0,21.001241631932178,48.31409665848284,0.0,15.625302618019496,61.09289571189065,1.0
21.001241631932178,48.31409665848284,0.0,15.625302618019496,61.09289571189065,1,1,1,1,18,1560.0,20.943184174681225,48.256039201231886,1207.5651856764393,15.581132547446401,61.66412098062901,1.0
20.943184174681225,48.256039201231886,1207.5651856764393,15.581132547446401,61.66412098062901,1,1,1,0,26,1620.0,20.99561907127762,48.30847409782828,1252.8407912659388,15.641076115423843,61.75278810171316,1.0
20.99561907127762,48.30847409782828,1252.8407912659388,15.641076115423843,61.75278810171316,1,0,3,2,29,1680.0,20.997940586512424,48.44291723786713,0.0,15.629740636013112,61.8185639218019,1.0
20.997940586512424,48.44291723786713,0.0,15.629740636013112,61.8185639218019,1,0,1,1,21,1740.0,21.000261646514073,48.57667370470648,0.0,15.471216034940127,61.99680247413665,1.0
21.000261646514073,48.57667370470648,0.0,15.471216034940127,61.99680247413665,1,1,3,4,22,1800.0,21.058016654246888,48.71087499240078,1385.9827313300714,15.575088740884345,62.0975672770279,1.0
21.058016654246888,48.71087499240078,1385.9827313300714,15.575088740884345,62.0975672770279,1,1,3,6,25,1860.0,21.128807962351964,48.844741915247056,1711.8518092213476,15.377328413854455,62.33610021040703,1.0
21.128807962351964,48.844741915247056,1711.8518092213476,15.377328413854455,62.33610021040703,1,0,3,5,21,1920.0,21.131116246367014,48.97965549819865,0.0,15.621939813410492,62.69780264809406,1.0
21.131116246367014,48.97965549819865,0.0,15.621939813410492,62.69780264809406,1,0,1,0,30,1980.0,21.13343260715258,49.11683696969761,0.0,15.541501969143491,63.63022688077927,1.0
21.13343260715258,49.11683696969761,0.0,15.541501969143491,63.63022688077927,1,0,3,3,27,2040.0,21.13574620946465,49.261970868808426,0.0,15.471537806936743,63.047385243954054,2.0
21.13574620946465,49.261970868808426,0.0,15.471537806936743,63.047385243954054,2,0,2,3,30,2100.0,21.139724069184567,49.39982501255988,0.0,15.34344006349289,62.54532903157483,2.0
21.139724069184567,49.39982501255988,0.0,15.34344006349289,62.54532903157483,2,0,3,5,20,2160.0,21.143697526384376,49.53128005275003,0.0,15.35633727427408,61.36349626157277,2.0
21.143697526384376,49.53128005275003,0.0,15.35633727427408,61.36349626157277,2,1,1,4,27,2220.0,21.209726406979318,49.59730893334497,1551.3781484169374,15.516806337262183,61.1725519398431,3.0
21.209726406979318,49.59730893334497,1551.3781484169374,15.516806337262183,61.1725519398431,3,0,2,5,28,2280.0,21.215369976310328,49.71306136340995,0.0,15.253222440310862,60.727866806730674,3.0
21.215369976310328,49.71306136340995,0.0,15.253222440310862,60.727866806730674,3,1,3,4,19,2340.0,21.147693850470638,49.82320941784316,1466.2144184364818,15.255064358929516,60.720679000170854,4.0
21.147693850470638,49.82320941784316,1466.2144184364818,15.255064358929516,60.720679000170854,4,1,2,5,26,2400.0,21.229554347936176,49.93218411366644,1863.9229612147021,15.26770113600575,60.11217918377347,5.0
21.229554347936176,49.93218411366644,1863.9229612147021,15.26770113600575,60.11217918377347,5,1,2,4,19,2460.0,21.158495890509876,50.03398406436751,1600.5279130514048,15.188326302701288,60.34673176872301,5.0
21.158495890509876,50.03398406436751,1600.5279130514048,15.188326302701288,60.34673176872301,5,0,3,1,25,2520.0,21.167463551523614,50.137111541411066,0.0,15.3904579169583,60.71668909109052,5.0
21.167463551523614,50.137111541411066,0.0,15.3904579169583,60.71668909109052,5,1,2,2,26,2580.0,21.241995547559775,50.24290731690786,1638.9474055994415,15.264193628454244,61.035417291055595,5.0
21.241995547559775,50.24290731690786,1638.9474055994415,15.264193628454244,61.035417291055595,5,1,1,4,22,2640.0,21.30078216484833,50.301693934196415,1245.4802671464136,15.177995338797073,60.680082781499564,5.0
21.30078216484833,50.301693934196415,1245.4802671464136,15.177995338797073,60.680082781499564,5,0,3,3,29,2700.0,21.309744738620793,50.40547782266945,0.0,15.059838680886832,60.79014737524345,5.0
21.309744738620793,50.40547782266945,0.0,15.059838680886832,60.79014737524345,5,1,2,5,29,2760.0,21.401773840869673,50.509324518195186,2076.7691446034405,15.102035563030178,60.377780385492265,5.0
21.401773840869673,50.509324518195186,2076.7691446034405,15.102035563030178,60.377780385492265,5,0,1,1,28,2820.0,21.41073051626041,50.60800907686816,0.0,15.121067895756635,60.51656115194726,5.0
21.41073051626041,50.60800907686816,0.0,15.121067895756635,60.51656115194726,5,1,3,2,30,2880.0,21.488873559657044,50.70709459761895,1729.650803766245,15.082172931538157,60.82815165881757,5.0
21.488873559657044,50.70709459761895,1729.650803766245,15.082172931538157,60.82815165881757,5,0,2,4,27,2940.0,21.497826669636108,50.80830516823094,0.0,15.183008380907559,60.26732834734277,5.0
21.497826669636108,50.80830516823094,0.0,15.183008380907559,60.26732834734277,5,0,2,2,25,3000.0,21.50678284235982,50.902895400022054,0.0,15.297097978622586,59.5853943805281,5.0
21.50678284235982,50.902895400022054,0.0,15.297097978622586,59.5853943805281,5,1,1,6,22,3060.0,21.56902488414089,50.96513744180312,1332.0591152466118,15.2602176521037,60.05836486084782,5.0
21.56902488414089,50.96513744180312,1332.0591152466118,15.2602176521037,60.05836486084782,5,1,1,0,19,3120.0,21.521558695022804,50.91767125268504,1128.4512442070445,15.242409029342635,59.25282813368357,6.0
21.521558695022804,50.91767125268504,1128.4512442070445,15.242409029342635,59.25282813368357,6,1,3,3,18,3180.0,21.457795793994272,51.00102282149503,1487.7385874601925,15.34174950727693,59.000085065591094,6.0
21.457795793994272,51.00102282149503,1487.7385874601925,15.34174950727693,59.000085065591094,6,1,2,3,27,3240.0,21.538921742726625,51.08101344393599,1762.4120902143954,15.45384853925091,59.32392941472099,7.0
21.538921742726625,51.08101344393599,1762.4120902143954,15.45384853925091,59.32392941472099,7,0,1,2,30,3300.0,21.551218906953178,51.16344260364384,0.0,15.542766635301458,58.49754467484947,7.0
21.551218906953178,51.16344260364384,0.0,15.542766635301458,58.49754467484947,7,0,1,1,18,3360.0,21.56351862521079,51.236783624355894,0.0,15.423871001419634,57.92147470947938,7.0
21.56351862521079,51.236783624355894,0.0,15.423871001419634,57.92147470947938,7,0,3,3,18,3420.0,21.575813970289996,51.30363053520713,0.0,15.27691369904284,58.80010443096745,7.0
21.575813970289996,51.30363053520713,0.0,15.27691369904284,58.80010443096745,7,0,1,1,27,3480.0,21.58810400694762,51.37859527416473,0.0,15.420072589564251,58.438714303245206,8.0
21.58810400694762,51.37859527416473,0.0,15.420072589564251,58.438714303245206,8,1,2,1,27,3540.0,21.666103050469534,51.44919646445553,1600.9494475623,15.436398152193467,57.7047552144258,8.0
21.666103050469534,51.44919646445553,1600.9494475623,15.436398152193467,57.7047552144258,8,1,3,3,20,3600.0,21.611543009409147,51.511752051955234,1370.381017942198,15.420269608827352,58.39089467114909,8.0
21.611543009409147,51.511752051955234,1370.381017942198,15.420269608827352,58.39089467114909,8,0,2,1,28,3660.0,21.625503300295794,51.58054347814717,0.0,15.318777951747444,58.091243276837226,8.0
21.625503300295794,51.58054347814717,0.0,15.318777951747444,58.091243276837226,8,0,1,3,27,3720.0,21.639459742784176,51.64565047613407,0.0,15.39882915573743,57.48631027477316,8.0
21.639459742784176,51.64565047613407,0.0,15.39882915573743,57.48631027477316,8,1,2,4,21,3780.0,21.579116333357252,51.70405707412046,1486.0411014804606,15.370935372193003,57.67874519865702,8.0
21.579116333357252,51.70405707412046,1486.0411014804606,15.370935372193003,57.67874519865702,8,1,1,0,24,3840.0,21.63791782799183,51.76285856875504,1121.0441833321374,15.376814254261935,56.68766239658677,8.0
21.63791782799183,51.76285856875504,1121.0441833321374,15.376814254261935,56.68766239658677,8,1,3,0,19,3900.0,21.58962151717906,51.81210660703336,1245.0854805395506,15.319864898452032,56.96195588442026,8.0
21.58962151717906,51.81210660703336,1245.0854805395506,15.319864898452032,56.96195588442026,8,0,3,5,24,3960.0,21.60357919195844,51.863605099807224,0.0,15.429451078220552,56.88191805300112,8.0
21.60357919195844,51.863605099807224,0.0,15.429451078220552,56.88191805300112,8,0,1,1,18,4020.0,21.61754005435465,51.91378822933916,0.0,15.269083370042242,57.29196092718058,8.0
21.61754005435465,51.91378822933916,0.0,15.269083370042242,57.29196092718058,8,1,2,2,18,4080.0,21.553557223619134,51.967569956317575,1558.7576435874068,15.135859264663635,58.151498815014136,8.0
21.553557223619134,51.967569956317575,1558.7576435874068,15.135859264663635,58.151498815014136,8,0,2,4,21,4140.0,21.567509967020502,52.02940924490454,0.0,15.314379172517627,57.70732749812126,8.0
21.567509967020502,52.02940924490454,0.0,15.314379172517627,57.70732749812126,8,1,2,3,21,4200.0,21.510510286607797,52.08618842743671,1419.1581877244148,15.159350557553495,57.39371387673346,7.0
21.510510286607797,52.08618842743671,1419.1581877244148,15.159350557553495,57.39371387673346,7,1,1,5,29,4260.0,21.591522305566976,52.16720044639589,1718.0931070870126,15.289013874870909,57.02696302263306,8.0
21.591522305566976,52.16720044639589,1718.0931070870126,15.289013874870909,57.02696302263306,8,0,2,5,20,4320.0,21.605478888619285,52.21579807215826,0.0,15.301404699434515,56.715208515887895,8.0
21.605478888619285,52.21579807215826,0.0,15.301404699434515,56.715208515887895,8,1,1,1,22,4380.0,21.662263913813543,52.272583097352516,1070.7123583474875,15.25554467081553,56.51729332755293,8.0
21.662263913813543,52.272583097352516,1070.7123583474875,15.25554467081553,56.51729332755293,8,0,3,1,27,4440.0,21.67621702317211,52.31503019965452,0.0,15.319951525115025,57.730980019742766,8.0
21.67621702317211,52.31503019965452,0.0,15.319951525115025,57.730980019742766,8,1,3,3,28,4500.0,21.75677098525355,52.369189697855404,1664.979273284364,15.236744478341745,57.188496026002525,8.0
21.75677098525355,52.369189697855404,1664.979273284364,15.236744478341745,57.188496026002525,8,0,2,3,22,4560.0,21.77072031770332,52.41738276113688,0.0,15.218680773064227,57.60121977549714,8.0
21.77072031770332,52.41738276113688,0.0,15.218680773064227,57.60121977549714,8,1,1,3,29,4620.0,21.847295926321113,52.49395836975467,1565.6835817320593,15.293448000592011,57.4007890592116,8.0
21.847295926321113,52.49395836975467,1565.6835817320593,15.293448000592011,57.4007890592116,8,1,1,5,26,4680.0,21.921625891574454,52.56828833500801,1509.5440046049305,15.406816850401862,56.73837253136028,8.0
21.921625891574454,52.56828833500801,1509.5440046049305,15.406816850401862,56.73837253136028,8,0,2,4,23,4740.0,21.935575397939747,52.60998917697154,0.0,15.416162699578496,56.93439478329453,8.0
21.935575397939747,52.60998917697154,0.0,15.416162699578496,56.93439478329453,8,0,3,5,26,4800.0,21.9495247508498,52.65323323303477,0.0,15.498223447169364,56.44731106920842,8.0
21.9495247508498,52.65323323303477,0.0,15.498223447169364,56.44731106920842,8,0,1,2,30,4860.0,21.963476374139677,52.691174011396505,0.0,15.709996447470221,55.835032599095875,8.0
21.963476374139677,52.691174011396505,0.0,15.709996447470221,55.835032599095875,8,0,1,3,30,4920.0,21.977434591475454,52.722612597273496,0.0,15.812751718837736,55.19939047453882,8.0
21.977434591475454,52.722612597273496,0.0,15.812751718837736,55.19939047453882,8,1,3,6,22,4980.0,22.048660305781414,52.74738037604615,1431.613426709505,15.667065956012932,54.88700418315002,8.0
22.048660305781414,52.74738037604615,1431.613426709505,15.667065956012932,54.88700418315002,8,1,1,6,29,5040.0,22.13268773584139,52.83140780610613,1751.8370801242081,15.544377496667735,54.79114811840264,8.0
22.13268773584139,52.83140780610613,1751.8370801242081,15.544377496667735,54.79114811840264,8,0,2,6,21,5100.0,22.14663479216675,52.85100520922909,0.0,15.467990957368652,55.03389536607205,9.0
22.14663479216675,52.85100520922909,0.0,15.467990957368652,55.03389536607205,9,1,2,2,20,5160.0,22.089161609224774,52.87283411079752,1461.6778962830056,15.520470214918785,54.5946459705873,9.0
22.089161609224774,52.87283411079752,1461.6778962830056,15.520470214918785,54.5946459705873,9,0,3,2,29,5220.0,22.104775986178296,52.890052229395415,0.0,15.444343762197374,54.50372105205775,9.0
22.104775986178296,52.890052229395415,0.0,15.444343762197374,54.50372105205775,9,0,3,2,18,5280.0,22.120387305104163,52.90618891762204,0.0,15.364496511078615,53.59757366243352,9.0
22.120387305104163,52.90618891762204,0.0,15.364496511078615,53.59757366243352,9,0,2,2,21,5340.0,22.135995442077697,52.91310276507016,0.0,15.16709573085205,53.025606877134756,9.0
22.135995442077697,52.91310276507016,0.0,15.16709573085205,53.025606877134756,9,1,3,3,21,5400.0,22.08475389316842,52.9142278061908,1336.8517117114143,15.131403045472565,52.456674039807865,9.0
22.08475389316842,52.9142278061908,1336.8517117114143,15.131403045472565,52.456674039807865,9,0,3,4,26,5460.0,22.100355448140164,52.90965226852697,0.0,15.128340932332883,51.791508613334514,9.0
22.100355448140164,52.90965226852697,0.0,15.128340932332883,51.791508613334514,9,1,1,5,22,5520.0,22.053142770214198,52.862439590601,1256.2722155087602,15.062545119566332,51.13605260979843,9.0
22.053142770214198,52.862439590601,1256.2722155087602,15.062545119566332,51.13605260979843,9,1,2,6,29,5580.0,22.152817278182773,52.84517572079297,2101.8548639232927,15.046624948407668,51.642524052133325,9.0
22.152817278182773,52.84517572079297,2101.8548639232927,15.046624948407668,51.642524052133325,9,0,3,5,23,5640.0,22.16841373843845,52.83314920410638,0.0,15.06608974879825,51.830625211063385,9.0
22.16841373843845,52.83314920410638,0.0,15.06608974879825,51.830625211063385,9,0,1,2,21,5700.0,22.184010327638795,52.82312396417595,0.0,15.281297084384455,52.72359713519818,9.0
22.184010327638795,52.82312396417595,0.0,15.281297084384455,52.72359713519818,9,1,2,2,28,5760.0,22.26776778326572,52.82212869588617,1703.8553183758395,15.3968461888722,52.97543090458928,9.0
22.26776778326572,52.82212869588617,1703.8553183758395,15.3968461888722,52.97543090458928,9,1,3,6,19,5820.0,22.200189816054067,52.8236617179732,1663.6453965034991,15.516522511370244,53.19149102658117,8.0
22.200189816054067,52.8236617179732,1663.6453965034991,15.516522511370244,53.19149102658117,8,0,2,3,21,5880.0,22.214133693810577,52.827340011059285,0.0,15.541655637416094,53.19575156295036,7.0
22.214133693810577,52.827340011059285,0.0,15.541655637416094,53.19575156295036,7,0,2,6,26,5940.0,22.226411277875364,52.83102412657819,0.0,15.581027805765977,52.8205103685605,8.0
22.226411277875364,52.83102412657819,0.0,15.581027805765977,52.8205103685605,8,1,1,2,29,6000.0,22.2992583269483,52.90387117565113,1472.547379716855,15.659175267652103,53.2370906155734,8.0
22.2992583269483,52.90387117565113,1472.547379716855,15.659175267652103,53.2370906155734,8,1,2,2,25,6060.0,22.37313361552985,52.907203370050354,1498.248950421412,15.648082642137311,52.99378412072164,9.0
22.37313361552985,52.907203370050354,1498.248950421412,15.648082642137311,52.99378412072164,9,0,2,1,23,6120.0,22.388742780497402,52.90806917755707,0.0,15.594248389419576,52.77651291801285,9.0
22.388742780497402,52.90806917755707,0.0,15.594248389419576,52.77651291801285,9,0,1,5,28,6180.0,22.404349630684365,52.90675361496162,0.0,15.67072161803649,52.5084465615068,8.0
22.404349630684365,52.90675361496162,0.0,15.67072161803649,52.5084465615068,8,0,1,1,28,6240.0,22.418291843083942,52.90277054442708,0.0,15.42464679824283,51.858708038664034,8.0
22.418291843083942,52.90277054442708,0.0,15.42464679824283,51.858708038664034,8,0,3,3,30,6300.0,22.432225388249115,52.892329919369445,0.0,15.665685214036424,52.104408178436415,8.0
22.432225388249115,52.892329919369445,0.0,15.665685214036424,52.104408178436415,8,0,1,4,27,6360.0,22.44616650357664,52.88445070196011,0.0,15.601581741195533,51.750289359831875,8.0
22.44616650357664,52.88445070196011,0.0,15.601581741195533,51.750289359831875,8,0,1,6,30,6420.0,22.460105017417895,52.87310908853883,0.0,15.589040188869001,51.06981240343451,8.0
22.460105017417895,52.87310908853883,0.0,15.589040188869001,51.06981240343451,8,0,1,3,21,6480.0,22.474042648590277,52.85507612168779,0.0,15.511205646410597,50.425137253917335,8.0
22.474042648590277,52.85507612168779,0.0,15.511205646410597,50.425137253917335,8,1,2,2,21,6540.0,22.41711287994986,52.83077673301008,1417.2868148069583,15.593017518126103,50.0664935578145,8.0
22.41711287994986,52.83077673301008,1417.2868148069583,15.593017518126103,50.0664935578145,8,0,2,5,26,6600.0,22.43105207677113,52.80313390125813,0.0,15.767467073062093,50.03581053776455,8.0
22.43105207677113,52.80313390125813,0.0,15.767467073062093,50.03581053776455,8,0,2,0,27,6660.0,22.444996623937673,52.77546066762319,0.0,15.746193071255533,49.62409349028618,8.0
22.444996623937673,52.77546066762319,0.0,15.746193071255533,49.62409349028618,8,1,3,5,28,6720.0,22.529216256436754,52.743946995849825,1756.906482104285,15.613018322815716,50.09462676601214,8.0
22.529216256436754,52.743946995849825,1756.906482104285,15.613018322815716,50.09462676601214,8,0,3,0,23,6780.0,22.543152383172302,52.71745379355145,0.0,15.5977453283177,50.33598314629021,8.0
22.543152383172302,52.71745379355145,0.0,15.5977453283177,50.33598314629021,8,0,1,6,30,6840.0,22.557087536270473,52.693639087078836,0.0,15.847275565234634,50.352225362133154,8.0
22.557087536270473,52.693639087078836,0.0,15.847275565234634,50.352225362133154,8,0,3,0,21,6900.0,22.571030542538104,52.67022494982938,0.0,15.723511292621831,50.68000906134407,8.0
22.571030542538104,52.67022494982938,0.0,15.723511292621831,50.68000906134407,8,1,2,6,23,6960.0,22.648707343270388,52.65032279094453,1593.459617682028,15.825530979867759,51.43704431737154,8.0
22.648707343270388,52.65032279094453,1593.459617682028,15.825530979867759,51.43704431737154,8,1,3,6,23,7020.0,22.720851267723187,52.6381900062088,1455.1174249561673,15.863335915780237,51.248436085858046,8.0
22.720851267723187,52.6381900062088,1455.1174249561673,15.863335915780237,51.248436085858046,8,0,2,3,18,7080.0,22.73478935054479,52.6242924670053,0.0,15.903704586297664,50.02116863244837,8.0
22.73478935054479,52.6242924670053,0.0,15.903704586297664,50.02116863244837,8,1,1,1,19,7140.0,22.6864244923408,52.57592760880131,1246.0764409036015,16.00921730345578,49.67802724134169,8.0
22.6864244923408,52.57592760880131,1246.0764409036015,16.00921730345578,49.67802724134169,8,1,2,0,25,7200.0,22.753921166652887,52.546948605126715,1338.814530459552,16.216812714565528,49.56337469757544,7.0
22.753921166652887,52.546948605126715,1338.814530459552,16.216812714565528,49.56337469757544,7,1,1,2,22,7260.0,22.709129979829523,52.502157418303355,1141.465664165909,16.264838773844282,48.91816639118774,7.0
22.709129979829523,52.502157418303355,1141.465664165909,16.264838773844282,48.91816639118774,7,1,2,5,30,7320.0,22.80328778018317,52.4663175080322,2046.8152515127858,16.34846097740657,49.23718832743609,7.0
22.80328778018317,52.4663175080322,2046.8152515127858,16.34846097740657,49.23718832743609,7,0,2,2,24,7380.0,22.815572619289743,52.434026216226236,0.0,16.287953221653588,48.46531948377602,7.0
22.815572619289743,52.434026216226236,0.0,16.287953221653588,48.46531948377602,7,1,2,6,27,7440.0,22.903310445404305,52.394339148901736,1886.3853356954,16.366854946834803,48.90499275728957,7.0
22.903310445404305,52.394339148901736,1886.3853356954,16.366854946834803,48.90499275728957,7,0,2,3,23,7500.0,22.915592563554352,52.359445684985616,0.0,16.51563252637652,48.44116272702483,8.0
22.915592563554352,52.359445684985616,0.0,16.51563252637652,48.44116272702483,8,1,3,0,22,7560.0,22.872028018670004,52.32026285540601,1150.3575909954893,16.570251162548267,48.13003720142597,8.0
22.872028018670004,52.32026285540601,1150.3575909954893,16.570251162548267,48.13003720142597,8,1,2,6,28,7620.0,22.964383898689885,52.27836059886621,1959.9818145437398,16.509125950762634,48.50213016079686,8.0
22.964383898689885,52.27836059886621,1959.9818145437398,16.509125950762634,48.50213016079686,8,0,3,4,24,7680.0,22.97833539009162,52.240598294485515,0.0,16.555816111010326,48.14176659622191,8.0
22.97833539009162,52.240598294485515,0.0,16.555816111010326,48.14176659622191,8,1,2,4,18,7740.0,22.902365965377985,52.19960997750288,1798.4401480865965,16.682470345471373,47.77805243316445,8.0
22.902365965377985,52.19960997750288,1798.4401480865965,16.682470345471373,47.77805243316445,8,1,1,4,19,7800.0,22.84461820429452,52.14186221641941,1434.141957922679,16.561586570908254,47.50916735807673,8.0
22.84461820429452,52.14186221641941,1434.141957922679,16.561586570908254,47.50916735807673,8,1,2,6,28,7860.0,22.93706022777601,52.095535267835984,1962.1197800650275,16.632137909514277,47.637139546615906,8.0
22.93706022777601,52.095535267835984,1962.1197800650275,16.632137909514277,47.637139546615906,8,0,3,6,18,7920.0,22.9510167303654,52.05095131062378,0.0,16.631846394372797,47.23822848589452,8.0
22.9510167303654,52.05095131062378,0.0,16.631846394372797,47.23822848589452,8,0,1,0,23,7980.0,22.964972758020867,52.002824082376485,0.0,16.57883743577231,47.28667742391168,9.0
22.964972758020867,52.002824082376485,0.0,16.57883743577231,47.28667742391168,9,1,2,4,24,8040.0,23.041174098633693,51.95566261579184,1514.5219614224977,16.557042345147956,47.169723431189226,8.0
23.041174098633693,51.95566261579184,1514.5219614224977,16.557042345147956,47.169723431189226,8,1,1,2,18,8100.0,22.986261398804,51.900749915962145,1377.264575424853,16.604993401442087,47.43955081836176,8.0
22.986261398804,51.900749915962145,1377.264575424853,16.604993401442087,47.43955081836176,8,1,1,2,20,8160.0,22.93700313769071,51.85149165484886,1264.24437693422,16.67080689071122,47.47786138587051,8.0
22.93700313769071,51.85149165484886,1264.24437693422,16.67080689071122,47.47786138587051,8,0,1,3,26,8220.0,22.950960931149144,51.80775535215908,0.0,16.561150484237917,48.34479015757966,8.0
22.950960931149144,51.80775535215908,0.0,16.561150484237917,48.34479015757966,8,0,2,0,23,8280.0,22.964914604134247,51.773125700213285,0.0,16.574537671804496,48.25199805727841,8.0
22.964914604134247,51.773125700213285,0.0,16.574537671804496,48.25199805727841,8,1,1,3,27,8340.0,23.034148954646994,51.84236005072603,1382.017410262281,16.58668797278639,47.77412087836709,8.0
23.034148954646994,51.84236005072603,1382.017410262281,16.58668797278639,47.77412087836709,8,1,3,6,23,8400.0,22.976478623434737,51.801677659002436,1432.44165025726,16.520494454794648,47.97362325798902,8.0
22.976478623434737,51.801677659002436,1432.44165025726,16.520494454794648,47.97362325798902,8,1,1,1,20,8460.0,22.9301168342426,51.7553158698103,1206.2651277303237,16.57524710783821,48.33641834573018,8.0
22.9301168342426,51.7553158698103,1206.2651277303237,16.57524710783821,48.33641834573018,8,1,2,5,18,8520.0,22.85058373378998,51.7211268945695,1869.758762568195,16.657127743048907,48.20852270649817,7.0
22.85058373378998,51.7211268945695,1869.758762568195,16.657127743048907,48.20852270649817,7,0,1,1,26,8580.0,22.862877285256953,51.686000852688785,0.0,16.613345510605875,47.33450543793017,7.0
22.862877285256953,51.686000852688785,0.0,16.613345510605875,47.33450543793017,7,1,2,6,18,8640.0,22.778203746118628,51.642485898541196,1939.3044282500423,16.795774261139552,47.37508426396676,6.0
22.778203746118628,51.642485898541196,1939.3044282500423,16.795774261139552,47.37508426396676,6,0,3,6,29,8700.0,22.788837665135794,51.59981188219545,0.0,17.0290778173507,47.57705447200092,5.0
22.788837665135794,51.59981188219545,0.0,17.0290778173507,47.57705447200092,5,1,1,6,29,8760.0,22.86596136187818,51.676935578937844,1703.7255517661733,17.18132248987704,47.7958884486503,5.0
22.86596136187818,51.676935578937844,1703.7255517661733,17.18132248987704,47.7958884486503,5,0,2,1,27,8820.0,22.87493854058245,51.63812510763497,0.0,17.175500546322375,47.882082550885585,5.0
22.87493854058245,51.63812510763497,0.0,17.175500546322375,47.882082550885585,5,0,2,0,21,8880.0,22.88391522598264,51.60056468206748,0.0,17.303861619620903,48.78714675395323,5.0
22.88391522598264,51.60056468206748,0.0,17.303861619620903,48.78714675395323,5,0,1,4,30,8940.0,22.89289589086243,51.57243050278633,0.0,17.28609003299389,48.18860391317808,5.0
22.89289589086243,51.57243050278633,0.0,17.28609003299389,48.18860391317808,5,1,1,4,20,9000.0,22.833196976327915,51.51273158825182,1373.573753451746,17.331610857804055,48.2734123165369,5.0
22.833196976327915,51.51273158825182,1373.573753451746,17.331610857804055,48.2734123165369,5,0,2,1,24,9060.0,22.84218025679063,51.480338395534666,0.0,17.26183429994774,48.57943197377493,5.0
22.84218025679063,51.480338395534666,0.0,17.26183429994774,48.57943197377493,5,0,3,1,18,9120.0,22.8511609119254,51.45132933131707,0.0,17.337529573560523,48.51266910604868,5.0
22.8511609119254,51.45132933131707,0.0,17.337529573560523,48.51266910604868,5,1,3,5,19,9180.0,22.778155425246045,51.421942729064384,1639.7673126948714,17.286143893474666,48.113176226442974,5.0
22.778155425246045,51.421942729064384,1639.7673126948714,17.286143893474666,48.113176226442974,5,1,1,5,27,9240.0,22.847693636298537,51.49148094011687,1513.8652859221222,17.342903229935562,47.93105598541734,5.0
22.847693636298537,51.49148094011687,1513.8652859221222,17.342903229935562,47.93105598541734,5,1,2,1,24,9300.0,22.909980621988186,51.45587669056988,1332.5953009131922,17.206917627488373,47.88588983266226,5.0
22.909980621988186,51.45587669056988,1332.5953009131922,17.206917627488373,47.88588983266226,5,1,2,0,30,9360.0,22.983973233062265,51.42017682199081,1625.401162680709,17.24275628880119,47.82685495470118,4.0
22.983973233062265,51.42017682199081,1625.401162680709,17.24275628880119,47.82685495470118,4,1,3,6,18,9420.0,22.901964154855925,51.38424360331791,1786.354086163952,17.236353913761242,48.41114704322158,4.0
22.901964154855925,51.38424360331791,1786.354086163952,17.236353913761242,48.41114704322158,4,0,2,3,24,9480.0,22.90927530118122,51.35451263771695,0.0,17.087237372236345,48.272461583497936,4.0
22.90927530118122,51.35451263771695,0.0,17.087237372236345,48.272461583497936,4,1,2,3,20,9540.0,22.83754423346118,51.32369212717476,1580.7399957815044,17.08876938514246,47.77902473500033,4.0
22.83754423346118,51.32369212717476,1580.7399957815044,17.08876938514246,47.77902473500033,4,0,1,6,24,9600.0,22.8448526076329,51.28824545325301,0.0,16.957008016129183,47.22128665902771,4.0
22.8448526076329,51.28824545325301,0.0,16.957008016129183,47.22128665902771,4,1,2,1,26,9660.0,22.910507317575284,51.24757586531076,1458.7742857191272,17.074382658059882,47.457263187221656,4.0
22.910507317575284,51.24757586531076,1458.7742857191272,17.074382658059882,47.457263187221656,4,0,2,6,18,9720.0,22.917812780086635,51.20967273852987,0.0,17.12545597015174,47.28536414409608,4.0
22.917812780086635,51.20967273852987,0.0,17.12545597015174,47.28536414409608,4,0,2,6,21,9780.0,22.925119701526302,51.17042965258553,0.0,17.15619291984344,46.57287008820526,4.0
22.925119701526302,51.17042965258553,0.0,17.15619291984344,46.57287008820526,4,0,2,6,24,9840.0,22.932427403966912,51.12445405694173,0.0,17.164092907118672,46.46076231290267,4.0
22.932427403966912,51.12445405694173,0.0,17.164092907118672,46.46076231290267,4,1,3,0,20,9900.0,22.876670950789443,51.07781713950134,1261.2835072181801,17.395221693600607,46.56729492339203,4.0
22.876670950789443,51.07781713950134,1261.2835072181801,17.395221693600607,46.56729492339203,4,1,3,3,28,9960.0,22.947550258308706,51.03271191734025,1589.0505623625677,17.295515660864282,46.03866919238198,4.0
22.947550258308706,51.03271191734025,1589.0505623625677,17.295515660864282,46.03866919238198,4,1,1,1,30,10020.0,23.01167200161301,51.096833660644556,1420.2536114387929,17.34157977105918,46.66401181242124,4.0
23.01167200161301,51.096833660644556,1420.2536114387929,17.34157977105918,46.66401181242124,4,0,2,0,29,10080.0,23.01898299853866,51.05250544216232,0.0,17.335894111072705,47.26408260618445,4.0
23.01898299853866,51.05250544216232,0.0,17.335894111072705,47.26408260618445,4,1,2,2,30,10140.0,23.09752344712627,51.01462121380254,1780.7471220964483,17.365027475404585,48.57271927567043,4.0
23.09752344712627,51.01462121380254,1780.7471220964483,17.365027475404585,48.57271927567043,4,0,2,3,20,10200.0,23.104832363927212,50.99020219442122,0.0,17.280413710941563,48.083103615592215,4.0
23.104832363927212,50.99020219442122,0.0,17.280413710941563,48.083103615592215,4,1,2,3,26,10260.0,23.17532887931434,50.961131208632935,1579.7665668890222,16.99844512327194,47.88733391667572,4.0
23.17532887931434,50.961131208632935,1579.7665668890222,16.99844512327194,47.88733391667572,4,1,3,5,30,10320.0,23.256390828771025,50.93039323571336,1844.196139547139,17.068163385351223,47.33374228173484,4.0
23.256390828771025,50.93039323571336,1844.196139547139,17.068163385351223,47.33374228173484,4,0,1,6,29,10380.0,23.26368455452291,50.89442672617358,0.0,17.125529081678895,47.36261935506845,4.0
23.26368455452291,50.89442672617358,0.0,17.125529081678895,47.36261935506845,4,1,3,3,24,10440.0,23.32344282741754,50.859108652462524,1311.571951926426,16.97018346831257,47.865033929810075,4.0
23.32344282741754,50.859108652462524,1311.571951926426,16.97018346831257,47.865033929810075,4,0,1,2,21,10500.0,23.33073105210557,50.829167905236,0.0,16.912619631492344,46.96706908065805,3.0
23.33073105210557,50.829167905236,0.0,16.912619631492344,46.96706908065805,3,1,1,5,21,10560.0,23.26656691385372,50.76500376698415,1395.670690756598,16.97850454560507,47.2807150872206,3.0
23.26656691385372,50.76500376698415,1395.670690756598,16.97850454560507,47.2807150872206,3,0,1,2,22,10620.0,23.27219064510811,50.73016088018652,0.0,16.99247075837372,47.30836717987321,3.0
23.27219064510811,50.73016088018652,0.0,16.99247075837372,47.30836717987321,3,0,2,0,30,10680.0,23.27781465444522,50.69594294318338,0.0,17.22375706194113,47.30761298723871,3.0
23.27781465444522,50.69594294318338,0.0,17.22375706194113,47.30761298723871,3,0,3,3,28,10740.0,23.283446185858804,50.662059643623934,0.0,17.289742459643158,46.6010860108454,3.0
23.283446185858804,50.662059643623934,0.0,17.289742459643158,46.6010860108454,3,1,2,5,27,10800.0,23.36022939051035,50.621449907296146,1778.7415360605896,17.361527082542786,47.27658296370916,3.0
23.36022939051035,50.621449907296146,1778.7415360605896,17.361527082542786,47.27658296370916,3,0,3,3,30,10860.0,23.365862767100086,50.588001237860276,0.0,17.337754745208073,47.0400292570289,3.0
23.365862767100086,50.588001237860276,0.0,17.337754745208073,47.0400292570289,3,1,1,4,23,10920.0,23.310397575198056,50.532536045958246,1221.951766026005,17.405751261516812,47.51883930472573,3.0
23.310397575198056,50.532536045958246,1221.951766026005,17.405751261516812,47.51883930472573,3,1,3,6,22,10980.0,23.239849415656266,50.50239907854592,1523.693426626661,17.46096313004131,46.86059123507388,3.0
23.239849415656266,50.50239907854592,1523.693426626661,17.46096313004131,46.86059123507388,3,0,2,5,26,11040.0,23.245490119446746,50.4659810001112,0.0,17.44299955989247,46.819252896643945,3.0
23.245490119446746,50.4659810001112,0.0,17.44299955989247,46.819252896643945,3,1,2,3,28,11100.0,23.31945248369842,50.429513719076525,1708.0611817581746,17.35440606734596,47.2073996920176,3.0
23.31945248369842,50.429513719076525,1708.0611817581746,17.35440606734596,47.2073996920176,3,1,3,6,21,11160.0,23.245294939521987,50.39729257880594,1595.840852584437,17.290018866235123,47.76297229961983,3.0
23.245294939521987,50.39729257880594,1595.840852584437,17.290018866235123,47.76297229961983,3,0,2,6,18,11220.0,23.250929763652877,50.370949376014075,0.0,17.500604500671454,48.14505144958578,3.0
23.250929763652877,50.370949376014075,0.0,17.500604500671454,48.14505144958578,3,0,2,6,19,11280.0,23.256571419477446,50.34869039674979,0.0,17.308405904792714,48.612894260747474,3.0
23.256571419477446,50.34869039674979,0.0,17.308405904792714,48.612894260747474,3,1,1,2,24,11340.0,23.307842023504104,50.39996100077644,1140.8885719287405,17.159804452456015,47.79601268956089,3.0
23.307842023504104,50.39996100077644,1140.8885719287405,17.159804452456015,47.79601268956089,3,0,1,2,19,11400.0,23.313470422251736,50.373921517664286,0.0,17.122691380043925,46.64597067480601,3.0
23.313470422251736,50.373921517664286,0.0,17.122691380043925,46.64597067480601,3,0,2,6,23,11460.0,23.319097396283663,50.3366420092357,0.0,17.104261176366315,46.85202614704318,3.0
23.319097396283663,50.3366420092357,0.0,17.104261176366315,46.85202614704318,3,0,3,4,18,11520.0,23.324723568409667,50.30179585061378,0.0,17.043793091353574,45.808491524188426,3.0
23.324723568409667,50.30179585061378,0.0,17.043793091353574,45.808491524188426,3,1,2,1,21,11580.0,23.260024658153274,50.25686280734953,1406.4575848098088,17.054247315908498,45.73614864381725,3.0
23.260024658153274,50.25686280734953,1406.4575848098088,17.054247315908498,45.73614864381725,3,0,1,3,29,11640.0,23.265651132241864,50.211655665714204,0.0,17.05976811680773,45.27122466962093,3.0
23.265651132241864,50.211655665714204,0.0,17.05976811680773,45.27122466962093,3,1,2,0,30,11700.0,23.335440040090635,50.16225135575327,1604.060932065488,16.96217888254292,45.1066850829449,2.0
23.335440040090635,50.16225135575327,1604.060932065488,16.96217888254292,45.1066850829449,2,0,3,1,27,11760.0,23.339394264718717,50.11169569302518,0.0,16.94629231340212,45.6329749014977,2.0
23.339394264718717,50.11169569302518,0.0,16.94629231340212,45.6329749014977,2,1,1,5,19,11820.0,23.26728722090976,50.03958864921623,1521.2121415449199,16.969595721228664,45.01197129352786,1.0
23.26728722090976,50.03958864921623,1521.2121415449199,16.969595721228664,45.01197129352786,1,0,3,1,22,11880.0,23.269577297859772,49.98931247565935,0.0,17.09339651799555,44.80849608561422,1.0
23.269577297859772,49.98931247565935,0.0,17.09339651799555,44.80849608561422,1,0,3,2,30,11940.0,23.27187142516711,49.93750431175889,0.0,17.04773363942336,44.13095305272672,1.0
23.27187142516711,49.93750431175889,0.0,17.04773363942336,44.13095305272672,1,0,2,4,26,12000.0,23.274163953907586,49.87943879916857,0.0,17.003231135697767,43.47617175655555,1.0
23.274163953907586,49.87943879916857,0.0,17.003231135697767,43.47617175655555,1,0,1,3,20,12060.0,23.276454922813645,49.81540612874244,0.0,16.974380731355566,43.68434716975951,1.0
23.276454922813645,49.81540612874244,0.0,16.974380731355566,43.68434716975951,1,1,3,5,19,12120.0,23.19529453987676,49.75409553915261,1669.0062759434381,16.891884481174618,44.002312389101974,1.0
23.19529453987676,49.75409553915261,1669.0062759434381,16.891884481174618,44.002312389101974,1,0,2,6,18,12180.0,23.197584426208135,49.696577707652104,0.0,16.891540775218242,44.632462332961765,1.0
23.197584426208135,49.696577707652104,0.0,16.891540775218242,44.632462332961765,1,0,3,2,24,12240.0,23.199874224753103,49.6459365539052,0.0,16.87261449988361,44.37152699999977,2.0
23.199874224753103,49.6459365539052,0.0,16.87261449988361,44.37152699999977,2,1,3,3,18,12300.0,23.124135380526493,49.59319245836615,1593.8920447156338,16.741915953970018,44.01522745904388,2.0
23.124135380526493,49.59319245836615,1593.8920447156338,16.741915953970018,44.01522745904388,2,0,3,4,26,12360.0,23.128089306545608,49.53741280837293,0.0,16.685804149244326,43.36622321599805,2.0
23.128089306545608,49.53741280837293,0.0,16.685804149244326,43.36622321599805,2,0,2,3,23,12420.0,23.132041230373698,49.47570091244918,0.0,16.44993276440875,42.67516559702649,2.0
23.132041230373698,49.47570091244918,0.0,16.44993276440875,42.67516559702649,2,1,2,5,27,12480.0,23.20758903640038,49.40769555929495,1790.0969077219727,16.429526444800825,41.87925457091112,2.0
23.20758903640038,49.40769555929495,1790.0969077219727,16.429526444800825,41.87925457091112,2,0,3,1,18,12540.0,23.211529767647324,49.332411149411115,0.0,16.396951044894653,41.42041749210638,2.0
23.211529767647324,49.332411149411115,0.0,16.396951044894653,41.42041749210638,2,1,2,4,28,12600.0,23.286860075959076,49.253291212838064,1784.7698567293926,16.443073871044533,41.16270005976569,1.0
23.286860075959076,49.253291212838064,1784.7698567293926,16.443073871044533,41.16270005976569,1,1,1,6,23,12660.0,23.22319965450538,49.18963079138437,1318.6459049373398,16.446357451954665,41.930515549171204,1.0
23.22319965450538,49.18963079138437,1318.6459049373398,16.446357451954665,41.930515549171204,1,0,2,3,24,12720.0,23.225473759765293,49.11703963896223,0.0,16.424905356921073,42.36345184346337,1.0
26.134262615212318,40.59543814814264,0.0,25.082969794566324,74.1270136709668,5,0,1,2,19,60.0,26.143394238784964,40.930753903370885,0.0,24.94464661490081,74.10674435256789,5.0
26.143394238784964,40.930753903370885,0.0,24.94464661490081,74.10674435256789,5,1,3,5,22,120.0,26.06952802950168,41.26251380786285,1659.8583539164663,24.86319635567257,73.78582146118524,4.0
26.06952802950168,41.26251380786285,1659.8583539164663,24.86319635567257,73.78582146118524,4,0,2,4,18,180.0,26.076987818445886,41.587746884396076,0.0,24.948233274957083,74.61246963558283,4.0
26.076987818445886,41.587746884396076,0.0,24.948233274957083,74.61246963558283,4,0,1,5,27,240.0,26.084450193294437,41.917994111907944,0.0,25.019824316569963,75.06834469756896,4.0
26.084450193294437,41.917994111907944,0.0,25.019824316569963,75.06834469756896,4,0,1,5,27,300.0,26.091914705765213,42.249497617764554,0.0,25.065902557341406,75.63490317364034,4.0
26.091914705765213,42.249497617764554,0.0,25.065902557341406,75.63490317364034,4,1,1,0,22,360.0,26.039150718595852,42.19673363059519,1204.5957352882606,25.120763710053524,75.34770193833783,5.0
26.039150718595852,42.19673363059519,1204.5957352882606,25.120763710053524,75.34770193833783,5,0,2,4,27,420.0,26.048286772362236,42.52824331367262,0.0,25.05105478413572,74.68017577836707,5.0
26.048286772362236,42.52824331367262,0.0,25.05105478413572,74.68017577836707,5,1,2,1,19,480.0,25.972218094629685,42.84976263831956,1704.0420666588209,24.97052520287009,74.51375064586618,4.0
25.972218094629685,42.84976263831956,1704.0420666588209,24.97052520287009,74.51375064586618,4,1,3,5,25,540.0,25.907592705166337,43.166402518395024,1441.8399940057907,24.97107098729822,73.7499601751883,4.0
25.907592705166337,43.166402518395024,1441.8399940057907,24.97107098729822,73.7499601751883,4,1,2,6,18,600.0,25.806221876225592,43.472238094962954,2176.792231002974,25.04809764014653,73.34778509627226,4.0
25.806221876225592,43.472238094962954,2176.792231002974,25.04809764014653,73.34778509627226,4,1,3,4,23,660.0,25.73843607322618,43.770993564976045,1505.2106438308892,25.02863794650647,72.79310826968674,4.0
25.73843607322618,43.770993564976045,1505.2106438308892,25.02863794650647,72.79310826968674,4,1,1,5,24,720.0,25.67797980055979,43.71053729230965,1358.652254576636,25.216468185866965,72.53814089197924,4.0
25.67797980055979,43.71053729230965,1358.652254576636,25.216468185866965,72.53814089197924,4,0,1,5,20,780.0,25.6854644168393,43.99881332830635,0.0,25.194112992887298,73.01475157643787,4.0
25.6854644168393,43.99881332830635,0.0,25.194112992887298,73.01475157643787,4,0,2,2,28,840.0,25.6929480384585,44.28897271078766,0.0,25.08232503074804,73.10114113094812,4.0
25.6929480384585,44.28897271078766,0.0,25.08232503074804,73.10114113094812,4,1,1,5,29,900.0,25.758695314262095,44.354719986591256,1456.6907475963437,25.062032635094617,73.07376793311002,4.0
25.758695314262095,44.354719986591256,1456.6907475963437,25.062032635094617,73.07376793311002,4,1,1,1,20,960.0,25.698555516972853,44.29458018930201,1352.3315039987601,25.0199340482933,73.1187887250435,3.0
25.698555516972853,44.29458018930201,1352.3315039987601,25.0199340482933,73.1187887250435,3,1,3,5,20,1020.0,25.61602744500097,44.58282227465943,1766.7756917918837,25.025865324835237,73.48934873148514,3.0
25.61602744500097,44.58282227465943,1766.7756917918837,25.025865324835237,73.48934873148514,3,0,3,1,21,1080.0,25.62184110626363,44.871887539227686,0.0,24.80493017630964,72.82021494576584,2.0
25.288939665318434,48.34985704703199,0.0,30.920735198035285,66.27962168921364,0,0,1,4,30,60.0,25.289960725169525,48.529154693453805,0.0,31.017428432325705,65.59364705307141,0.0
25.289960725169525,48.529154693453805,0.0,31.017428432325705,65.59364705307141,0,0,3,6,28,120.0,25.290984974093096,48.69979961704998,0.0,31.009121873607377,65.70353421814382,1.0
25.290984974093096,48.69979961704998,0.0,31.009121873607377,65.70353421814382,1,1,2,5,30,180.0,25.367802623734132,48.86983696306092,1853.1761269430178,30.897127187424736,65.73711871626101,1.0
25.367802623734132,48.86983696306092,1853.1761269430178,30.897127187424736,65.73711871626101,1,1,1,4,23,240.0,25.30338352668172,48.80541786600851,1342.068157424048,30.98776151096445,65.84243643886853,1.0
25.30338352668172,48.80541786600851,1342.068157424048,30.98776151096445,65.84243643886853,1,0,1,2,19,300.0,25.306073005947862,48.97578805173711,0.0,31.13608739945011,64.53964806102427,1.0
25.306073005947862,48.97578805173711,0.0,31.13608739945011,64.53964806102427,1,1,2,6,29,360.0,25.38269239198242,49.13142665182998,1848.1263055360666,30.858803525140463,65.57477460345787,1.0
25.38269239198242,49.13142665182998,1848.1263055360666,30.858803525140463,65.57477460345787,1,1,1,0,19,420.0,25.319418198040236,49.0681524578878,1319.134619599121,30.892623789027585,65.76425084601742,1.0
25.319418198040236,49.0681524578878,1319.134619599121,30.892623789027585,65.76425084601742,1,1,3,3,29,480.0,25.382015843518893,49.235113441769094,1497.796798973955,30.921415751152185,65.63065506318978,1.0
25.382015843518893,49.235113441769094,1497.796798973955,30.921415751152185,65.63065506318978,1,1,1,4,21,540.0,25.311554442651925,49.164652040902126,1462.9209506111335,30.965606643368606,65.71566017267989,1.0
25.311554442651925,49.164652040902126,1462.9209506111335,30.965606643368606,65.71566017267989,1,0,1,1,29,600.0,25.314242911058617,49.3301621222199,0.0,30.94571116268302,65.75961017785706,1.0
25.314242911058617,49.3301621222199,0.0,30.94571116268302,65.75961017785706,1,1,2,6,18,660.0,25.210405079313876,49.494456602776275,2130.510947062572,30.95025025714976,65.79151604229894,1.0
25.210405079313876,49.494456602776275,2130.510947062572,30.95025025714976,65.79151604229894,1,0,1,5,21,720.0,25.21309640748647,49.6574271971715,0.0,30.980305001989862,64.67330294054635,1.0
25.21309640748647,49.6574271971715,0.0,30.980305001989862,64.67330294054635,1,0,1,5,27,780.0,25.215788647772953,49.80758595460525,0.0,30.915476631059555,64.76409664590027,1.0
25.215788647772953,49.80758595460525,0.0,30.915476631059555,64.76409664590027,1,0,3,1,23,840.0,25.218478637372396,49.9571510615182,0.0,30.825316632348716,63.686613577307426,0.0
25.218478637372396,49.9571510615182,0.0,30.825316632348716,63.686613577307426,0,0,2,5,20,900.0,25.21949886530556,50.094445686676096,0.0,31.011696452338914,63.81333590185167,0.0
25.21949886530556,50.094445686676096,0.0,31.011696452338914,63.81333590185167,0,0,3,3,26,960.0,25.220525271891795,50.23163458882785,0.0,31.07061466737594,64.31515372358612,1.0
25.220525271891795,50.23163458882785,0.0,31.07061466737594,64.31515372358612,1,0,1,0,21,1020.0,25.223220274871643,50.372469780175436,0.0,30.979935891980244,64.25687668081808,1.0
25.223220274871643,50.372469780175436,0.0,30.979935891980244,64.25687668081808,1,0,2,2,19,1080.0,25.225912165392213,50.51131384918186,0.0,31.01011508504553,64.00062998537763,1.0
25.225912165392213,50.51131384918186,0.0,31.01011508504553,64.00062998537763,1,1,3,6,28,1140.0,25.29373886336318,50.64620701054382,1628.3472801744567,31.070649953350046,63.789929933826116,1.0
25.29373886336318,50.64620701054382,1628.3472801744567,31.070649953350046,63.789929933826116,1,0,2,3,22,1200.0,25.29643142706618,50.77764423977664,0.0,31.117076327673626,64.07392720358824,1.0
25.29643142706618,50.77764423977664,0.0,31.117076327673626,64.07392720358824,1,0,1,1,19,1260.0,25.29912544856287,50.91060706941476,0.0,31.111982099767285,63.96083955974786,0.0
25.29912544856287,50.91060706941476,0.0,31.111982099767285,63.96083955974786,0,1,3,4,20,1320.0,25.21666542980432,51.04110939431809,1669.7422796051492,31.0988640843408,63.745339006831394,0.0
25.21666542980432,51.04110939431809,1669.7422796051492,31.0988640843408,63.745339006831394,0,0,3,2,30,1380.0,25.217694836426137,51.168151690443224,0.0,31.261248458767724,62.769888773436705,1.0
25.217694836426137,51.168151690443224,0.0,31.261248458767724,62.769888773436705,1,1,1,1,23,1440.0,25.16207483926793,51.11253169328502,1166.4289789123723,30.970068064295997,62.0475681469025,1.0
25.16207483926793,51.11253169328502,1166.4289789123723,30.970068064295997,62.0475681469025,1,1,2,4,30,1500.0,25.236301663505007,51.2218820578212,1788.3306115727091,30.650505655446995,61.91673635478711,1.0
25.236301663505007,51.2218820578212,1788.3306115727091,30.650505655446995,61.91673635478711,1,1,3,3,19,1560.0,25.15600983296057,51.32883060079086,1659.4460802166918,30.645901282009824,61.26347003395601,1.0
25.15600983296057,51.32883060079086,1659.4460802166918,30.645901282009824,61.26347003395601,1,0,3,5,30,1620.0,25.158692829342204,51.42817699512251,0.0,30.549364335380837,61.075636974358176,0.0
25.158692829342204,51.42817699512251,0.0,30.549364335380837,61.075636974358176,0,0,2,6,28,1680.0,25.15970585172574,51.52465159491487,0.0,30.445631715550704,60.683353478056915,0.0
25.15970585172574,51.52465159491487,0.0,30.445631715550704,60.683353478056915,0,0,2,0,23,1740.0,25.160715382587867,51.61623861374629,0.0,30.4437080394443,61.11676402101524,0.0
25.160715382587867,51.61623861374629,0.0,30.4437080394443,61.11676402101524,0,0,2,6,26,1800.0,25.16172481567643,51.71124386781898,0.0,30.44549981326649,60.57534698972372,0.0
25.16172481567643,51.71124386781898,0.0,30.44549981326649,60.57534698972372,0,1,1,1,30,1860.0,25.214894652730095,51.764413704872645,1304.0094471769876,30.498158349555432,61.12685472705851,0.0
25.214894652730095,51.764413704872645,1304.0094471769876,30.498158349555432,61.12685472705851,0,0,2,2,20,1920.0,25.21590409485332,51.8580381150945,0.0,30.49068325584665,60.37931110107504,1.0
25.21590409485332,51.8580381150945,0.0,30.49068325584665,60.37931110107504,1,0,1,1,19,1980.0,25.218579920825356,51.943250844954306,0.0,30.49993341760802,61.33758573876191,1.0
25.218579920825356,51.943250844954306,0.0,30.49993341760802,61.33758573876191,1,1,1,1,30,2040.0,25.273296948108182,51.99796787223713,1301.024554156669,30.51935070542313,61.456355170558794,1.0
25.273296948108182,51.99796787223713,1301.024554156669,30.51935070542313,61.456355170558794,1,1,3,0,22,2100.0,25.211970249959464,52.09255174522035,1280.03133214595,30.40034416092473,61.39575276358506,1.0
25.211970249959464,52.09255174522035,1280.03133214595,30.40034416092473,61.39575276358506,1,1,3,4,28,2160.0,25.274803594296603,52.185583755404,1504.0099635026754,30.463752254600024,61.59945135240724,1.0
25.274803594296603,52.185583755404,1504.0099635026754,30.463752254600024,61.59945135240724,1,1,3,4,26,2220.0,25.332191077763003,52.279722431374026,1367.8629627764242,30.429029052109797,61.87612117909606,0.0
25.332191077763003,52.279722431374026,1367.8629627764242,30.429029052109797,61.87612117909606,0,1,2,1,24,2280.0,25.26599790380053,52.375686418851245,1343.9280378990693,30.39168539966971,61.445794440022716,0.0
25.26599790380053,52.375686418851245,1343.9280378990693,30.39168539966971,61.445794440022716,0,0,1,2,30,2340.0,25.267002093383724,52.46638749906296,0.0,30.36225268332126,60.87286246147357,0.0
25.267002093383724,52.46638749906296,0.0,30.36225268332126,60.87286246147357,0,0,2,4,24,2400.0,25.26800526840339,52.550452248687066,0.0,30.548787249967383,60.913517247652095,0.0
25.26800526840339,52.550452248687066,0.0,30.548787249967383,60.913517247652095,0,1,2,0,29,2460.0,25.325971415158605,52.634082898676716,1423.9196838957969,30.45415435260865,61.216929803872766,0.0
25.325971415158605,52.634082898676716,1423.9196838957969,30.45415435260865,61.216929803872766,0,1,3,5,29,2520.0,25.3920792665315,52.71991136772868,1627.589465207846,30.358876637008205,61.68161432162242,0.0
25.3920792665315,52.71991136772868,1627.589465207846,30.358876637008205,61.68161432162242,0,0,1,5,23,2580.0,25.393078159777183,52.80952839726761,0.0,30.34311136909986,60.72666673744991,0.0
25.393078159777183,52.80952839726761,0.0,30.34311136909986,60.72666673744991,0,0,1,2,21,2640.0,25.394076494217494,52.888699780669434,0.0,30.454874613260255,60.97759276212986,0.0
25.394076494217494,52.888699780669434,0.0,30.454874613260255,60.97759276212986,0,1,3,5,21,2700.0,25.31122388287259,52.96958871048404,1677.0927589774526,30.403121264368934,61.67888347065139,0.0
25.31122388287259,52.96958871048404,1677.0927589774526,30.403121264368934,61.67888347065139,0,0,1,2,27,2760.0,25.31222694611864,53.056681658085715,0.0,30.48296896541346,61.9386279077254,0.0
25.31222694611864,53.056681658085715,0.0,30.48296896541346,61.9386279077254,0,0,1,2,18,2820.0,25.31323263751928,53.14550112058211,0.0,30.609160374867763,62.062646947154334,0.0
25.31323263751928,53.14550112058211,0.0,30.609160374867763,62.062646947154334,0,0,1,4,24,2880.0,25.314242501777194,53.234672578847835,0.0,30.594983161418348,61.98140343836854,0.0
25.314242501777194,53.234672578847835,0.0,30.594983161418348,61.98140343836854,0,0,2,2,27,2940.0,25.315251859799183,53.32213988744304,0.0,30.507890834431347,61.60902535997634,1.0
25.315251859799183,53.32213988744304,0.0,30.507890834431347,61.60902535997634,1,1,2,1,30,3000.0,25.38013051307831,53.40500874216838,1555.1391328326515,30.40892490568022,61.15070601329457,1.0
25.38013051307831,53.40500874216838,1555.1391328326515,30.40892490568022,61.15070601329457,1,1,2,4,20,3060.0,25.291429669710983,53.48246571487964,1827.3693969416383,30.31390735947324,61.28550786032619,1.0
25.291429669710983,53.48246571487964,1827.3693969416383,30.31390735947324,61.28550786032619,1,1,1,5,26,3120.0,25.3458685114597,53.53690455662836,1294.2856456430634,30.25802573029956,61.61999010118528,1.0
25.3458685114597,53.53690455662836,1294.2856456430634,30.25802573029956,61.61999010118528,1,0,1,0,20,3180.0,25.34853225003366,53.61773541207393,0.0,30.199156560352634,61.36309022483126,1.0
25.34853225003366,53.61773541207393,0.0,30.199156560352634,61.36309022483126,1,1,3,2,29,3240.0,25.40843048946559,53.6951889602015,1430.9137988729638,30.19758776367694,61.227535378507866,1.0
25.40843048946559,53.6951889602015,1430.9137988729638,30.19758776367694,61.227535378507866,1,0,1,5,26,3300.0,25.411090128041398,53.77051242438456,0.0,30.266265312581705,61.68723959288469,1.0
29.664193168045983,46.828245052548965,0.0,34.807955921839294,57.57858381805324,3,0,1,0,21,60.0,29.670197960137777,46.93574844020401,0.0,34.94525222323161,57.508635440544516,4.0
29.670197960137777,46.93574844020401,0.0,34.94525222323161,57.508635440544516,4,1,2,5,26,120.0,29.589110552929363,47.04147731020741,1775.2648470103331,35.059143284379616,56.395667731565474,5.0
29.589110552929363,47.04147731020741,1775.2648470103331,35.059143284379616,56.395667731565474,5,0,3,4,29,180.0,29.598459554020412,47.13501921442099,0.0,35.03554527449292,56.15069572107849,5.0
29.598459554020412,47.13501921442099,0.0,35.03554527449292,56.15069572107849,5,0,3,0,19,240.0,29.60780745687776,47.22517597948757,0.0,35.08991068732098,56.95164511687348,5.0
29.60780745687776,47.22517597948757,0.0,35.08991068732098,56.95164511687348,5,0,3,4,25,300.0,29.617156860318776,47.322440670861425,0.0,35.1800218654272,56.64576118577712,5.0
29.617156860318776,47.322440670861425,0.0,35.1800218654272,56.64576118577712,5,0,2,3,23,360.0,29.626508955818945,47.41567387601058,0.0,35.186612647348255,56.69542227779624,5.0
29.626508955818945,47.41567387601058,0.0,35.186612647348255,56.69542227779624,5,1,3,3,25,420.0,29.55797962470255,47.50847136002844,1557.6266914555483,35.25608593283753,56.71991587955621,5.0
29.55797962470255,47.50847136002844,1557.6266914555483,35.25608593283753,56.71991587955621,5,0,2,1,21,480.0,29.567336228246155,47.600585805223716,0.0,35.27626497599605,57.17159025388487,5.0
29.567336228246155,47.600585805223716,0.0,35.27626497599605,57.17159025388487,5,1,3,5,19,540.0,29.47161797425315,47.696295849710324,2101.504365691923,35.17246693542229,56.34406588633761,6.0
29.47161797425315,47.696295849710324,2101.504365691923,35.17246693542229,56.34406588633761,6,0,2,4,22,600.0,29.482641335885187,47.7827735500766,0.0,35.15547922952047,56.524925041338975,6.0
29.482641335885187,47.7827735500766,0.0,35.15547922952047,56.524925041338975,6,1,1,1,29,660.0,29.439896830308278,47.74002904449969,1075.3386701339723,35.24026201492725,56.54206295766772,6.0
29.439896830308278,47.74002904449969,1075.3386701339723,35.24026201492725,56.54206295766772,6,0,1,0,18,720.0,29.450923509147767,47.828049383631374,0.0,35.15340287449205,55.95827939909557,6.0
29.450923509147767,47.828049383631374,0.0,35.15340287449205,55.95827939909557,6,0,3,0,30,780.0,29.46194692512661,47.909351683786014,0.0,35.175501899266955,55.83175335842964,6.0
29.46194692512661,47.909351683786014,0.0,35.175501899266955,55.83175335842964,6,1,3,0,26,840.0,29.408450356248316,47.98857570053245,1290.4070808819636,35.25247203069987,56.3205601470709,6.0
29.408450356248316,47.98857570053245,1290.4070808819636,35.25247203069987,56.3205601470709,6,0,1,1,22,900.0,29.419478490304133,48.07189554499784,0.0,35.275754336912875,56.138589825397204,6.0
29.419478490304133,48.07189554499784,0.0,35.275754336912875,56.138589825397204,6,0,1,4,28,960.0,29.430507032832352,48.15256248780183,0.0,35.398793118223075,56.33733091334505,6.0
29.430507032832352,48.15256248780183,0.0,35.398793118223075,56.33733091334505,6,0,1,4,24,1020.0,29.4415393090352,48.23441017205726,0.0,35.3108782577961,55.980605658938046,5.0
29.4415393090352,48.23441017205726,0.0,35.3108782577961,55.980605658938046,5,1,2,6,26,1080.0,29.359479617028253,48.31187212692607,1828.4400661047455,35.27755335956399,55.64795429772332,4.0
29.359479617028253,48.31187212692607,1828.4400661047455,35.27755335956399,55.64795429772332,4,0,3,2,22,1140.0,29.367176886153004,48.38523294863404,0.0,35.157533330114234,55.56411451450301,4.0
29.367176886153004,48.38523294863404,0.0,35.157533330114234,55.56411451450301,4,1,2,1,25,1200.0,29.298113290843087,48.45702176429273,1535.1321438276393,35.069260318462106,55.75428331022639,4.0
29.298113290843087,48.45702176429273,1535.1321438276393,35.069260318462106,55.75428331022639,4,0,3,2,22,1260.0,29.305805662410673,48.52999437975207,0.0,35.140821225259415,55.55766510564497,3.0
29.305805662410673,48.52999437975207,0.0,35.140821225259415,55.55766510564497,3,1,1,6,24,1320.0,29.229589627859934,48.45377834520133,1644.8773680566937,35.22068604597853,56.01863340628765,3.0
29.229589627859934,48.45377834520133,1644.8773680566937,35.22068604597853,56.01863340628765,3,1,1,6,30,1380.0,29.28962573137477,48.51381444871616,1350.076674189104,35.293918201502805,56.06536668730777,3.0
29.28962573137477,48.51381444871616,1350.076674189104,35.293918201502805,56.06536668730777,3,0,2,0,27,1440.0,29.29565920779044,48.589329971102075,0.0,35.280551577060606,54.805316346648254,3.0
29.29565920779044,48.589329971102075,0.0,35.280551577060606,54.805316346648254,3,0,1,3,18,1500.0,29.301692037536082,48.651489834857536,0.0,35.34054979731816,54.65067406188738,3.0
29.301692037536082,48.651489834857536,0.0,35.34054979731816,54.65067406188738,3,0,3,1,30,1560.0,29.307726666128076,48.711481677127836,0.0,35.51900990285955,55.05055036472132,3.0
29.307726666128076,48.711481677127836,0.0,35.51900990285955,55.05055036472132,3,1,1,1,26,1620.0,29.252584259737382,48.65633927073714,1223.655649971724,35.47299558578987,55.096466274227126,3.0
29.252584259737382,48.65633927073714,1223.655649971724,35.47299558578987,55.096466274227126,3,1,1,5,27,1680.0,29.189085614303238,48.592840625303,1390.7865162335863,35.532101346034686,54.79717082832927,3.0
29.189085614303238,48.592840625303,1390.7865162335863,35.532101346034686,54.79717082832927,3,0,2,1,25,1740.0,29.195130381494295,48.65488392733326,0.0,35.507235250310096,54.48777477688137,4.0
29.195130381494295,48.65488392733326,0.0,35.507235250310096,54.48777477688137,4,0,1,4,27,1800.0,29.20284078498992,48.71321283582874,0.0,35.40972861388958,54.463488279395335,4.0
29.20284078498992,48.71321283582874,0.0,35.40972861388958,54.463488279395335,4,0,2,2,30,1860.0,29.210547681250883,48.77071559026441,0.0,35.596031398607956,54.75282750242045,4.0
29.210547681250883,48.77071559026441,0.0,35.596031398607956,54.75282750242045,4,1,3,1,25,1920.0,29.148352574278515,48.83053670938597,1398.1591285922384,35.61760500046869,54.96310262477533,4.0
29.148352574278515,48.83053670938597,1398.1591285922384,35.61760500046869,54.96310262477533,4,0,3,3,18,1980.0,29.156068216026053,48.89186236853986,0.0,35.78125341903201,54.64827467560545,5.0
29.156068216026053,48.89186236853986,0.0,35.78125341903201,54.64827467560545,5,1,1,2,22,2040.0,29.090776534605414,48.82657068711922,1493.5837518814328,35.77886384027106,54.984419057214076,5.0
29.090776534605414,48.82657068711922,1493.5837518814328,35.77886384027106,54.984419057214076,5,0,3,0,23,2100.0,29.100166137515604,48.88814917082017,0.0,35.75320205853956,54.42394877638239,6.0
29.100166137515604,48.88814917082017,0.0,35.75320205853956,54.42394877638239,6,0,1,4,22,2160.0,29.11122123871297,48.94350716687579,0.0,35.75994906106528,54.638955538288066,6.0
29.11122123871297,48.94350716687579,0.0,35.75994906106528,54.638955538288066,6,0,1,0,22,2220.0,29.122276196307052,49.00046165058991,0.0,35.56749421698867,54.569261665146435,6.0
29.122276196307052,49.00046165058991,0.0,35.56749421698867,54.569261665146435,6,1,3,1,21,2280.0,29.052121297724238,49.05614965073548,1624.0614503367322,35.55571124522935,54.3449663544214,6.0
29.052121297724238,49.05614965073548,1624.0614503367322,35.55571124522935,54.3449663544214,6,1,1,2,24,2340.0,28.99427808382041,48.998306436831655,1377.866671374833,35.55792117758444,53.72545472426647,5.0
28.99427808382041,48.998306436831655,1377.866671374833,35.55792117758444,53.72545472426647,5,1,2,1,19,2400.0,28.90918156262617,49.045577919706005,1889.6395192806858,35.541630261955845,53.29228641567254,6.0
28.90918156262617,49.045577919706005,1889.6395192806858,35.541630261955845,53.29228641567254,6,0,2,5,22,2460.0,28.920235977582813,49.08804500466567,0.0,35.59878333164592,53.98620940084553,6.0
28.920235977582813,49.08804500466567,0.0,35.59878333164592,53.98620940084553,6,0,3,1,30,2520.0,28.931291929161283,49.13702664862747,0.0,35.77511321167587,53.8575511505509,6.0
28.931291929161283,49.13702664862747,0.0,35.77511321167587,53.8575511505509,6,0,2,0,22,2580.0,28.9423533898707,49.184231893646704,0.0,35.69796849581706,53.69268292550625,6.0
28.9423533898707,49.184231893646704,0.0,35.69796849581706,53.69268292550625,6,0,1,0,25,2640.0,28.953411910374232,49.2293164039653,0.0,35.59783976305606,54.274666837247196,6.0
28.953411910374232,49.2293164039653,0.0,35.59783976305606,54.274666837247196,6,1,1,4,24,2700.0,28.889606488904864,49.16551098249593,1497.2047146224538,35.50174315922395,53.96692725204444,7.0
28.889606488904864,49.16551098249593,1497.2047146224538,35.50174315922395,53.96692725204444,7,0,1,2,27,2760.0,28.90232689346054,49.21352514519142,0.0,35.43538753884721,54.82226112280483,7.0
28.90232689346054,49.21352514519142,0.0,35.43538753884721,54.82226112280483,7,0,1,5,19,2820.0,28.91504466214872,49.269612504967554,0.0,35.46912111873274,54.87349380260136,8.0
28.91504466214872,49.269612504967554,0.0,35.46912111873274,54.87349380260136,8,0,1,0,21,2880.0,28.929429798030608,49.325651317943894,0.0,35.53318384548116,55.77108514717184,8.0
28.929429798030608,49.325651317943894,0.0,35.53318384548116,55.77108514717184,8,0,3,5,28,2940.0,28.94381658983219,49.39010565623617,0.0,35.612529094364604,55.59219169293143,8.0
28.94381658983219,49.39010565623617,0.0,35.612529094364604,55.59219169293143,8,0,3,6,28,3000.0,28.95820554691567,49.45212651660312,0.0,35.54697484078351,55.84174491392139,9.0
28.95820554691567,49.45212651660312,0.0,35.54697484078351,55.84174491392139,9,0,2,0,18,3060.0,28.974258505892134,49.51602270057631,0.0,35.59035418128541,55.087846691626794,9.0
28.974258505892134,49.51602270057631,0.0,35.59035418128541,55.087846691626794,9,0,3,3,23,3120.0,28.99031237574798,49.57174094048681,0.0,35.68719169792076,55.02479548334772,9.0
28.99031237574798,49.57174094048681,0.0,35.68719169792076,55.02479548334772,9,0,3,0,26,3180.0,29.00636893839205,49.626271485915424,0.0,35.7597077112611,54.11977392208371,9.0
29.00636893839205,49.626271485915424,0.0,35.7597077112611,54.11977392208371,9,0,1,6,19,3240.0,29.022427383017813,49.67120651027711,0.0,35.866507217916435,54.419770263066575,9.0
29.022427383017813,49.67120651027711,0.0,35.866507217916435,54.419770263066575,9,0,1,5,23,3300.0,29.038488852345644,49.718692147805,0.0,35.89138072532366,53.8682470393284,9.0
29.038488852345644,49.718692147805,0.0,35.89138072532366,53.8682470393284,9,0,3,2,30,3360.0,29.054550615408075,49.76018769672024,0.0,35.978462480510004,54.2400023744957,9.0
29.054550615408075,49.76018769672024,0.0,35.978462480510004,54.2400023744957,9,1,2,3,29,3420.0,29.001426546180422,49.804985843497995,1383.7639924631571,35.91042821860002,54.08436273255593,9.0
29.001426546180422,49.804985843497995,1383.7639924631571,35.91042821860002,54.08436273255593,9,0,1,1,29,3480.0,29.017490179569503,49.84777961238858,0.0,35.90892283149986,54.14896212527916,9.0
29.017490179569503,49.84777961238858,0.0,35.90892283149986,54.14896212527916,9,1,1,1,24,3540.0,28.967882315603198,49.79817174842228,1313.418234427399,35.82790137481875,54.74988052830977,8.0
28.967882315603198,49.79817174842228,1313.418234427399,35.82790137481875,54.74988052830977,8,0,1,3,21,3600.0,28.982277649571838,49.84768883622115,0.0,35.907471466061104,55.019960382744834,8.0
28.982277649571838,49.84768883622115,0.0,35.907471466061104,55.019960382744834,8,1,1,1,29,3660.0,29.038712372968288,49.9041235596176,1050.9304233974785,36.075194173664805,54.751991259338176,8.0
29.038712372968288,49.9041235596176,1050.9304233974785,36.075194173664805,54.751991259338176,8,1,1,6,30,3720.0,29.107612936858594,49.97302412350791,1362.4836957570612,35.91732490579216,54.6683304546776,8.0
29.107612936858594,49.97302412350791,1362.4836957570612,35.91732490579216,54.6683304546776,8,1,3,1,25,3780.0,29.052395861569046,50.01997718681961,1392.214647103584,35.88633518376184,54.50542291478679,8.0
29.052395861569046,50.01997718681961,1392.214647103584,35.88633518376184,54.50542291478679,8,0,3,2,20,3840.0,29.06679032621312,50.06483164409928,0.0,35.84491410566908,54.03304648878235,7.0
29.06679032621312,50.06483164409928,0.0,35.84491410566908,54.03304648878235,7,1,1,5,22,3900.0,28.99493254390302,49.99297386178918,1691.6743953883201,35.8260490035767,53.62999265207117,7.0
28.99493254390302,49.99297386178918,1691.6743953883201,35.8260490035767,53.62999265207117,7,0,2,0,22,3960.0,29.007660247785008,50.029344049692,0.0,35.61383566230925,53.221544607982096,7.0
29.007660247785008,50.029344049692,0.0,35.61383566230925,53.221544607982096,7,1,2,6,18,4020.0,28.899450578665796,50.0612660552749,2418.5974993272307,35.68749765559931,53.885915323031725,7.0
28.899450578665796,50.0612660552749,2418.5974993272307,35.68749765559931,53.885915323031725,7,1,2,4,26,4080.0,28.8297388248185,50.099512547952465,1648.7604416639372,35.786866750808606,53.93020113193897,7.0
28.8297388248185,50.099512547952465,1648.7604416639372,35.786866750808606,53.93020113193897,7,1,3,1,18,4140.0,28.753449858226034,50.13781943379233,1780.4174171332681,35.715079756013424,53.76907857145439,7.0
28.753449858226034,50.13781943379233,1780.4174171332681,35.715079756013424,53.76907857145439,7,0,2,0,22,4200.0,28.76618191255596,50.17413202516895,0.0,35.629362518624255,54.014985771998376,7.0
28.76618191255596,50.17413202516895,0.0,35.629362518624255,54.014985771998376,7,1,1,4,30,4260.0,28.829871848652697,50.23782196126569,1274.0290852466424,35.54347809079436,53.47390670408438,7.0
28.829871848652697,50.23782196126569,1274.0290852466424,35.54347809079436,53.47390670408438,7,1,1,0,22,4320.0,28.775520955905804,50.1834710685188,1341.4935924326348,35.62244539749593,52.41825960398182,7.0
28.775520955905804,50.1834710685188,1341.4935924326348,35.62244539749593,52.41825960398182,7,0,3,2,24,4380.0,28.788249186720524,50.205818953873425,0.0,35.57214829640527,51.78436532185099,7.0
28.788249186720524,50.205818953873425,0.0,35.57214829640527,51.78436532185099,7,1,3,0,28,4440.0,28.743807631427366,50.2216044175532,1143.3537052696288,35.6336571948202,52.312977192735296,7.0
28.743807631427366,50.2216044175532,1143.3537052696288,35.6336571948202,52.312977192735296,7,0,1,6,30,4500.0,28.75653729307948,50.24251814530502,0.0,35.825389494233946,52.108043374176866,7.0
28.75653729307948,50.24251814530502,0.0,35.825389494233946,52.108043374176866,7,0,2,0,30,4560.0,28.769272921486184,50.26117339759374,0.0,36.03097434745407,51.99710721003578,7.0
28.769272921486184,50.26117339759374,0.0,36.03097434745407,51.99710721003578,7,0,1,4,22,4620.0,28.782014978200383,50.27853273571816,0.0,36.014581749778515,52.19823838236797,7.0
28.782014978200383,50.27853273571816,0.0,36.014581749778515,52.19823838236797,7,1,1,3,27,4680.0,28.73213277069711,50.228650528214885,1252.4658612465219,36.06499113297291,52.27506294701628,7.0
28.73213277069711,50.228650528214885,1252.4658612465219,36.06499113297291,52.27506294701628,7,1,3,1,18,4740.0,28.656138165933797,50.2491146524029,1774.7806675077582,36.187349098948836,52.9425363112081,6.0
28.656138165933797,50.2491146524029,1774.7806675077582,36.187349098948836,52.9425363112081,6,1,3,1,27,4800.0,28.60469044067743,50.276048868990955,1250.6419790826767,36.32170374961104,52.6306782937499,6.0
28.60469044067743,50.276048868990955,1250.6419790826767,36.32170374961104,52.6306782937499,6,0,3,2,23,4860.0,28.615781007787728,50.29959516323854,0.0,36.29861733849125,51.87637356656005,6.0
28.615781007787728,50.29959516323854,0.0,36.29861733849125,51.87637356656005,6,0,3,3,21,4920.0,28.626870435665417,50.31536294727176,0.0,36.3312554392758,52.556892247026454,7.0
28.626870435665417,50.31536294727176,0.0,36.3312554392758,52.556892247026454,7,0,3,4,28,4980.0,28.639627248498872,50.33777824026931,0.0,36.449544933163594,51.784664792484676,7.0
28.639627248498872,50.33777824026931,0.0,36.449544933163594,51.784664792484676,7,1,1,3,29,5040.0,28.699216436416812,50.39736742818725,1170.721433211315,36.5061506790468,51.54292283828277,7.0
28.699216436416812,50.39736742818725,1170.721433211315,36.5061506790468,51.54292283828277,7,0,2,5,30,5100.0,28.711976667558233,50.40882298228821,0.0,36.67106981138024,51.9733778905535,7.0
28.711976667558233,50.40882298228821,0.0,36.67106981138024,51.9733778905535,7,0,1,1,21,5160.0,28.724741970663025,50.42446853137086,0.0,36.57556158256666,51.81062118405603,8.0
28.724741970663025,50.42446853137086,0.0,36.57556158256666,51.81062118405603,8,0,1,4,19,5220.0,28.739170331316757,50.438330057897716,0.0,36.54898813616253,51.42204867146735,7.0
28.739170331316757,50.438330057897716,0.0,36.54898813616253,51.42204867146735,7,1,3,5,25,5280.0,28.670327260563017,50.448167244033414,1632.067960278027,36.62984221199475,50.94299826463625,7.0
28.670327260563017,50.448167244033414,1632.067960278027,36.62984221199475,50.94299826463625,7,0,1,4,29,5340.0,28.683092577728065,50.45311555423944,0.0,36.509982196798454,50.85552458413831,7.0
28.683092577728065,50.45311555423944,0.0,36.509982196798454,50.85552458413831,7,1,2,4,29,5400.0,28.754366167424845,50.45713964453843,1462.8173344035795,36.51907402188409,50.95632074734491,8.0
28.754366167424845,50.45713964453843,1462.8173344035795,36.51907402188409,50.95632074734491,8,1,1,2,22,5460.0,28.695217150726243,50.39799062783983,1471.4901392083666,36.572651525781794,50.8388059955547,9.0
28.695217150726243,50.39799062783983,1471.4901392083666,36.572651525781794,50.8388059955547,9,1,1,0,19,5520.0,28.637075022328595,50.33984849944218,1484.7608575363122,36.588779571113086,51.18283390664333,9.0
28.637075022328595,50.33984849944218,1484.7608575363122,36.588779571113086,51.18283390664333,9,0,3,0,23,5580.0,28.65317341248022,50.348278353514196,0.0,36.725142611883506,50.461514653932326,9.0
28.65317341248022,50.348278353514196,0.0,36.725142611883506,50.461514653932326,9,0,3,4,28,5640.0,28.669275811453534,50.34941071651838,0.0,36.83674827741155,50.76335837458892,8.0
28.669275811453534,50.34941071651838,0.0,36.83674827741155,50.76335837458892,8,0,1,4,25,5700.0,28.6837147272024,50.35355019309908,0.0,36.8703960225086,50.40170585000861,9.0
28.6837147272024,50.35355019309908,0.0,36.8703960225086,50.40170585000861,9,1,3,5,23,5760.0,28.611533180537485,50.354031749668174,1765.7553874951648,36.79634557977659,50.423801348406144,9.0
28.611533180537485,50.354031749668174,1765.7553874951648,36.79634557977659,50.423801348406144,9,1,3,6,20,5820.0,28.525353109830373,50.35472944565555,2045.7246224084302,36.85381761136156,50.79725543438223,9.0
28.525353109830373,50.35472944565555,2045.7246224084302,36.85381761136156,50.79725543438223,9,0,3,3,30,5880.0,28.54146405864709,50.35915470554282,0.0,36.739486048728814,51.17018315745579,9.0
28.54146405864709,50.35915470554282,0.0,36.739486048728814,51.17018315745579,9,1,3,3,29,5940.0,28.609330755311717,50.36726499006195,1294.0023982905716,36.62503778923805,51.06544960002719,9.0
28.609330755311717,50.36726499006195,1294.0023982905716,36.62503778923805,51.06544960002719,9,0,3,5,21,6000.0,28.625431278879514,50.3742468361616,0.0,36.736716970128846,51.21841277883162,9.0
28.625431278879514,50.3742468361616,0.0,36.736716970128846,51.21841277883162,9,0,2,0,25,6060.0,28.641534988402555,50.382688495588305,0.0,36.80391093885769,51.144464476779234,9.0
28.641534988402555,50.382688495588305,0.0,36.80391093885769,51.144464476779234,9,0,3,5,19,6120.0,28.657640400934238,50.39030625540021,0.0,37.04574651421493,51.128884294378494,9.0
28.657640400934238,50.39030625540021,0.0,37.04574651421493,51.128884294378494,9,0,2,5,23,6180.0,28.67375333780468,50.397692035789994,0.0,36.72071316659536,52.184928958004946,9.0
28.67375333780468,50.397692035789994,0.0,36.72071316659536,52.184928958004946,9,1,2,1,26,6240.0,28.61843258011822,50.41556440501214,1428.446460281695,36.76597556959337,52.27959597609503,9.0
28.61843258011822,50.41556440501214,1428.446460281695,36.76597556959337,52.27959597609503,9,0,1,3,26,6300.0,28.63453749821787,50.43420472072297,0.0,36.807914483397504,52.4758089584947,9.0
28.63453749821787,50.43420472072297,0.0,36.807914483397504,52.4758089584947,9,1,3,2,18,6360.0,28.5579738015186,50.454620763100685,1853.389518642181,36.84076512448059,52.951251897030986,9.0
28.5579738015186,50.454620763100685,1853.389518642181,36.84076512448059,52.951251897030986,9,1,1,0,26,6420.0,28.517688293392236,50.41433525497432,1127.89869007593,37.01965705959852,53.55003268045812,9.0
28.517688293392236,50.41433525497432,1127.89869007593,37.01965705959852,53.55003268045812,9,0,2,0,24,6480.0,28.533805025684444,50.44569222922916,0.0,36.972734354140655,53.624032764554585,9.0
28.533805025684444,50.44569222922916,0.0,36.972734354140655,53.624032764554585,9,1,3,3,29,6540.0,28.60169912994708,50.47747563458241,1294.486832125459,36.96736413626418,53.270166821332545,10.0
28.60169912994708,50.47747563458241,1294.486832125459,36.96736413626418,53.270166821332545,10,0,3,6,20,6600.0,28.61947798544729,50.505402546449915,0.0,36.905192970673035,53.13778215126256,10.0
28.61947798544729,50.505402546449915,0.0,36.905192970673035,53.13778215126256,10,1,1,6,22,6660.0,28.550740872494092,50.436665433496714,1730.2660690540738,36.99328102391926,52.253674657753415,10.0
28.550740872494092,50.436665433496714,1730.2660690540738,36.99328102391926,52.253674657753415,10,1,1,0,24,6720.0,28.507145438317906,50.39306999932053,1227.5370436247047,37.07425459889874,52.28305235172296,10.0
28.507145438317906,50.39306999932053,1227.5370436247047,37.07425459889874,52.28305235172296,10,1,1,5,22,6780.0,28.442096179128516,50.32802074013114,1656.696589894869,37.0298126439592,52.410505866481486,11.0
28.442096179128516,50.32802074013114,1656.696589894869,37.0298126439592,52.410505866481486,11,1,3,3,30,6840.0,28.516090599677483,50.34884559139464,1363.5374166701213,37.027722206912934,52.1055270537349,11.0
28.516090599677483,50.34884559139464,1363.5374166701213,37.027722206912934,52.1055270537349,11,0,1,6,23,6900.0,28.535540987397724,50.36641240601804,0.0,36.949834139562284,51.972806664798895,11.0
28.535540987397724,50.36641240601804,0.0,36.949834139562284,51.972806664798895,11,1,2,1,20,6960.0,28.465101176392494,50.38247634860585,1797.7390822060565,37.16110287827667,52.3941028861433,11.0
28.465101176392494,50.38247634860585,1797.7390822060565,37.16110287827667,52.3941028861433,11,1,2,1,26,7020.0,28.41379264107692,50.40259261398122,1415.301374112727,37.144180202229606,52.078243238978466,11.0
28.41379264107692,50.40259261398122,1415.301374112727,37.144180202229606,52.078243238978466,11,1,1,2,19,7080.0,28.35236239089933,50.34116236380363,1617.7585952592306,37.18718911784678,51.6763309148571,11.0
28.35236239089933,50.34116236380363,1617.7585952592306,37.18718911784678,51.6763309148571,11,0,3,4,20,7140.0,28.37182355179023,50.35451404931417,0.0,37.24143954081323,52.30571153473713,11.0
28.37182355179023,50.35451404931417,0.0,37.24143954081323,52.30571153473713,11,0,3,6,20,7200.0,28.391285872323195,50.3740260241684,0.0,37.22798802803091,52.608269202006596,11.0
28.391285872323195,50.3740260241684,0.0,37.22798802803091,52.608269202006596,11,1,1,1,18,7260.0,28.330969970313536,50.31371012215874,1595.5425082969678,37.275164136007966,52.32169553269577,11.0
28.330969970313536,50.31371012215874,1595.5425082969678,37.275164136007966,52.32169553269577,11,1,3,6,18,7320.0,28.242001559141855,50.33378997626411,2168.664352877418,37.228660825792524,52.48269509816269,11.0
28.242001559141855,50.33378997626411,2168.664352877418,37.228660825792524,52.48269509816269,11,0,1,4,22,7380.0,28.26146778111741,50.35527902748309,0.0,37.30741702188361,52.362200685928364,11.0
28.26146778111741,50.35527902748309,0.0,37.30741702188361,52.362200685928364,11,0,3,4,21,7440.0,28.280935979425436,50.375348244067546,0.0,37.33634434299219,52.444842883182154,10.0
22.562426292562478,57.05557353263123,0.0,30.3430620428645,60.20832386506571,3,1,3,2,19,60.0,22.49724264088582,57.08710103595558,1425.52679070003,30.307671070439994,61.0184156115314,3.0
22.49724264088582,57.08710103595558,1425.52679070003,30.307671070439994,61.0184156115314,3,0,2,2,28,120.0,22.50333632183347,57.12641418171133,0.0,30.413274107596564,60.757025003248316,4.0
22.50333632183347,57.12641418171133,0.0,30.413274107596564,60.757025003248316,4,0,3,1,19,180.0,22.511099986426327,57.1627202899267,0.0,30.434386585281032,60.5479005456084,4.0
22.511099986426327,57.1627202899267,0.0,30.434386585281032,60.5479005456084,4,1,1,6,30,240.0,22.590335236014912,57.24195553951529,1786.7785008822889,30.436306927377586,59.789273615322344,4.0
22.590335236014912,57.24195553951529,1786.7785008822889,30.436306927377586,59.789273615322344,4,1,2,3,18,300.0,22.513260111840374,57.26742872027336,1696.733131285029,30.536493968731694,59.78935386902589,4.0
22.513260111840374,57.26742872027336,1696.733131285029,30.536493968731694,59.78935386902589,4,0,1,0,19,360.0,22.52102755296894,57.292647971760886,0.0,30.329466614280353,59.80994362750035,4.0
22.52102755296894,57.292647971760886,0.0,30.329466614280353,59.80994362750035,4,0,1,2,20,420.0,22.528787834270982,57.317820928318284,0.0,30.519578994784432,59.54364663406393,4.0
22.528787834270982,57.317820928318284,0.0,30.519578994784432,59.54364663406393,4,1,1,1,20,480.0,22.477416125911372,57.26644921995867,1182.7613612992266,30.434856889759523,59.663978976992574,4.0
22.477416125911372,57.26644921995867,1182.7613612992266,30.434856889759523,59.663978976992574,4,0,3,4,20,540.0,22.485181373936832,57.29042451752901,0.0,30.45338033737262,60.08024602632107,4.0
22.485181373936832,57.29042451752901,0.0,30.45338033737262,60.08024602632107,4,1,2,2,18,600.0,22.412145882034956,57.318322732616934,1616.021970679831,30.39548816511013,59.538070124933974,4.0
22.412145882034956,57.318322732616934,1616.021970679831,30.39548816511013,59.538070124933974,4,1,3,5,30,660.0,22.495778592268795,57.340520206540106,1896.6649706100968,30.316195035473246,59.870413150065055,4.0
22.495778592268795,57.340520206540106,1896.6649706100968,30.316195035473246,59.870413150065055,4,0,2,6,22,720.0,22.5035392728169,57.36581913597536,0.0,30.36722583609959,60.03117112317883,4.0
22.5035392728169,57.36581913597536,0.0,30.36722583609959,60.03117112317883,4,0,3,1,21,780.0,22.511301395702343,57.39247265584739,0.0,30.505568243955185,60.267769414791445,4.0
22.511301395702343,57.39247265584739,0.0,30.505568243955185,60.267769414791445,4,1,2,0,19,840.0,22.448533967076845,57.42122562343683,1410.6780837421406,30.506636130278686,60.47907520144851,4.0
22.448533967076845,57.42122562343683,1410.6780837421406,30.506636130278686,60.47907520144851,4,0,2,6,27,900.0,22.456302570482286,57.45180411921695,0.0,30.6462623795925,60.86881019373842,4.0
22.456302570482286,57.45180411921695,0.0,30.6462623795925,60.86881019373842,4,1,2,3,22,960.0,22.393501325274425,57.48597417996217,1411.4848773632777,30.73708971285458,60.953781156014365,4.0
22.393501325274425,57.48597417996217,1411.4848773632777,30.73708971285458,60.953781156014365,4,1,3,5,23,1020.0,22.45794731624284,57.520652249722694,1416.6967838873834,30.761889629310183,60.88312389083658,4.0
22.45794731624284,57.520652249722694,1416.6967838873834,30.761889629310183,60.88312389083658,4,0,3,3,24,1080.0,22.465724114319944,57.554276966133834,0.0,30.91172912505207,61.31332436921436,4.0
22.465724114319944,57.554276966133834,0.0,30.91172912505207,61.31332436921436,4,0,1,3,29,1140.0,22.4735056478203,57.59186744016464,0.0,30.735473906447904,61.4533949300788,4.0
22.4735056478203,57.59186744016464,0.0,30.735473906447904,61.4533949300788,4,0,1,4,24,1200.0,22.481281046762255,57.630482715063785,0.0,30.69021692465471,61.144224904786974,4.0
22.481281046762255,57.630482715063785,0.0,30.69021692465471,61.144224904786974,4,0,1,2,26,1260.0,22.489054677958187,57.66562013696102,0.0,30.78092336891072,61.21225840719375,3.0
22.489054677958187,57.66562013696102,0.0,30.78092336891072,61.21225840719375,3,1,3,6,18,1320.0,22.407616036440853,57.70108651966334,1750.9674094740105,30.8350260576614,60.48587046821672,3.0
22.407616036440853,57.70108651966334,1750.9674094740105,30.8350260576614,60.48587046821672,3,0,3,3,19,1380.0,22.41373028344156,57.72893435914887,0.0,30.84057648074931,60.81106012480512,2.0
22.41373028344156,57.72893435914887,0.0,30.84057648074931,60.81106012480512,2,1,2,0,25,1440.0,22.47238489230121,57.759755616805435,1355.1761829935065,30.78318293948103,60.47091220727547,2.0
22.47238489230121,57.759755616805435,1355.1761829935065,30.78318293948103,60.47091220727547,2,0,2,6,19,1500.0,22.47682858556945,57.78686718271013,0.0,30.841002912801045,60.142271571164656,2.0
22.47682858556945,57.78686718271013,0.0,30.841002912801045,60.142271571164656,2,0,3,1,19,1560.0,22.481274058047024,57.81042122659468,0.0,30.7908382449214,60.02016405107682,1.0
22.481274058047024,57.81042122659468,0.0,30.7908382449214,60.02016405107682,1,1,1,1,24,1620.0,22.52924036799802,57.85838753654568,1129.733111952531,30.841844904238506,60.41661673699542,1.0
22.52924036799802,57.85838753654568,1129.733111952531,30.841844904238506,60.41661673699542,1,0,2,1,23,1680.0,22.532017454815897,57.88396982855018,0.0,30.806005455935704,59.46919955320432,1.0
22.532017454815897,57.88396982855018,0.0,30.806005455935704,59.46919955320432,1,0,2,3,29,1740.0,22.534793254415934,57.89982212579672,0.0,30.95787690851779,59.27096264649705,1.0
22.534793254415934,57.89982212579672,0.0,30.95787690851779,59.27096264649705,1,0,1,1,30,1800.0,22.53757402387107,57.91353353100372,0.0,30.924702129307796,59.26431817256072,1.0
22.53757402387107,57.91353353100372,0.0,30.924702129307796,59.26431817256072,1,1,3,1,23,1860.0,22.587621798812776,57.92704137741929,1181.7051001214456,30.90186994017235,58.44605658436084,1.0
22.587621798812776,57.92704137741929,1181.7051001214456,30.90186994017235,58.44605658436084,1,1,2,4,20,1920.0,22.509083501941763,57.93223152948871,1626.30876951452,30.680203388570998,58.38096399011975,1.0
22.509083501941763,57.93223152948871,1626.30876951452,30.680203388570998,58.38096399011975,1,0,3,6,27,1980.0,22.511855872604652,57.93671885409502,0.0,30.699901993569938,58.1479187880022,0.0
22.511855872604652,57.93671885409502,0.0,30.699901993569938,58.1479187880022,0,0,3,1,18,2040.0,22.512962140808686,57.93883085343409,0.0,30.65135718017192,58.1449505747678,0.0
22.512962140808686,57.93883085343409,0.0,30.65135718017192,58.1449505747678,0,1,1,3,19,2100.0,22.44646698782184,57.872335700447245,1351.9953230964995,30.72140688648774,57.767648383571164,0.0
22.44646698782184,57.872335700447245,1351.9953230964995,30.72140688648774,57.767648383571164,0,1,3,1,20,2160.0,22.382761979057793,57.871288827278484,1296.2834685467112,30.6576038699225,57.90882471556099,0.0
22.382761979057793,57.871288827278484,1296.2834685467112,30.6576038699225,57.90882471556099,0,1,3,0,21,2220.0,22.325068545011746,57.87166418616131,1176.0519088481785,30.79478604036726,58.57291807291187,0.0
22.325068545011746,57.87166418616131,1176.0519088481785,30.79478604036726,58.57291807291187,0,1,3,4,30,2280.0,22.39924602130276,57.87867672502882,1826.5454760292248,30.685611097444827,59.00607825532375,1.0
22.39924602130276,57.87867672502882,1826.5454760292248,30.685611097444827,59.00607825532375,1,1,2,1,27,2340.0,22.46401613349828,57.88995074033177,1549.8475006579263,30.724242794240677,59.5022043182014,1.0
22.46401613349828,57.88995074033177,1549.8475006579263,30.724242794240677,59.5022043182014,1,1,2,5,22,2400.0,22.390051413886354,57.90607327611047,1534.801210012371,30.5810698245882,60.914287822902764,1.0
22.390051413886354,57.90607327611047,1534.801210012371,30.5810698245882,60.914287822902764,1,0,3,2,20,2460.0,22.392824447833377,57.93615542157839,0.0,30.666204036805514,60.755673628792024,1.0
22.392824447833377,57.93615542157839,0.0,30.666204036805514,60.755673628792024,1,1,2,1,29,2520.0,22.46265030954447,57.96435060365053,1676.2520597864973,30.68743399857156,60.87596400765532,1.0
22.46265030954447,57.96435060365053,1676.2520597864973,30.68743399857156,60.87596400765532,1,1,1,4,30,2580.0,22.531514108257863,58.033214402363924,1652.240981427332,30.681809638396338,60.34260845391987,0.0
22.531514108257863,58.033214402363924,1652.240981427332,30.681809638396338,60.34260845391987,0,0,2,4,22,2640.0,22.53261911810887,58.05630834287948,0.0,30.61411260929021,59.623807185864095,0.0
22.53261911810887,58.05630834287948,0.0,30.61411260929021,59.623807185864095,0,1,2,2,30,2700.0,22.60623572008677,58.071983331309326,1812.8471382048147,30.62525584256264,59.533711591032144,0.0
22.60623572008677,58.071983331309326,1812.8471382048147,30.62525584256264,59.533711591032144,0,0,1,6,24,2760.0,22.60733635409085,58.086600613906555,0.0,30.667212374161473,59.240317187296604,0.0
22.60733635409085,58.086600613906555,0.0,30.667212374161473,59.240317187296604,0,0,2,4,19,2820.0,22.60843834995819,58.09813777964045,0.0,30.623913783280152,58.51438037886002,0.0
22.60843834995819,58.09813777964045,0.0,30.623913783280152,58.51438037886002,0,0,1,5,29,2880.0,22.609538865805966,58.10230020563265,0.0,30.624506658027926,58.340160876256434,0.0
22.609538865805966,58.10230020563265,0.0,30.624506658027926,58.340160876256434,0,1,2,6,28,2940.0,22.689857603471058,58.10467881233889,1980.4559684671349,30.785756434721826,58.17922734175186,0.0
22.689857603471058,58.10467881233889,1980.4559684671349,30.785756434721826,58.17922734175186,0,1,1,1,22,3000.0,22.636649923889653,58.051471132757484,1086.2175241822306,30.686151940704836,58.79032443180526,0.0
22.636649923889653,58.051471132757484,1086.2175241822306,30.686151940704836,58.79032443180526,0,0,1,0,29,3060.0,22.63775157395688,58.05885966574796,0.0,30.522322349284597,57.965366735791385,0.0
22.63775157395688,58.05885966574796,0.0,30.522322349284597,57.965366735791385,0,0,1,2,19,3120.0,22.638847726316058,58.05792473644839,0.0,30.685086871362753,58.19739686936004,0.0
22.638847726316058,58.05792473644839,0.0,30.685086871362753,58.19739686936004,0,1,2,6,24,3180.0,22.706596062714787,58.059319457777505,1666.1698773473474,30.63530333844495,58.200156900148485,1.0
22.706596062714787,58.059319457777505,1666.1698773473474,30.63530333844495,58.200156900148485,1,0,2,3,23,3240.0,22.70936035295731,58.060727832201216,0.0,30.513388264350734,58.90965899827407,1.0
22.70936035295731,58.060727832201216,0.0,30.513388264350734,58.90965899827407,1,0,3,0,28,3300.0,22.712120487221025,58.06921714386195,0.0,30.567905210472958,58.99974007155731,1.0
22.712120487221025,58.06921714386195,0.0,30.567905210472958,58.99974007155731,1,0,2,2,20,3360.0,22.7148823467118,58.0785223731389,0.0,30.624391623688552,58.75534017238185,2.0
22.7148823467118,58.0785223731389,0.0,30.624391623688552,58.75534017238185,2,0,2,1,21,3420.0,22.7193126636877,58.08529055113133,0.0,30.560685539508686,58.50043982740557,1.0
22.7193126636877,58.08529055113133,0.0,30.560685539508686,58.50043982740557,1,0,2,4,30,3480.0,22.72207404278356,58.089442043894074,0.0,30.645535146398693,57.88248163978727,1.0
22.72207404278356,58.089442043894074,0.0,30.645535146398693,57.88248163978727,1,1,2,5,29,3540.0,22.80367193602533,58.087372439853006,1970.844446791233,30.47582553206975,58.403315006328945,1.0
22.80367193602533,58.087372439853006,1970.844446791233,30.47582553206975,58.403315006328945,1,1,1,5,23,3600.0,22.85691849463847,58.140618998466145,1262.2705039984166,30.479405792073333,58.47238878451273,1.0
22.85691849463847,58.140618998466145,1262.2705039984166,30.479405792073333,58.47238878451273,1,1,3,2,19,3660.0,22.787505399102105,58.14393669632661,1443.3435689256276,30.592150434821896,58.04943176434367,1.0
22.787505399102105,58.14393669632661,1443.3435689256276,30.592150434821896,58.04943176434367,1,1,2,3,20,3720.0,22.711648660309727,58.14299164700678,1572.337872538045,30.64846835750926,58.30079124592452,1.0
22.711648660309727,58.14299164700678,1572.337872538045,30.64846835750926,58.30079124592452,1,0,1,0,18,3780.0,22.7144132209663,58.14456964299596,0.0,30.614492647225433,57.77174578381442,1.0
22.7144132209663,58.14456964299596,0.0,30.614492647225433,57.77174578381442,1,0,1,1,22,3840.0,22.717176556947177,58.14084140440414,0.0,30.617161252282887,58.123080879680316,1.0
22.717176556947177,58.14084140440414,0.0,30.617161252282887,58.123080879680316,1,1,1,4,23,3900.0,22.76861866603368,58.19228351349065,1216.9694065831695,30.684829247761087,58.16383440022053,1.0
22.76861866603368,58.19228351349065,1216.9694065831695,30.684829247761087,58.16383440022053,1,1,2,6,18,3960.0,22.674784926922207,58.19199902235795,1931.9522559506272,30.75724410965185,58.15804160790536,1.0
22.674784926922207,58.19199902235795,1931.9522559506272,30.75724410965185,58.15804160790536,1,0,2,5,27,4020.0,22.677554342228298,58.19165944821342,0.0,30.725227158829778,57.88789884395752,2.0
22.677554342228298,58.19165944821342,0.0,30.725227158829778,57.88789884395752,2,1,3,6,30,4080.0,22.760131459236746,58.18862184217086,1953.5548645306767,30.69015981946392,57.64407930720823,2.0
22.760131459236746,58.18862184217086,1953.5548645306767,30.69015981946392,57.64407930720823,2,0,1,5,28,4140.0,22.764562460182088,58.18317641682123,0.0,30.749411920440007,57.959133305000094,1.0
22.764562460182088,58.18317641682123,0.0,30.749411920440007,57.959133305000094,1,0,1,1,18,4200.0,22.767328621830764,58.18093598570302,0.0,30.79456666956396,58.092394129989195,1.0
22.767328621830764,58.18093598570302,0.0,30.79456666956396,58.092394129989195,1,0,3,4,28,4260.0,22.770096196432355,58.180050567145884,0.0,30.740102795156886,59.019334938158586,1.0
22.770096196432355,58.180050567145884,0.0,30.740102795156886,59.019334938158586,1,0,2,0,23,4320.0,22.77286186331898,58.18844341085601,0.0,30.90644796753376,58.28038061574857,1.0
22.77286186331898,58.18844341085601,0.0,30.90644796753376,58.28038061574857,1,0,3,4,23,4380.0,22.775632982855786,58.18936278290494,0.0,31.03658820656453,56.94478147370678,1.0
22.775632982855786,58.18936278290494,0.0,31.03658820656453,56.94478147370678,1,0,1,6,23,4440.0,22.77840834802991,58.17691696981296,0.0,30.836103737860384,57.45228086264879,1.0
22.77840834802991,58.17691696981296,0.0,30.836103737860384,57.45228086264879,1,1,3,6,21,4500.0,22.70331912803203,58.16967060874131,1557.1561968841386,30.922339354307386,57.259902861043436,0.0
22.70331912803203,58.16967060874131,1557.1561968841386,30.922339354307386,57.259902861043436,0,1,3,4,29,4560.0,22.773849666208235,58.16057293126433,1735.5809375498861,30.918234569137198,57.3875945437361,1.0
22.773849666208235,58.16057293126433,1735.5809375498861,30.918234569137198,57.3875945437361,1,1,1,6,23,4620.0,22.829209136572857,58.215932401628955,1314.6997716964647,30.93288885558063,58.06722092859309,1.0
22.829209136572857,58.215932401628955,1314.6997716964647,30.93288885558063,58.06722092859309,1,1,1,1,30,4680.0,22.889037920043354,58.275761185099455,1426.466520329925,30.84890911484576,57.811668322428694,1.0
22.889037920043354,58.275761185099455,1426.466520329925,30.84890911484576,57.811668322428694,1,1,3,1,18,4740.0,22.819936152089056,58.27112025647275,1437.3419398825038,30.79382111052526,57.29750743140861,1.0
22.819936152089056,58.27112025647275,1437.3419398825038,30.79382111052526,57.29750743140861,1,0,3,6,21,4800.0,22.822701948254338,58.261384128222105,0.0,30.81459769842445,57.54031372148337,0.0
22.822701948254338,58.261384128222105,0.0,30.81459769842445,57.54031372148337,0,0,2,0,27,4860.0,22.823801678112677,58.254173424154715,0.0,30.831111857428787,58.59690628948379,0.0
22.823801678112677,58.254173424154715,0.0,30.831111857428787,58.59690628948379,0,0,1,6,18,4920.0,22.82490192178532,58.257600752808,0.0,30.874150793651708,58.23854548715258,0.0
22.82490192178532,58.257600752808,0.0,30.874150793651708,58.23854548715258,0,0,3,0,26,4980.0,22.826003563414382,58.25741020015145,0.0,31.008013370704976,58.78302214072428,0.0
22.826003563414382,58.25741020015145,0.0,31.008013370704976,58.78302214072428,0,1,3,3,26,5040.0,22.88573984139252,58.26266631955718,1465.7552746140404,31.084147606384327,59.3993458929152,0.0
22.88573984139252,58.26266631955718,1465.7552746140404,31.084147606384327,59.3993458929152,0,1,2,6,20,5100.0,22.797592069603258,58.274033115290756,1785.0877076286167,31.029739475282568,58.700854595743,0.0
22.797592069603258,58.274033115290756,1785.0877076286167,31.029739475282568,58.700854595743,0,0,1,1,29,5160.0,22.798699807850113,58.27830133009528,0.0,31.07618969180399,58.65918849543083,0.0
22.798699807850113,58.27830133009528,0.0,31.07618969180399,58.65918849543083,0,1,1,0,21,5220.0,22.745312307993288,58.22491383023846,1089.9349903925058,31.010149401849226,59.02113295400555,1.0
22.745312307993288,58.22491383023846,1089.9349903925058,31.010149401849226,59.02113295400555,1,0,3,2,24,5280.0,22.748087802563084,58.23287602147613,0.0,30.969273819415346,59.13162063814914,1.0
22.748087802563084,58.23287602147613,0.0,30.969273819415346,59.13162063814914,1,0,1,5,22,5340.0,22.75086184209698,58.24186346764286,0.0,30.81893982004873,58.25541024717444,1.0
22.75086184209698,58.24186346764286,0.0,30.81893982004873,58.25541024717444,1,1,3,6,21,5400.0,22.675871446944083,58.241998935438176,1555.1866217099341,30.938714013711447,58.43133996189773,1.0
22.675871446944083,58.241998935438176,1555.1866217099341,30.938714013711447,58.43133996189773,1,0,2,1,28,5460.0,22.678646875029642,58.24389234570277,0.0,30.93794723350664,58.512589217022274,2.0
22.678646875029642,58.24389234570277,0.0,30.93794723350664,58.512589217022274,2,0,1,1,24,5520.0,22.68308885170826,58.24657931441596,0.0,30.858887311393513,58.55542977284258,2.0
22.68308885170826,58.24657931441596,0.0,30.858887311393513,58.55542977284258,2,0,2,5,24,5580.0,22.68752804499025,58.24966781900023,0.0,30.99363066122858,58.56353500867447,2.0
22.68752804499025,58.24966781900023,0.0,30.99363066122858,58.56353500867447,2,1,1,5,20,5640.0,22.621073056603528,58.18321283061351,1417.9705028118906,31.108097276956148,58.83805591434834,2.0
22.621073056603528,58.18321283061351,1417.9705028118906,31.108097276956148,58.83805591434834,2,0,2,3,28,5700.0,22.62552262407754,58.18976126145086,0.0,31.090660993314895,58.475247186066696,2.0
22.62552262407754,58.18976126145086,0.0,31.090660993314895,58.475247186066696,2,1,1,3,22,5760.0,22.57067308447896,58.134911721852276,1185.9675508844584,31.029978459136256,58.344745441390856,1.0
22.57067308447896,58.134911721852276,1185.9675508844584,31.029978459136256,58.344745441390856,1,0,1,1,21,5820.0,22.57345506132478,58.13701005904766,0.0,30.9153001492736,57.579281625134534,2.0
22.57345506132478,58.13701005904766,0.0,30.9153001492736,57.579281625134534,2,0,2,4,28,5880.0,22.577899789494378,58.13143277470853,0.0,31.036788552291906,57.116925684933946,2.0
22.577899789494378,58.13143277470853,0.0,31.036788552291906,57.116925684933946,2,1,1,4,22,5940.0,22.520614719751322,58.07414770496547,1234.6739873696627,31.136661209300215,56.66182633181999,2.0
22.520614719751322,58.07414770496547,1234.6739873696627,31.136661209300215,56.66182633181999,2,0,2,3,19,6000.0,22.52506858796764,58.06002449123402,0.0,31.177529685527755,55.19372585993093,2.0
22.52506858796764,58.06002449123402,0.0,31.177529685527755,55.19372585993093,2,1,3,0,25,6060.0,22.5789685191107,58.03136150492099,1236.1212276617796,31.205852181388828,54.71426172607362,3.0
22.5789685191107,58.03136150492099,1236.1212276617796,31.205852181388828,54.71426172607362,3,0,3,0,19,6120.0,22.585089415232776,57.99819050713251,0.0,31.34050662771654,53.725655010537324,3.0
22.585089415232776,57.99819050713251,0.0,31.34050662771654,53.725655010537324,3,0,1,0,20,6180.0,22.591214595806527,57.95546515216656,0.0,31.270706462185498,53.499892002076486,3.0
22.591214595806527,57.95546515216656,0.0,31.270706462185498,53.499892002076486,3,1,1,4,28,6240.0,22.65831833050547,58.0225688868655,1524.5271242516083,31.269680329779884,53.78885611511915,3.0
22.65831833050547,58.0225688868655,1524.5271242516083,31.269680329779884,53.78885611511915,3,1,1,3,27,6300.0,22.720424577078617,58.08467513343865,1399.6466959959355,31.3244664285366,54.02196308047441,3.0
22.720424577078617,58.08467513343865,1399.6466959959355,31.3244664285366,54.02196308047441,3,0,1,4,18,6360.0,22.726544711806998,58.04404801290901,0.0,31.262350504192078,53.064028567320186,3.0
22.726544711806998,58.04404801290901,0.0,31.262350504192078,53.064028567320186,3,0,1,6,22,6420.0,22.732662572000077,57.99424781845312,0.0,31.32597408703511,53.23771026907825,3.0
22.732662572000077,57.99424781845312,0.0,31.32597408703511,53.23771026907825,3,1,2,3,21,6480.0,22.663804663177178,57.94668244295937,1499.5537174680055,31.400433047345828,53.17748677139767,3.0
22.663804663177178,57.94668244295937,1499.5537174680055,31.400433047345828,53.17748677139767,3,0,2,0,23,6540.0,22.66992921745665,57.898990486243754,0.0,31.30089808891121,54.20043341915918,3.0
22.66992921745665,57.898990486243754,0.0,31.30089808891121,54.20043341915918,3,1,3,0,26,6600.0,22.72737640547396,57.86200491557291,1283.1538930398842,31.274294363796837,53.8684886663526,3.0
22.72737640547396,57.86200491557291,1283.1538930398842,31.274294363796837,53.8684886663526,3,0,2,0,18,6660.0,22.73349463607257,57.822069753080704,0.0,31.25011257254394,54.33053773077299,3.0
22.73349463607257,57.822069753080704,0.0,31.25011257254394,54.33053773077299,3,0,1,1,28,6720.0,22.739611856670454,57.787154432857626,0.0,31.244476596167164,54.086970706088955,3.0
22.739611856670454,57.787154432857626,0.0,31.244476596167164,54.086970706088955,3,1,3,0,27,6780.0,22.79910153941043,57.75015259558994,1334.321347883125,31.206637326897784,54.51902790211394,3.0
22.79910153941043,57.75015259558994,1334.321347883125,31.206637326897784,54.51902790211394,3,1,3,1,22,6840.0,22.745157718241632,57.71784134865518,1201.1481139009522,31.04533564554009,54.55376696022448,4.0
22.745157718241632,57.71784134865518,1201.1481139009522,31.04533564554009,54.55376696022448,4,1,1,3,22,6900.0,22.693292062399266,57.66597569281281,1192.8465687988937,30.984445913631713,53.98800713567516,4.0
22.693292062399266,57.66597569281281,1192.8465687988937,30.984445913631713,53.98800713567516,4,1,3,6,21,6960.0,22.62351491507123,57.62919600724143,1551.0703824615475,30.861232520965913,54.724527201842314,4.0
22.62351491507123,57.62919600724143,1551.0703824615475,30.861232520965913,54.724527201842314,4,1,1,1,30,7020.0,22.688780124336443,57.694461216506646,1437.2654669587605,30.900091049869175,55.59767330217236,4.0
22.688780124336443,57.694461216506646,1437.2654669587605,30.900091049869175,55.59767330217236,4,0,2,6,26,7080.0,22.696553834700627,57.673493337363304,0.0,30.98802070243712,55.82995175291594,3.0
22.696553834700627,57.673493337363304,0.0,30.98802070243712,55.82995175291594,3,0,2,2,26,7140.0,22.702663550262884,57.65505792151883,0.0,30.908044289658328,56.68667075744123,3.0
22.702663550262884,57.65505792151883,0.0,30.908044289658328,56.68667075744123,3,1,1,4,28,7200.0,22.769484003766898,57.72187837502285,1517.8401869842269,30.91757462957369,57.0771752347448,3.0
22.769484003766898,57.72187837502285,1517.8401869842269,30.91757462957369,57.0771752347448,3,1,2,4,20,7260.0,22.69361879770753,57.71543134362007,1639.4028482712167,30.892292698040904,56.487276430093566,3.0
22.69361879770753,57.71543134362007,1639.4028482712167,30.892292698040904,56.487276430093566,3,1,3,2,28,7320.0,22.760966862680423,57.7031497944848,1531.0360627386945,30.864104845196398,56.05165269302018,2.0
22.760966862680423,57.7031497944848,1531.0360627386945,30.864104845196398,56.05165269302018,2,1,3,1,28,7380.0,22.823705800493716,57.68663482347016,1457.5541636802054,30.854385890814054,56.06128217669574,2.0
22.823705800493716,57.68663482347016,1457.5541636802054,30.854385890814054,56.06128217669574,2,1,2,4,29,7440.0,22.903527883791305,57.670381297002415,1884.6931823644525,30.811001138478797,56.159102440851896,2.0
22.903527883791305,57.670381297002415,1884.6931823644525,30.811001138478797,56.159102440851896,2,0,1,1,24,7500.0,22.907958132899797,57.65526850844091,0.0,30.779505097233322,55.98212674701501,2.0
22.907958132899797,57.65526850844091,0.0,30.779505097233322,55.98212674701501,2,1,2,2,24,7560.0,22.96807017499442,57.63853709082665,1392.0747632286134,30.79644284422759,55.59423375235871,2.0
22.96807017499442,57.63853709082665,1392.0747632286134,30.79644284422759,55.59423375235871,2,0,2,3,23,7620.0,22.972497787416728,57.61809405744197,0.0,30.731008657122082,55.88749133116771,2.0
22.972497787416728,57.61809405744197,0.0,30.731008657122082,55.88749133116771,2,1,1,3,27,7680.0,23.032186326201327,57.67778259622657,1381.5813772235383,30.722794352564797,56.79481591482925,2.0
23.032186326201327,57.67778259622657,1381.5813772235383,30.722794352564797,56.79481591482925,2,0,2,2,25,7740.0,23.03660934646887,57.6689529294126,0.0,30.625314347409738,57.37549137973169,2.0
23.03660934646887,57.6689529294126,0.0,30.625314347409738,57.37549137973169,2,1,3,5,22,7800.0,22.968715625340415,57.666018313915785,1446.2668925697349,30.604579964756137,57.12845923680151,2.0
22.968715625340415,57.666018313915785,1446.2668925697349,30.604579964756137,57.12845923680151,2,1,1,1,24,7860.0,23.01730251800518,57.71460520658055,1104.1424296696282,30.505909196184714,57.45132671034365,1.0
23.01730251800518,57.71460520658055,1104.1424296696282,30.505909196184714,57.45132671034365,1,1,1,6,18,7920.0,22.93874590504427,57.63604859361964,1626.1246636703368,30.48103685377646,57.868821424032944,1.0
22.93874590504427,57.63604859361964,1626.1246636703368,30.48103685377646,57.868821424032944,1,1,3,4,22,7980.0,22.872399453255916,57.63837632192377,1381.9572297329219,30.476574091469814,57.786031937749144,1.0
22.872399453255916,57.63837632192377,1381.9572297329219,30.476574091469814,57.786031937749144,1,1,2,3,22,8040.0,22.803143147630124,57.639852878082024,1440.1955622746582,30.535357603656394,58.07856703897833,1.0
22.803143147630124,57.639852878082024,1440.1955622746582,30.535357603656394,58.07856703897833,1,1,2,2,20,8100.0,22.73065051572481,57.64424001969099,1505.007447743588,30.47643969868663,57.63873013227101,1.0
22.73065051572481,57.64424001969099,1505.007447743588,30.47643969868663,57.63873013227101,1,1,1,6,29,8160.0,22.801709017356693,57.71529852132287,1707.5077164778875,30.388538071791583,57.54595586497458,2.0
22.801709017356693,57.71529852132287,1707.5077164778875,30.388538071791583,57.54595586497458,2,0,1,2,30,8220.0,22.806128578325175,57.71360509475939,0.0,30.356720000038916,57.412947517194404,2.0
22.806128578325175,57.71360509475939,0.0,30.356720000038916,57.412947517194404,2,1,2,4,25,8280.0,22.87446528106699,57.71059851898374,1597.9587423605874,30.202257883178174,58.84998886619936,2.0
22.87446528106699,57.71059851898374,1597.9587423605874,30.202257883178174,58.84998886619936,2,1,2,3,25,8340.0,22.939942683311315,57.72199242245589,1526.6618956063778,30.376950346896738,58.546950178146716,2.0
22.939942683311315,57.72199242245589,1526.6618956063778,30.376950346896738,58.546950178146716,2,1,3,4,29,8400.0,23.013155801549495,57.7302420000128,1719.963782901453,30.24177061910746,58.176853860015264,1.0
23.013155801549495,57.7302420000128,1719.963782901453,30.24177061910746,58.176853860015264,1,1,1,5,30,8460.0,23.083363865872872,57.800450064336175,1686.6777624031565,30.408048348025407,58.827402206748076,1.0
23.083363865872872,57.800450064336175,1686.6777624031565,30.408048348025407,58.827402206748076,1,1,2,5,19,8520.0,22.995795407525254,57.810719585760296,1806.2522899404655,30.446834102366967,59.23769061258255,1.0
22.995795407525254,57.810719585760296,1806.2522899404655,30.446834102366967,59.23769061258255,1,1,1,4,23,8580.0,23.04655386650369,57.86147804473873,1200.252275548485,30.436473272946408,59.11337817529983,1.0
23.04655386650369,57.86147804473873,1200.252275548485,30.436473272946408,59.11337817529983,1,1,1,0,24,8640.0,23.091207089417562,57.906131267652604,1047.6723066748154,30.419213435191182,60.10946578958545,2.0
23.091207089417562,57.906131267652604,1047.6723066748154,30.419213435191182,60.10946578958545,2,1,3,2,25,8700.0,23.14863730180603,57.92816461287193,1325.4819710902375,30.358173451837114,60.025982578411096,1.0
23.14863730180603,57.92816461287193,1325.4819710902375,30.358173451837114,60.025982578411096,1,0,3,5,26,8760.0,23.151377619677696,57.949142792527326,0.0,30.494009168480176,60.55770043934483,1.0
23.151377619677696,57.949142792527326,0.0,30.494009168480176,60.55770043934483,1,1,3,5,27,8820.0,23.219706085608543,57.9752283689955,1639.5927886471584,30.542218783776214,61.563500089607686,1.0
23.219706085608543,57.9752283689955,1639.5927886471584,30.542218783776214,61.563500089607686,1,1,3,6,21,8880.0,23.143014720109097,58.01111108620162,1588.708985121011,30.705372524872583,62.30163462917866,1.0
23.143014720109097,58.01111108620162,1588.708985121011,30.705372524872583,62.30163462917866,1,1,3,4,21,8940.0,23.07269485012623,58.054016321631394,1461.4389715272005,30.661926055893417,63.08267805521637,1.0
23.07269485012623,58.054016321631394,1461.4389715272005,30.661926055893417,63.08267805521637,1,1,1,1,19,9000.0,23.012257000518172,57.99357847202334,1263.816479631627,30.55022178981726,63.691446123110836,1.0
23.012257000518172,57.99357847202334,1263.816479631627,30.55022178981726,63.691446123110836,1,0,2,0,28,9060.0,23.015008266011147,58.05055714853421,0.0,30.5483561104395,64.74164392858867,1.0
23.015008266011147,58.05055714853421,0.0,30.5483561104395,64.74164392858867,1,1,3,4,20,9120.0,22.941809850328124,58.117468016334755,1518.9905455567357,30.502123208731653,63.40225386158887,1.0
22.941809850328124,58.117468016334755,1518.9905455567357,30.502123208731653,63.40225386158887,1,0,1,4,29,9180.0,22.944561860773405,58.1703158747873,0.0,30.599889122428163,63.343726200046234,1.0
22.944561860773405,58.1703158747873,0.0,30.599889122428163,63.343726200046234,1,0,1,2,18,9240.0,22.947317038348793,58.22204997803989,0.0,30.53561170762547,63.20896148972365,1.0
22.947317038348793,58.22204997803989,0.0,30.53561170762547,63.20896148972365,1,0,2,2,22,9300.0,22.950069981504434,58.271919093156725,0.0,30.349722793778,62.77509512366345,1.0
22.950069981504434,58.271919093156725,0.0,30.349722793778,62.77509512366345,1,1,2,6,23,9360.0,23.015372418255883,58.31695085346179,1563.8945414426544,30.18055730382134,62.74766957424069,0.0
23.015372418255883,58.31695085346179,1563.8945414426544,30.18055730382134,62.74766957424069,0,0,2,6,30,9420.0,23.016444591085403,58.36125804066958,0.0,30.20712563858887,62.62131160191581,0.0
23.016444591085403,58.36125804066958,0.0,30.20712563858887,62.62131160191581,0,0,1,6,27,9480.0,23.017517613786985,58.40385857628205,0.0,30.11117397348188,63.72548549515558,0.0
23.017517613786985,58.40385857628205,0.0,30.11117397348188,63.72548549515558,0,0,1,5,21,9540.0,23.018587402332308,58.457074845470785,0.0,30.311138020662703,64.11326260370062,0.0
23.018587402332308,58.457074845470785,0.0,30.311138020662703,64.11326260370062,0,0,1,1,29,9600.0,23.01966382068625,58.51363672305308,0.0,30.2393821567427,64.11102170551223,0.0
23.01966382068625,58.51363672305308,0.0,30.2393821567427,64.11102170551223,0,0,1,2,20,9660.0,23.020737811297455,58.56961057287767,0.0,30.200683672854883,64.55622570810564,1.0
23.020737811297455,58.56961057287767,0.0,30.200683672854883,64.55622570810564,1,1,1,2,26,9720.0,23.07403151964132,58.62290428122154,1263.8594203786402,29.99943398768435,64.9444611641713,1.0
23.07403151964132,58.62290428122154,1263.8594203786402,29.99943398768435,64.9444611641713,1,0,3,4,25,9780.0,23.076762366390255,58.686119850051035,0.0,30.03545380131767,64.03459184421521,1.0
23.076762366390255,58.686119850051035,0.0,30.03545380131767,64.03459184421521,1,1,2,5,23,9840.0,23.004206463897457,58.73960456999268,1505.7571774792693,30.034722483290864,64.73627242290176,1.0
23.004206463897457,58.73960456999268,1505.7571774792693,30.034722483290864,64.73627242290176,1,0,1,3,23,9900.0,23.006940814431438,58.79957124852177,0.0,29.916766781122526,65.16220488576265,1.0
23.006940814431438,58.79957124852177,0.0,29.916766781122526,65.16220488576265,1,0,3,5,20,9960.0,23.00967114196366,58.86319758489418,0.0,29.94960302065588,64.30404133092404,2.0
23.00967114196366,58.86319758489418,0.0,29.94960302065588,64.30404133092404,2,0,3,6,28,10020.0,23.01406913969295,58.91760602235448,0.0,30.115496087855483,63.63561230820822,2.0
23.01406913969295,58.91760602235448,0.0,30.115496087855483,63.63561230820822,2,0,1,4,29,10080.0,23.01847252059122,58.964786085213014,0.0,30.04556418338228,63.29608503084677,2.0
23.01847252059122,58.964786085213014,0.0,30.04556418338228,63.29608503084677,2,1,3,4,23,10140.0,22.956812464328696,59.00809907466935,1321.2191863590206,30.093066844837775,64.0380019208336,1.0
22.956812464328696,59.00809907466935,1321.2191863590206,30.093066844837775,64.0380019208336,1,0,3,5,18,10200.0,22.959550339474713,59.058398103131,0.0,30.176158599507776,63.14054547755193,1.0
22.959550339474713,59.058398103131,0.0,30.176158599507776,63.14054547755193,1,1,3,1,29,10260.0,23.022444331799196,59.09921957687521,1503.8359678953352,30.250786358868815,63.59094106456608,1.0
23.022444331799196,59.09921957687521,1503.8359678953352,30.250786358868815,63.59094106456608,1,1,3,1,24,10320.0,23.073643430126975,59.14413679175212,1211.4538398385964,30.227814799524303,63.25865015660085,1.0
23.073643430126975,59.14413679175212,1211.4538398385964,30.227814799524303,63.25865015660085,1,1,2,3,20,10380.0,22.996777832672016,59.1852819254006,1592.0813966787614,30.29256741761947,63.24829729544966,1.0
22.996777832672016,59.1852819254006,1592.0813966787614,30.29256741761947,63.24829729544966,1,1,2,6,26,10440.0,23.071291078820245,59.22591207910109,1794.2513290515826,30.281684886497967,63.33976566936014,1.0
23.071291078820245,59.22591207910109,1794.2513290515826,30.281684886497967,63.33976566936014,1,1,3,1,24,10500.0,23.122376742888427,59.26705061500368,1208.6329401981309,30.295049866945213,63.15154033135872,0.0
23.122376742888427,59.26705061500368,1208.6329401981309,30.295049866945213,63.15154033135872,0,1,1,3,26,10560.0,23.176067698817253,59.32074157093251,1315.4633372839155,30.272619629670448,63.05778480775106,0.0
23.176067698817253,59.32074157093251,1315.4633372839155,30.272619629670448,63.05778480775106,0,0,2,0,20,10620.0,23.177137583881613,59.3581120033007,0.0,30.316607939209295,62.73132676739716,0.0
23.177137583881613,59.3581120033007,0.0,30.316607939209295,62.73132676739716,0,1,3,4,29,10680.0,23.246381256338676,59.39184415094166,1704.3089194638137,30.348423871950285,62.938150716538345,0.0
23.246381256338676,59.39184415094166,1704.3089194638137,30.348423871950285,62.938150716538345,0,0,1,2,20,10740.0,23.247451324425864,59.427307216597626,0.0,30.234545578252664,62.61120216942236,0.0
23.247451324425864,59.427307216597626,0.0,30.234545578252664,62.61120216942236,0,1,1,0,27,10800.0,23.296022658252138,59.4758785504239,1187.6274337787067,30.39437944994888,61.77692319224209,0.0
23.296022658252138,59.4758785504239,1187.6274337787067,30.39437944994888,61.77692319224209,0,0,2,4,28,10860.0,23.29709260347853,59.49888899684208,0.0,30.358525954450858,61.47385522778085,0.0
23.29709260347853,59.49888899684208,0.0,30.358525954450858,61.47385522778085,0,1,1,5,23,10920.0,23.23473290353769,59.43652929690124,1268.568287717408,30.39414926673762,61.50193885601441,0.0
23.23473290353769,59.43652929690124,1268.568287717408,30.39414926673762,61.50193885601441,0,1,1,3,30,10980.0,23.297364998404994,59.499161391768546,1539.0028580465828,30.387488131137072,60.87568075991057,0.0
23.297364998404994,59.499161391768546,1539.0028580465828,30.387488131137072,60.87568075991057,0,0,3,0,26,11040.0,23.298434669176086,59.51292658544997,0.0,30.28998205859503,61.01431090709365,1.0
23.298434669176086,59.51292658544997,0.0,30.28998205859503,61.01431090709365,1,1,1,2,30,11100.0,23.359911164483545,59.57440308075743,1468.5860931953152,30.346038609707946,60.54750039346206,0.0
23.359911164483545,59.57440308075743,1468.5860931953152,30.346038609707946,60.54750039346206,0,1,1,1,20,11160.0,23.29965760192495,59.514149518198835,1226.395336135386,30.17771067710664,60.73707526598066,0.0
23.29965760192495,59.514149518198835,1226.395336135386,30.17771067710664,60.73707526598066,0,1,3,3,19,11220.0,23.223872536528035,59.526378775676655,1536.953343321753,30.208040828948135,61.25703650976666,0.0
23.223872536528035,59.526378775676655,1536.953343321753,30.208040828948135,61.25703650976666,0,1,2,4,30,11280.0,23.302053922565914,59.54368535301755,1927.8811773699813,30.195892118404096,60.82703527220551,0.0
23.302053922565914,59.54368535301755,1927.8811773699813,30.195892118404096,60.82703527220551,0,0,3,3,19,11340.0,23.303117050505776,59.55651885220943,0.0,30.269599185465864,60.67756657369559,0.0
23.303117050505776,59.55651885220943,0.0,30.269599185465864,60.67756657369559,0,1,1,3,25,11400.0,23.354085430694113,59.607487232397766,1247.570769595918,30.420553871727126,60.89463006446608,0.0
23.354085430694113,59.607487232397766,1247.570769595918,30.420553871727126,60.89463006446608,0,0,1,5,26,11460.0,23.35515431297548,59.62035866071845,0.0,30.41172784871362,60.79275030771887,0.0
23.35515431297548,59.62035866071845,0.0,30.41172784871362,60.79275030771887,0,1,2,3,30,11520.0,23.42976263952286,59.632082577188456,1838.4943524046919,30.54235589628644,60.17929246957125,0.0
23.42976263952286,59.632082577188456,1838.4943524046919,30.54235589628644,60.17929246957125,0,0,2,2,20,11580.0,23.430833059298084,59.63755467611228,0.0,30.44485375779259,60.558169859675345,0.0
23.430833059298084,59.63755467611228,0.0,30.44485375779259,60.558169859675345,0,1,3,6,30,11640.0,23.507888010771776,59.64676082794791,1899.6954362601869,30.51725346103278,60.415019158228255,0.0
23.507888010771776,59.64676082794791,1899.6954362601869,30.51725346103278,60.415019158228255,0,1,1,2,26,11700.0,23.55843763599642,59.69731045317255,1237.0661594075523,30.396695225930404,59.838389071890624,0.0
23.55843763599642,59.69731045317255,1237.0661594075523,30.396695225930404,59.838389071890624,0,0,2,5,29,11760.0,23.559498911249417,59.69872123935973,0.0,30.468733357507464,59.258750981156375,0.0
23.559498911249417,59.69872123935973,0.0,30.468733357507464,59.258750981156375,0,0,1,0,20,11820.0,23.560562552397627,59.69432153677769,0.0,30.55036916768489,59.75100288394309,0.0
23.560562552397627,59.69432153677769,0.0,30.55036916768489,59.75100288394309,0,1,2,3,25,11880.0,23.620801726640185,59.69488835024935,1479.3211838845637,30.55187713495783,59.28004812001044,0.0
23.620801726640185,59.69488835024935,1479.3211838845637,30.55187713495783,59.28004812001044,0,1,3,0,26,11940.0,23.671100332021854,59.69073994794696,1230.8559050347899,30.65484237604178,58.6167933731432,0.0
23.671100332021854,59.69073994794696,1230.8559050347899,30.65484237604178,58.6167933731432,0,0,3,0,21,12000.0,23.672166456756656,59.68000048219892,0.0,30.72951161040648,58.765024193793025,1.0
23.672166456756656,59.68000048219892,0.0,30.72951161040648,58.765024193793025,1,1,3,4,20,12060.0,23.596783552287814,59.67085071931486,1562.3629861459394,30.707435804027114,58.507401332939416,1.0
23.596783552287814,59.67085071931486,1562.3629861459394,30.707435804027114,58.507401332939416,1,1,1,4,18,12120.0,23.522730223372676,59.59679739039973,1535.8070131372688,30.722248450721814,58.033536543955,1.0
23.522730223372676,59.59679739039973,1535.8070131372688,30.722248450721814,58.033536543955,1,1,3,4,20,12180.0,23.44784519757646,59.58116478193528,1552.5001947425965,30.59562618428802,58.02091501462326,1.0
23.44784519757646,59.58116478193528,1552.5001947425965,30.59562618428802,58.02091501462326,1,0,1,5,18,12240.0,23.450583456942685,59.56556228426216,0.0,30.561714113002772,56.99435602860622,1.0
23.450583456942685,59.56556228426216,0.0,30.561714113002772,56.99435602860622,1,0,3,1,24,12300.0,23.45332049463122,59.5398502217056,0.0,30.663576564006153,57.42490502310956,1.0
23.45332049463122,59.5398502217056,0.0,30.663576564006153,57.42490502310956,1,1,2,6,20,12360.0,23.36459288657114,59.518700769719636,1829.3589985812353,30.846887978846,56.685360379060796,2.0
23.36459288657114,59.518700769719636,1829.3589985812353,30.846887978846,56.685360379060796,2,1,2,2,24,12420.0,23.423486437853665,59.49036736581305,1361.9368694863049,30.73590402991901,56.18346647132898,2.0
23.423486437853665,59.49036736581305,1361.9368694863049,30.73590402991901,56.18346647132898,2,1,1,6,21,12480.0,23.355020520850378,59.42190144880976,1457.5266184604882,30.679223684709427,57.21976574171023,3.0
23.355020520850378,59.42190144880976,1457.5266184604882,30.679223684709427,57.21976574171023,3,0,2,5,21,12540.0,23.361097994289175,59.399880091738765,0.0,30.50495401453053,57.67312358363567,3.0
23.361097994289175,59.399880091738765,0.0,30.50495401453053,57.67312358363567,3,0,2,3,26,12600.0,23.367169456156518,59.38261252665774,0.0,30.716515332863654,58.22595394752726,3.0
23.367169456156518,59.38261252665774,0.0,30.716515332863654,58.22595394752726,3,0,1,6,25,12660.0,23.37324776768574,59.37104594086643,0.0,30.593284080261384,58.7728367712415,2.0
23.37324776768574,59.37104594086643,0.0,30.593284080261384,58.7728367712415,2,1,2,0,26,12720.0,23.431959307587046,59.365063849170184,1357.6051339388555,30.580780351829343,58.66574871955622,2.0
23.431959307587046,59.365063849170184,1357.6051339388555,30.580780351829343,58.66574871955622,2,0,1,3,25,12780.0,23.43636426828852,59.35807069787404,0.0,30.577927706018368,58.01245191632807,2.0
23.43636426828852,59.35807069787404,0.0,30.577927706018368,58.01245191632807,2,1,2,1,24,12840.0,23.492589349113693,59.344614510058584,1295.5090510978232,30.574313346296314,57.231334488002936,2.0
23.492589349113693,59.344614510058584,1295.5090510978232,30.574313346296314,57.231334488002936,2,1,3,4,20,12900.0,23.419466528394857,59.32348170983803,1550.5108970415038,30.438839180367086,57.6065825042658,2.0
23.419466528394857,59.32348170983803,1550.5108970415038,30.438839180367086,57.6065825042658,2,0,3,1,27,12960.0,23.423867174149922,59.306312717782305,0.0,30.527379117996674,56.93338140478013,2.0
23.423867174149922,59.306312717782305,0.0,30.527379117996674,56.93338140478013,2,0,2,4,19,13020.0,23.428270624548052,59.282583404652286,0.0,30.382686168063454,56.84381956365451,2.0
23.428270624548052,59.282583404652286,0.0,30.382686168063454,56.84381956365451,2,0,1,6,27,13080.0,23.432669105066168,59.25819576624231,0.0,30.2859205252346,56.69218917482116,2.0
23.432669105066168,59.25819576624231,0.0,30.2859205252346,56.69218917482116,2,0,3,1,23,13140.0,23.437064213446842,59.2325357003281,0.0,30.348741326414235,56.821390032588475,3.0
23.437064213446842,59.2325357003281,0.0,30.348741326414235,56.821390032588475,3,1,3,0,27,13200.0,23.494966394747692,59.208424243650704,1295.9614682604235,30.421493345800133,56.338195902922834,2.0
23.494966394747692,59.208424243650704,1295.9614682604235,30.421493345800133,56.338195902922834,2,0,3,5,22,13260.0,23.49936394564606,59.17972196024343,0.0,30.539676175194337,56.09074080517768,2.0
23.49936394564606,59.17972196024343,0.0,30.539676175194337,56.09074080517768,2,0,3,2,28,13320.0,23.503765289387044,59.14883214869277,0.0,30.768197037360427,57.17737601893782,3.0
23.503765289387044,59.14883214869277,0.0,30.768197037360427,57.17737601893782,3,1,3,0,18,13380.0,23.439705415899496,59.12911758739522,1402.7070909162874,30.814328515305256,57.01589226028436,3.0
23.439705415899496,59.12911758739522,1402.7070909162874,30.814328515305256,57.01589226028436,3,0,2,6,20,13440.0,23.44578457000281,59.107985334124116,0.0,30.91510787241922,56.782118986342965,3.0
23.44578457000281,59.107985334124116,0.0,30.91510787241922,56.782118986342965,3,0,2,1,21,13500.0,23.45186688077956,59.084726670646305,0.0,30.94813268135272,57.273247746944925,3.0
23.45186688077956,59.084726670646305,0.0,30.94813268135272,57.273247746944925,3,1,1,5,23,13560.0,23.394038005637142,59.026897795503885,1278.2416800487224,30.974080563661367,57.28264584293767,3.0
23.394038005637142,59.026897795503885,1278.2416800487224,30.974080563661367,57.28264584293767,3,0,2,6,20,13620.0,23.400124007055744,59.009455275978226,0.0,31.07773101541772,56.917736568798674,3.0
23.400124007055744,59.009455275978226,0.0,31.07773101541772,56.917736568798674,3,1,3,3,26,13680.0,23.46339094688484,58.98853808890643,1429.442156553724,31.04587473500773,56.7446546043068,3.0
23.46339094688484,58.98853808890643,1429.442156553724,31.04587473500773,56.7446546043068,3,0,1,6,25,13740.0,23.469477029677776,58.96609925406043,0.0,30.94133685669985,56.78691255298028,2.0
23.469477029677776,58.96609925406043,0.0,30.94133685669985,56.78691255298028,2,1,2,6,21,13800.0,23.386261797922934,58.944307387049626,1752.6192083148667,30.872463624941172,55.82813024346953,2.0
23.386261797922934,58.944307387049626,1752.6192083148667,30.872463624941172,55.82813024346953,2,0,1,4,19,13860.0,23.3906780046505,58.91314561561383,0.0,30.879236664302784,56.38457236997558,3.0
23.3906780046505,58.91314561561383,0.0,30.879236664302784,56.38457236997558,3,1,3,4,26,13920.0,23.456449566673545,58.88785988315745,1492.2152516930669,30.793123474680133,56.41818886313032,3.0
23.456449566673545,58.88785988315745,1492.2152516930669,30.793123474680133,56.41818886313032,3,1,3,4,27,13980.0,23.524682428947795,58.86316317295717,1553.874328599546,30.6817695185653,56.3217907475435,3.0
23.524682428947795,58.86316317295717,1553.874328599546,30.6817695185653,56.3217907475435,3,0,3,6,30,14040.0,23.530754331850783,58.837749448703036,0.0,30.707444244669254,56.69335738025592,3.0
23.530754331850783,58.837749448703036,0.0,30.707444244669254,56.69335738025592,3,1,3,0,26,14100.0,23.586259228651137,58.81630552801857,1235.808511748207,30.756390252998365,57.14845068744415,3.0
23.586259228651137,58.81630552801857,1235.808511748207,30.756390252998365,57.14845068744415,3,1,3,0,22,14160.0,23.53296935347316,58.799626979612825,1187.2442575758128,30.74361006638385,57.56736916805026,3.0
23.53296935347316,58.799626979612825,1187.2442575758128,30.74361006638385,57.56736916805026,3,0,3,4,26,14220.0,23.539043041496925,58.7873044014972,0.0,30.707715871853225,58.739403193540994,4.0
23.539043041496925,58.7873044014972,0.0,30.707715871853225,58.739403193540994,4,0,2,1,30,14280.0,23.546781997257938,58.78682538941764,0.0,30.465849395621998,58.77141817106024,4.0
23.546781997257938,58.78682538941764,0.0,30.465849395621998,58.77141817106024,4,1,2,0,18,14340.0,23.47787228684611,58.78667131723407,1532.8069198354763,30.46933561323314,58.84963610473989,4.0
23.47787228684611,58.78667131723407,1532.8069198354763,30.46933561323314,58.84963610473989,4,1,3,4,30,14400.0,23.555623752786385,58.787300965109125,1750.4604290681566,30.249268323998447,59.00697537783163,4.0
23.555623752786385,58.787300965109125,1750.4604290681566,30.249268323998447,59.00697537783163,4,0,3,2,24,14460.0,23.563346874272092,58.78949770923635,0.0,30.33583628920305,59.61043062276208,4.0
23.405507114390915,56.263840799589474,0.0,22.763418190354795,66.91457375202921,1,1,2,3,23,60.0,23.337586711882132,56.37034812911387,1407.979990892973,22.80842325410546,66.55927620558727,0.0
23.337586711882132,56.37034812911387,1407.979990892973,22.80842325410546,66.55927620558727,0,0,1,5,19,120.0,23.338402406433538,56.4722374098786,0.0,22.6678809768401,66.82072102481105,0.0
23.338402406433538,56.4722374098786,0.0,22.6678809768401,66.82072102481105,0,0,3,3,23,180.0,23.339213389052553,56.57572224602793,0.0,22.542648897276923,66.62075338766256,0.0
23.339213389052553,56.57572224602793,0.0,22.542648897276923,66.62075338766256,0,0,3,3,21,240.0,23.340020170236162,56.676172557444275,0.0,22.451062346103363,66.00762351107326,0.0
23.340020170236162,56.676172557444275,0.0,22.451062346103363,66.00762351107326,0,0,1,3,27,300.0,23.340823871642023,56.76948706698057,0.0,22.257425418610254,65.13595781003998,0.0
23.340823871642023,56.76948706698057,0.0,22.257425418610254,65.13595781003998,0,1,2,0,19,360.0,23.268598620078663,56.85315177441116,1460.4494322985213,22.283467279287365,65.77121050055717,0.0
23.268598620078663,56.85315177441116,1460.4494322985213,22.283467279287365,65.77121050055717,0,1,2,0,27,420.0,23.326354479012448,56.94233236167262,1423.8840827952802,22.33308228485145,65.23941901719185,0.0
23.326354479012448,56.94233236167262,1423.8840827952802,22.33308228485145,65.23941901719185,0,0,3,5,21,480.0,23.327154703272644,57.02530322822781,0.0,22.399989810301086,65.02895223489996,0.0
23.327154703272644,57.02530322822781,0.0,22.399989810301086,65.02895223489996,0,1,3,3,21,540.0,23.257347504360446,57.10533971829454,1412.1925349819949,22.391764493893877,65.81394941026994,0.0
23.257347504360446,57.10533971829454,1412.1925349819949,22.391764493893877,65.81394941026994,0,0,2,1,21,600.0,23.258151984926762,57.19242581521429,0.0,22.406176130171847,66.20881547258594,0.0
23.258151984926762,57.19242581521429,0.0,22.406176130171847,66.20881547258594,0,1,1,3,30,660.0,23.320463169499604,57.254736999787134,1537.6562608667114,22.3200146570339,66.88752226847454,0.0
23.320463169499604,57.254736999787134,1537.6562608667114,22.3200146570339,66.88752226847454,0,1,2,5,24,720.0,23.383301765040688,57.35106485247401,1550.9652622875299,22.153260550365076,65.93849174118401,0.0
23.383301765040688,57.35106485247401,1550.9652622875299,22.153260550365076,65.93849174118401,0,1,2,3,25,780.0,23.443756184128688,57.436939121361114,1491.5521782121925,21.93613082047824,66.58945145540802,0.0
23.443756184128688,57.436939121361114,1491.5521782121925,21.93613082047824,66.58945145540802,0,1,3,0,22,840.0,23.385568933776877,57.52846424470158,1179.4065901270778,21.852961591546244,65.37766004899241,0.0
23.385568933776877,57.52846424470158,1179.4065901270778,21.852961591546244,65.37766004899241,0,1,2,3,29,900.0,23.45704700994158,57.60695620274449,1767.3957435693956,21.94676907524355,64.61779648343203,0.0
23.45704700994158,57.60695620274449,1767.3957435693956,21.94676907524355,64.61779648343203,0,1,2,2,19,960.0,23.377121745544283,57.677064605551365,1614.1651026561442,22.014452840654652,64.07724180951998,0.0
23.377121745544283,57.677064605551365,1614.1651026561442,22.014452840654652,64.07724180951998,0,0,2,0,25,1020.0,23.377909656580787,57.74106637759105,0.0,22.043202076677535,63.99257040899913,0.0
23.377909656580787,57.74106637759105,0.0,22.043202076677535,63.99257040899913,0,0,1,5,27,1080.0,23.378698499661457,57.803581417905136,0.0,22.152932205572792,62.65671328730731,0.0
23.378698499661457,57.803581417905136,0.0,22.152932205572792,62.65671328730731,0,0,1,3,25,1140.0,23.379490974118323,57.85211273659916,0.0,22.313242565891823,63.10034303458806,0.0
23.379490974118323,57.85211273659916,0.0,22.313242565891823,63.10034303458806,0,0,2,3,19,1200.0,23.38028876583805,57.90459503957905,0.0,22.400843560930987,63.998720855255094,0.0
23.38028876583805,57.90459503957905,0.0,22.400843560930987,63.998720855255094,0,0,2,4,24,1260.0,23.381089450997887,57.96553629773581,0.0,22.526063626486444,63.96843238512937,0.0
23.381089450997887,57.96553629773581,0.0,22.526063626486444,63.96843238512937,0,1,2,3,29,1320.0,23.45260247658565,58.025565258609745,1767.7048278811458,22.682492652839144,64.30379154634726,1.0
23.45260247658565,58.025565258609745,1767.7048278811458,22.682492652839144,64.30379154634726,1,0,1,0,23,1380.0,23.45507680625819,58.08834752148712,0.0,22.62755636582794,63.442283436781,1.0
23.45507680625819,58.08834752148712,0.0,22.62755636582794,63.442283436781,1,0,1,1,19,1440.0,23.45754922224351,58.14188688064006,0.0,22.71115640498355,63.607226598840896,1.0
23.45754922224351,58.14188688064006,0.0,22.71115640498355,63.607226598840896,1,0,2,4,29,1500.0,23.460024342482935,58.196540277822066,0.0,22.825421303668428,64.4218306582446,1.0
23.460024342482935,58.196540277822066,0.0,22.825421303668428,64.4218306582446,1,1,1,2,28,1560.0,23.516491135494846,58.253007070833974,1349.6986611634386,22.7110729533066,64.61653213853907,2.0
23.516491135494846,58.253007070833974,1349.6986611634386,22.7110729533066,64.61653213853907,2,0,3,5,28,1620.0,23.520630954888773,58.316642321511026,0.0,22.774534145271716,64.74426131745818,2.0
23.520630954888773,58.316642321511026,0.0,22.774534145271716,64.74426131745818,2,1,1,2,22,1680.0,23.465591016535843,58.26160238315809,1183.6347025188825,22.90945144317899,64.27800375245786,2.0
23.465591016535843,58.26160238315809,1183.6347025188825,22.90945144317899,64.27800375245786,2,0,1,6,29,1740.0,23.46973914521673,58.32176639685109,0.0,23.053502930401542,64.72357648276756,2.0
23.46973914521673,58.32176639685109,0.0,23.053502930401542,64.72357648276756,2,0,2,0,18,1800.0,23.473891937342906,58.385784497710254,0.0,22.967796137426898,65.5604527317682,2.0
23.473891937342906,58.385784497710254,0.0,22.967796137426898,65.5604527317682,2,1,1,4,24,1860.0,23.527304393499954,58.4391969538673,1231.5664837594256,23.027051491291058,65.14541876792764,2.0
23.527304393499954,58.4391969538673,1231.5664837594256,23.027051491291058,65.14541876792764,2,0,2,6,27,1920.0,23.53145438506988,58.50625917200791,0.0,23.05580649693747,64.59732435426987,2.0
23.53145438506988,58.50625917200791,0.0,23.05580649693747,64.59732435426987,2,0,3,3,26,1980.0,23.53560519680694,58.567169823830525,0.0,22.950948365723285,64.7252131364125,2.0
23.53560519680694,58.567169823830525,0.0,22.950948365723285,64.7252131364125,2,0,2,2,29,2040.0,23.53975237491257,58.628750256956344,0.0,23.14893848292862,64.83683784581653,1.0
23.53975237491257,58.628750256956344,0.0,23.14893848292862,64.83683784581653,1,1,1,6,21,2100.0,23.468985152564372,58.55798303460814,1465.083904369317,23.064668083562545,65.65556025375788,1.0
23.468985152564372,58.55798303460814,1465.083904369317,23.064668083562545,65.65556025375788,1,0,2,0,18,2160.0,23.47147167532874,58.62895880679964,0.0,23.061653040133578,65.26747355162978,1.0
23.47147167532874,58.62895880679964,0.0,23.061653040133578,65.26747355162978,1,0,2,1,26,2220.0,23.473958014707566,58.69534395424794,0.0,23.047796277793836,63.983755596760275,2.0
23.473958014707566,58.69534395424794,0.0,23.047796277793836,63.983755596760275,2,1,1,0,22,2280.0,23.424425580946235,58.6458115204866,1073.6979007353784,23.204192411479806,63.56863827992663,1.0
23.424425580946235,58.6458115204866,1073.6979007353784,23.204192411479806,63.56863827992663,1,1,2,5,22,2340.0,23.346576643912037,58.695039788081004,1606.8319185709674,23.205313226799397,62.42699805116302,2.0
23.346576643912037,58.695039788081004,1606.8319185709674,23.205313226799397,62.42699805116302,2,0,1,0,30,2400.0,23.350738601798135,58.732359370711826,0.0,23.090709294529482,62.006046353353504,2.0
23.350738601798135,58.732359370711826,0.0,23.090709294529482,62.006046353353504,2,1,3,1,26,2460.0,23.407216394651073,58.76509624053824,1307.9948457461578,23.15031947821044,61.71147629407252,3.0
23.407216394651073,58.76509624053824,1307.9948457461578,23.15031947821044,61.71147629407252,3,1,3,2,28,2520.0,23.472555701078804,58.79456004107359,1487.8634081236103,23.279621891075372,61.239160925132765,3.0
23.472555701078804,58.79456004107359,1487.8634081236103,23.279621891075372,61.239160925132765,3,0,3,1,28,2580.0,23.478382603285137,58.81900604991418,0.0,23.17888714835888,60.78810783746031,3.0
23.478382603285137,58.81900604991418,0.0,23.17888714835888,60.78810783746031,3,1,1,2,27,2640.0,23.535953511709412,58.876576958338454,1293.6889568193176,23.133763473802187,60.713112612070425,3.0
23.535953511709412,58.876576958338454,1293.6889568193176,23.133763473802187,60.713112612070425,3,1,3,4,24,2700.0,23.595798521437235,58.89494231487577,1350.6270682271788,23.226173267898808,61.46446154524252,3.0
23.595798521437235,58.89494231487577,1350.6270682271788,23.226173267898808,61.46446154524252,3,1,2,0,20,2760.0,23.53083213836447,58.920637507179435,1415.7479112862343,23.19318487938279,61.606455455098796,3.0
23.53083213836447,58.920637507179435,1415.7479112862343,23.19318487938279,61.606455455098796,3,0,3,0,26,2820.0,23.53665421678917,58.94749568665863,0.0,23.045199345080867,61.7057772307925,3.0
23.53665421678917,58.94749568665863,0.0,23.045199345080867,61.7057772307925,3,0,3,6,26,2880.0,23.542471168293446,58.97507850209997,0.0,23.26602438798055,61.34916122548022,3.0
23.542471168293446,58.97507850209997,0.0,23.26602438798055,61.34916122548022,3,0,2,0,21,2940.0,23.548295286734103,58.99881932933377,0.0,23.343006801107613,61.11369462656705,3.0
23.548295286734103,58.99881932933377,0.0,23.343006801107613,61.11369462656705,3,0,3,1,22,3000.0,23.554121777117913,59.0199680823061,0.0,23.288774892539127,59.880947629910544,3.0
23.554121777117913,59.0199680823061,0.0,23.288774892539127,59.880947629910544,3,1,3,4,21,3060.0,23.485517663690604,59.02857787778215,1488.5720372897822,23.38123025829646,59.62359892425243,3.0
23.485517663690604,59.02857787778215,1488.5720372897822,23.38123025829646,59.62359892425243,3,1,2,3,21,3120.0,23.41377248483736,59.03452808824685,1551.500718794652,23.461233507279122,59.75072350382788,2.0
23.41377248483736,59.03452808824685,1551.500718794652,23.461233507279122,59.75072350382788,2,1,1,0,20,3180.0,23.359406302326015,58.98016190573551,1170.688624241868,23.418815872004622,59.26108091827057,2.0
23.359406302326015,58.98016190573551,1170.688624241868,23.418815872004622,59.26108091827057,2,1,2,5,30,3240.0,23.443496730404693,58.982971095860854,1998.0445273255489,23.46774296425383,59.227235791054035,2.0
23.443496730404693,58.982971095860854,1998.0445273255489,23.46774296425383,59.227235791054035,2,0,2,4,30,3300.0,23.447664205279153,58.98541374281279,0.0,23.505713605490826,58.30686842627507,3.0
23.447664205279153,58.98541374281279,0.0,23.505713605490826,58.30686842627507,3,1,3,2,30,3360.0,23.51775612621572,58.97862828964741,1606.4163155806111,23.496201667645416,58.308329297508884,3.0
23.51775612621572,58.97862828964741,1606.4163155806111,23.496201667645416,58.308329297508884,3,1,3,1,24,3420.0,23.570902724415543,58.971925299726024,1182.8495837110422,23.640297974777734,57.04942088597349,3.0
23.570902724415543,58.971925299726024,1182.8495837110422,23.640297974777734,57.04942088597349,3,0,1,6,27,3480.0,23.576738370923888,58.952700255588496,0.0,23.659623502615688,56.99865155876729,2.0
23.576738370923888,58.952700255588496,0.0,23.659623502615688,56.99865155876729,2,1,1,3,30,3540.0,23.64168130217515,59.01764318683976,1519.3375436718763,23.55885687019713,56.410983972072,1.0
23.64168130217515,59.01764318683976,1519.3375436718763,23.55885687019713,56.410983972072,1,0,3,2,26,3600.0,23.644178541360752,58.991576594692084,0.0,23.571628907571068,56.8649715998818,1.0
23.644178541360752,58.991576594692084,0.0,23.571628907571068,56.8649715998818,1,0,1,4,18,3660.0,23.646676123039626,58.97031054474398,0.0,23.395716688059665,57.11866004126351,1.0
23.646676123039626,58.97031054474398,0.0,23.395716688059665,57.11866004126351,1,1,3,5,18,3720.0,23.561007308552178,58.95179403970918,1763.2089834589744,23.468827602481756,56.91369436230113,1.0
23.561007308552178,58.95179403970918,1763.2089834589744,23.468827602481756,56.91369436230113,1,0,3,1,23,3780.0,23.56350423589531,58.9314130429351,0.0,23.315186651357735,58.243692331350545,1.0
23.56350423589531,58.9314130429351,0.0,23.315186651357735,58.243692331350545,1,1,2,3,21,3840.0,23.488151869028652,58.924535835819256,1556.8817922767762,23.290243577515845,58.250722699944525,1.0
23.488151869028652,58.924535835819256,1556.8817922767762,23.290243577515845,58.250722699944525,1,1,2,6,24,3900.0,23.55464223825423,58.91779770446051,1599.924154215765,23.34201935908673,57.9142290903619,1.0
23.55464223825423,58.91779770446051,1599.924154215765,23.34201935908673,57.9142290903619,1,0,3,3,20,3960.0,23.557135150824926,58.907762018319524,0.0,23.384477868691445,57.753435248149046,0.0
23.557135150824926,58.907762018319524,0.0,23.384477868691445,57.753435248149046,0,0,3,2,26,4020.0,23.557962728915523,58.89621875061782,0.0,23.528842016209403,57.24034709416731,0.0
23.557962728915523,58.89621875061782,0.0,23.528842016209403,57.24034709416731,0,1,2,2,19,4080.0,23.47775381455301,58.879660034053316,1620.8255401084245,23.50520942759592,57.339396698346334,0.0
23.47775381455301,58.879660034053316,1620.8255401084245,23.50520942759592,57.339396698346334,0,1,1,5,28,4140.0,23.539893678537062,58.94179989803737,1532.6403865904367,23.71530814657723,56.45975318832605,0.0
23.539893678537062,58.94179989803737,1532.6403865904367,23.71530814657723,56.45975318832605,0,1,2,4,21,4200.0,23.459589241776598,58.91697943094025,1622.8723448546687,23.524585946608347,56.35886600017647,0.0
23.459589241776598,58.91697943094025,1622.8723448546687,23.524585946608347,56.35886600017647,0,1,3,3,18,4260.0,23.37990879068964,58.891398296632616,1610.31901954237,23.59728342969218,56.0717944645832,0.0
23.37990879068964,58.891398296632616,1610.31901954237,23.59728342969218,56.0717944645832,0,1,1,2,26,4320.0,23.430513570504758,58.94200307644773,1244.1050165120696,23.60730015568073,55.85774139044656,0.0
23.430513570504758,58.94200307644773,1244.1050165120696,23.60730015568073,55.85774139044656,0,0,3,1,22,4380.0,23.431352796724262,58.91116045958772,0.0,23.645880097458488,54.86058492207739,0.0
23.431352796724262,58.91116045958772,0.0,23.645880097458488,54.86058492207739,0,0,1,3,23,4440.0,23.43219328096762,58.87065470421262,0.0,23.72393682554055,54.98143879337674,1.0
23.43219328096762,58.87065470421262,0.0,23.72393682554055,54.98143879337674,1,1,1,3,21,4500.0,23.370210450069656,58.80867187331465,1289.851113655638,23.6775959920907,55.03742717641711,2.0
23.370210450069656,58.80867187331465,1289.851113655638,23.6775959920907,55.03742717641711,2,0,3,0,25,4560.0,23.374387362921055,58.77095942634568,0.0,23.712963929679805,55.395791000275786,2.0
23.374387362921055,58.77095942634568,0.0,23.712963929679805,55.395791000275786,2,1,1,1,21,4620.0,23.319832548645614,58.716404612070235,1174.6553365533555,23.925879515920798,55.46894398754589,2.0
23.319832548645614,58.716404612070235,1174.6553365533555,23.925879515920798,55.46894398754589,2,0,2,2,28,4680.0,23.324019416877857,58.68393000582499,0.0,23.849854561975704,56.14273336142698,2.0
23.324019416877857,58.68393000582499,0.0,23.849854561975704,56.14273336142698,2,1,1,5,23,4740.0,23.26469105070495,58.624601639652084,1270.2512135548661,23.888003260991688,56.08842302845119,1.0
23.26469105070495,58.624601639652084,1270.2512135548661,23.888003260991688,56.08842302845119,1,0,2,5,29,4800.0,23.267211827778628,58.59923985354008,0.0,23.853865137376996,56.026857518551154,1.0
23.267211827778628,58.59923985354008,0.0,23.853865137376996,56.026857518551154,1,0,1,5,24,4860.0,23.26973138288895,58.573516030190184,0.0,23.869502856576258,55.448637381735445,1.0
23.26973138288895,58.573516030190184,0.0,23.869502856576258,55.448637381735445,1,1,2,0,25,4920.0,23.32440401995247,58.54226724370564,1303.816117026663,23.773037097686753,55.36609605054995,1.0
23.32440401995247,58.54226724370564,1303.816117026663,23.773037097686753,55.36609605054995,1,0,1,3,27,4980.0,23.326918974388395,58.51050553177408,0.0,24.01557835686714,55.32653493935769,1.0
23.326918974388395,58.51050553177408,0.0,24.01557835686714,55.32653493935769,1,0,2,4,23,5040.0,23.329441929701144,58.478665825849916,0.0,24.0068549926511,54.85136979435317,1.0
23.329441929701144,58.478665825849916,0.0,24.0068549926511,54.85136979435317,1,1,2,3,24,5100.0,23.3890152504106,58.44239286553495,1426.268506850621,23.81935975276368,54.67984303045335,1.0
23.3890152504106,58.44239286553495,1426.268506850621,23.81935975276368,54.67984303045335,1,0,1,5,19,5160.0,23.391529595227347,58.404767367184135,0.0,23.95018235078291,54.693663619874144,1.0
23.391529595227347,58.404767367184135,0.0,23.95018235078291,54.693663619874144,1,1,1,2,24,5220.0,23.439386851876364,58.45262462383315,1133.465872262496,23.96491329128089,54.70328058462484,1.0
23.439386851876364,58.45262462383315,1133.465872262496,23.96491329128089,54.70328058462484,1,1,2,1,23,5280.0,23.377520300840935,58.41513118344107,1287.6813716682109,23.964485105819424,54.81410137437678,1.0
23.377520300840935,58.41513118344107,1287.6813716682109,23.964485105819424,54.81410137437678,1,1,2,0,28,5340.0,23.439133817612415,58.379120885350424,1477.3487819495438,24.013286454457024,54.82450338626305,1.0
23.439133817612415,58.379120885350424,1477.3487819495438,24.013286454457024,54.82450338626305,1,0,2,3,24,5400.0,23.441652956033643,58.34357471035955,0.0,24.005403866509678,54.864431804147706,2.0
23.441652956033643,58.34357471035955,0.0,24.005403866509678,54.864431804147706,2,1,2,1,27,5460.0,23.50520544894812,58.30878328129743,1484.1758637698806,24.154585739847708,54.74397166158133,2.0
23.50520544894812,58.30878328129743,1484.1758637698806,24.154585739847708,54.74397166158133,2,0,1,2,21,5520.0,23.509393761624484,58.27313516510027,0.0,24.046309488442393,54.6226191537253,2.0
23.509393761624484,58.27313516510027,0.0,24.046309488442393,54.6226191537253,2,1,1,4,22,5580.0,23.44905014419717,58.21279154767296,1290.563625697469,24.02731764402243,54.4000169002868,2.0
20.095810150989234,46.61516574400886,0.0,29.552467695984248,68.72131191250625,4,0,2,5,19,60.0,20.103625372907402,46.83622720569384,0.0,29.547626370063043,68.46860189497878,4.0
20.103625372907402,46.83622720569384,0.0,29.547626370063043,68.46860189497878,4,0,1,6,21,120.0,20.11144017294064,47.052550952586685,0.0,29.693273517843586,68.03588375701487,4.0
20.11144017294064,47.052550952586685,0.0,29.693273517843586,68.03588375701487,4,0,1,2,20,180.0,20.11925956738547,47.26238428063097,0.0,29.573556858574563,68.87237860843734,4.0
20.11925956738547,47.26238428063097,0.0,29.573556858574563,68.87237860843734,4,0,2,2,18,240.0,20.12707471062851,47.478484223909035,0.0,29.6748715639772,68.51878466492849,5.0
20.12707471062851,47.478484223909035,0.0,29.6748715639772,68.51878466492849,5,1,2,0,22,300.0,20.18905465788478,47.68888722831923,1312.3755173622894,29.72890605543084,68.30244441567717,5.0
20.18905465788478,47.68888722831923,1312.3755173622894,29.72890605543084,68.30244441567717,5,0,3,2,26,360.0,20.19853931959803,47.89502280019281,0.0,29.617328019748243,68.85705818364427,5.0
20.19853931959803,47.89502280019281,0.0,29.617328019748243,68.85705818364427,5,0,1,6,29,420.0,20.208019945888037,48.10464315402733,0.0,29.53983184259793,69.01863860246485,6.0
20.208019945888037,48.10464315402733,0.0,29.53983184259793,69.01863860246485,6,1,1,1,28,480.0,20.277527497731562,48.17415070587086,1459.0789528408782,29.57646459095204,69.27897748600489,6.0
20.277527497731562,48.17415070587086,1459.0789528408782,29.57646459095204,69.27897748600489,6,0,1,5,23,540.0,20.28867079563467,48.385198973672196,0.0,29.427638769669734,69.37902451556909,6.0
20.28867079563467,48.385198973672196,0.0,29.427638769669734,69.37902451556909,6,1,1,3,25,600.0,20.356644818403844,48.45317299644137,1420.9014292510064,29.43388346733605,69.65431131241988,6.0
20.356644818403844,48.45317299644137,1420.9014292510064,29.43388346733605,69.65431131241988,6,1,1,1,30,660.0,20.43003177224016,48.52655995027769,1556.2761470337982,29.354812405387193,68.92657457461122,6.0
20.43003177224016,48.52655995027769,1556.2761470337982,29.354812405387193,68.92657457461122,6,1,1,0,25,720.0,20.490302534716783,48.586830712754306,1228.498411387992,29.442136162122953,69.64706406007319,5.0
20.490302534716783,48.586830712754306,1228.498411387992,29.442136162122953,69.64706406007319,5,0,2,1,22,780.0,20.499767595837696,48.797433046227496,0.0,29.516935701985673,69.03267438462069,4.0
20.499767595837696,48.797433046227496,0.0,29.516935701985673,69.03267438462069,4,0,2,4,24,840.0,20.507568168107902,48.99978545961143,0.0,29.56426982032419,68.92427836877673,4.0
20.507568168107902,48.99978545961143,0.0,29.56426982032419,68.92427836877673,4,1,1,6,29,900.0,20.589450380925896,49.081667672429425,1852.0080690729865,29.7678741036082,68.71582855071703,4.0
20.589450380925896,49.081667672429425,1852.0080690729865,29.7678741036082,68.71582855071703,4,0,2,3,28,960.0,20.59725632838332,49.2780092812123,0.0,29.991023737128447,68.53958907792371,4.0
20.59725632838332,49.2780092812123,0.0,29.991023737128447,68.53958907792371,4,1,2,1,20,1020.0,20.540188096529203,49.47062507917941,1297.6271486881492,30.018622322070502,69.58322515882053,4.0
20.540188096529203,49.47062507917941,1297.6271486881492,30.018622322070502,69.58322515882053,4,0,2,0,21,1080.0,20.54800404433672,49.67175107997583,0.0,29.89337517237227,69.74340787873675,4.0
20.54800404433672,49.67175107997583,0.0,29.89337517237227,69.74340787873675,4,1,3,6,23,1140.0,20.620028265140853,49.87246764796344,1605.3177108299244,29.901882286292132,68.9502403411708,4.0
20.620028265140853,49.87246764796344,1605.3177108299244,29.901882286292132,68.9502403411708,4,1,3,4,19,1200.0,20.556491566999927,50.063245374895516,1426.9218654992962,29.839897023456412,69.26623390775777,4.0
20.556491566999927,50.063245374895516,1426.9218654992962,29.839897023456412,69.26623390775777,4,1,3,0,20,1260.0,20.507770662039228,50.25527526022414,1130.607036184996,29.974196531230444,69.75800680396155,4.0
20.507770662039228,50.25527526022414,1130.607036184996,29.974196531230444,69.75800680396155,4,1,3,5,27,1320.0,20.58843984024759,50.45030257566151,1821.3407669848032,29.996927910779675,69.21281070455782,4.0
20.58843984024759,50.45030257566151,1821.3407669848032,29.996927910779675,69.21281070455782,4,0,3,2,28,1380.0,20.59625345651661,50.637927656950474,0.0,30.089931630502004,68.6885244704337,5.0
20.59625345651661,50.637927656950474,0.0,30.089931630502004,68.6885244704337,5,0,1,2,21,1440.0,20.60573657912241,50.818433625085305,0.0,30.036578612632194,68.37464852286543,5.0
20.60573657912241,50.818433625085305,0.0,30.036578612632194,68.37464852286543,5,0,3,4,26,1500.0,20.615217607190193,50.99399577406311,0.0,29.88546925778694,68.90232505660094,5.0
20.615217607190193,50.99399577406311,0.0,29.88546925778694,68.90232505660094,5,1,2,1,18,1560.0,20.553455346782563,51.173079066888484,1424.7587092529823,29.896123725430378,69.21980649340722,5.0
20.553455346782563,51.173079066888484,1424.7587092529823,29.896123725430378,69.21980649340722,5,1,2,3,19,1620.0,20.488574014782117,51.353546341153674,1487.188418927997,29.82477672050145,70.04752303385878,5.0
20.488574014782117,51.353546341153674,1487.188418927997,29.82477672050145,70.04752303385878,5,0,2,2,26,1680.0,20.49805188820564,51.54048610808073,0.0,29.723416965450376,69.49741084401835,5.0
20.49805188820564,51.54048610808073,0.0,29.723416965450376,69.49741084401835,5,0,1,1,30,1740.0,20.50752606704155,51.7200553554401,0.0,29.70462754312151,69.71242188109343,5.0
20.50752606704155,51.7200553554401,0.0,29.70462754312151,69.71242188109343,5,1,1,3,20,1800.0,20.458040166314674,51.67056945471323,1179.182748854889,29.732484945765325,69.59639053679443,5.0
20.458040166314674,51.67056945471323,1179.182748854889,29.732484945765325,69.59639053679443,5,0,3,1,30,1860.0,20.467515981140657,51.84982766553404,0.0,29.836282035335763,69.73075203618589,5.0
20.467515981140657,51.84982766553404,0.0,29.836282035335763,69.73075203618589,5,0,3,6,18,1920.0,20.47699494000913,52.02863690924056,0.0,29.756096425881417,70.00227121655999,4.0
20.47699494000913,52.02863690924056,0.0,29.756096425881417,70.00227121655999,4,1,1,3,19,1980.0,20.423057882939467,51.9746998521709,1234.927209050525,29.627235246444904,69.29446419476399,4.0
20.423057882939467,51.9746998521709,1234.927209050525,29.627235246444904,69.29446419476399,4,1,3,1,25,2040.0,20.487637425141994,52.14789749559683,1419.3184072602457,29.702495598835526,68.99493710461792,3.0
20.487637425141994,52.14789749559683,1419.3184072602457,29.702495598835526,68.99493710461792,3,0,1,4,22,2100.0,20.493777920414452,52.316367891687044,0.0,29.574099000492414,69.53906284608044,3.0
20.493777920414452,52.316367891687044,0.0,29.574099000492414,69.53906284608044,3,0,3,3,27,2160.0,20.49991393111712,52.48859484123098,0.0,29.56007085385392,70.19955263781542,3.0
20.49991393111712,52.48859484123098,0.0,29.56007085385392,70.19955263781542,3,1,3,1,22,2220.0,20.55571446850033,52.66570441919682,1241.6299704779863,29.621715823601157,70.53109698680602,3.0
20.55571446850033,52.66570441919682,1241.6299704779863,29.621715823601157,70.53109698680602,3,1,3,4,28,2280.0,20.634302915681992,52.844358344872916,1811.3228450789782,29.601967500234895,69.77042501057409,3.0
20.634302915681992,52.844358344872916,1811.3228450789782,29.601967500234895,69.77042501057409,3,1,2,2,22,2340.0,20.696840611470744,53.013619011529926,1410.1360075649886,29.64213519312524,71.03967174010495,3.0
20.696840611470744,53.013619011529926,1410.1360075649886,29.64213519312524,71.03967174010495,3,0,2,0,30,2400.0,20.702972121290134,53.19387953881568,0.0,29.59699877579973,71.22498362316769,4.0
20.702972121290134,53.19387953881568,0.0,29.59699877579973,71.22498362316769,4,0,2,2,22,2460.0,20.710768588845283,53.3741905796592,0.0,29.48141730524121,71.23298300823254,4.0
20.710768588845283,53.3741905796592,0.0,29.48141730524121,71.23298300823254,4,1,2,3,28,2520.0,20.793879222497285,53.552778503944936,1882.9569673696756,29.524921578734656,72.14262570869968,3.0
20.793879222497285,53.552778503944936,1882.9569673696756,29.524921578734656,72.14262570869968,3,1,1,4,22,2580.0,20.850898280441832,53.60979756188948,1272.367246650163,29.60762041968577,71.82082935764191,2.0
20.850898280441832,53.60979756188948,1272.367246650163,29.60762041968577,71.82082935764191,2,1,1,2,22,2640.0,20.9018848616295,53.66078414307715,1163.2005945756991,29.677320196082015,72.16549818600915,2.0
20.9018848616295,53.66078414307715,1163.2005945756991,29.677320196082015,72.16549818600915,2,0,1,5,20,2700.0,20.906344042807316,53.84583128350647,0.0,29.567656445218134,71.55419951201485,2.0
20.906344042807316,53.84583128350647,0.0,29.567656445218134,71.55419951201485,2,1,2,2,26,2760.0,20.977046671614385,54.02291496579156,1656.1812931747172,29.467855727114987,72.04293434136244,2.0
20.977046671614385,54.02291496579156,1656.1812931747172,29.467855727114987,72.04293434136244,2,1,1,3,28,2820.0,21.043649157904856,54.08951745208203,1553.8198163821728,29.43432564300264,72.10352335416866,2.0
21.043649157904856,54.08951745208203,1553.8198163821728,29.43432564300264,72.10352335416866,2,0,2,1,20,2880.0,21.048095513787693,54.26965751110289,0.0,29.52809062562235,72.43085369221691,2.0
21.048095513787693,54.26965751110289,0.0,29.52809062562235,72.43085369221691,2,1,1,5,21,2940.0,20.9898945484775,54.2114565457927,1253.0059696117307,29.545473843464155,72.40194853239922,2.0
20.9898945484775,54.2114565457927,1253.0059696117307,29.545473843464155,72.40194853239922,2,0,3,6,22,3000.0,20.994346401120666,54.393361465658764,0.0,29.54823247862651,72.86529689959104,3.0
20.994346401120666,54.393361465658764,0.0,29.54823247862651,72.86529689959104,3,1,2,4,30,3060.0,21.084001146354687,54.578080819998085,2088.407059119312,29.762329508259544,72.87250518090882,3.0
21.084001146354687,54.578080819998085,2088.407059119312,29.762329508259544,72.87250518090882,3,1,3,6,25,3120.0,21.15852351402151,54.76102506360719,1709.9939180356398,29.699816635980227,73.41710489443042,3.0
21.15852351402151,54.76102506360719,1709.9939180356398,29.699816635980227,73.41710489443042,3,0,2,5,24,3180.0,21.164641557125577,54.94758586191543,0.0,29.707443991510935,73.15243748096754,3.0
21.164641557125577,54.94758586191543,0.0,29.707443991510935,73.15243748096754,3,1,1,4,18,3240.0,21.10126572586868,54.88421003065853,1389.8784934275347,29.83541138701016,74.15696617586767,3.0
21.10126572586868,54.88421003065853,1389.8784934275347,29.83541138701016,74.15696617586767,3,1,2,6,27,3300.0,21.188194248326006,55.07693759211062,2020.101273382243,29.643310073127836,74.48492574569708,3.0
21.188194248326006,55.07693759211062,2020.101273382243,29.643310073127836,74.48492574569708,3,1,1,1,23,3360.0,21.240114210932013,55.128857554716625,1145.1198019628846,29.586039528062624,73.69100948868015,3.0
21.240114210932013,55.128857554716625,1145.1198019628846,29.586039528062624,73.69100948868015,3,0,1,5,26,3420.0,21.246225741775916,55.31447907405626,0.0,29.45594920543296,74.09705814354635,3.0
21.246225741775916,55.31447907405626,0.0,29.45594920543296,74.09705814354635,3,1,3,5,24,3480.0,21.314905611768154,55.50230486475116,1564.3219802529056,29.56298450926726,74.21707023098912,3.0
21.314905611768154,55.50230486475116,1564.3219802529056,29.56298450926726,74.21707023098912,3,0,2,2,30,3540.0,21.321013881064736,55.68945251841354,0.0,29.476655152467494,74.19123140213813,3.0
21.321013881064736,55.68945251841354,0.0,29.476655152467494,74.19123140213813,3,0,3,6,26,3600.0,21.327119069107116,55.87447030725078,0.0,29.33599425226717,74.6927306605927,3.0
21.327119069107116,55.87447030725078,0.0,29.33599425226717,74.6927306605927,3,0,2,0,28,3660.0,21.333219364946554,56.0626529107842,0.0,29.151790877688608,74.8191778690138,4.0
21.333219364946554,56.0626529107842,0.0,29.151790877688608,74.8191778690138,4,1,3,4,22,3720.0,21.39554028487352,56.2502181603665,1364.0075219135274,29.122539258333674,75.15467419505826,4.0
21.39554028487352,56.2502181603665,1364.0075219135274,29.122539258333674,75.15467419505826,4,1,2,0,30,3780.0,21.471948554822273,56.439262720713415,1716.2675829075888,29.134323690947806,74.63469011924974,4.0
21.471948554822273,56.439262720713415,1716.2675829075888,29.134323690947806,74.63469011924974,4,0,1,2,27,3840.0,21.47970396732681,56.62121699469878,0.0,29.17990745878662,74.35666384051004,4.0
21.47970396732681,56.62121699469878,0.0,29.17990745878662,74.35666384051004,4,0,3,6,21,3900.0,21.487460640776526,56.79857146315689,0.0,29.175331461870428,74.87895664278076,4.0
21.487460640776526,56.79857146315689,0.0,29.175331461870428,74.87895664278076,4,1,3,6,28,3960.0,21.571042765704608,56.97937531495313,1895.6465641844784,29.114616694207697,75.36818654277323,4.0
21.571042765704608,56.97937531495313,1895.6465641844784,29.114616694207697,75.36818654277323,4,0,2,4,22,4020.0,21.57879421816889,57.163263427231335,0.0,29.04438760370392,77.14641557996164,4.0
21.57879421816889,57.163263427231335,0.0,29.04438760370392,77.14641557996164,4,0,2,6,26,4080.0,21.586543071281742,57.363094948758636,0.0,29.125983840650107,75.99488498737642,4.0
21.586543071281742,57.363094948758636,0.0,29.125983840650107,75.99488498737642,4,0,1,5,28,4140.0,21.594294385974056,57.549412849144815,0.0,29.1299719503604,75.23328849116763,3.0
21.594294385974056,57.549412849144815,0.0,29.1299719503604,75.23328849116763,3,0,3,4,19,4200.0,21.600378908559534,57.72625160556505,0.0,29.24933785649601,75.22923190605745,3.0
21.600378908559534,57.72625160556505,0.0,29.24933785649601,75.22923190605745,3,0,3,1,29,4260.0,21.606467207191134,57.90128140856997,0.0,29.170827791508557,75.85107223573179,3.0
21.606467207191134,57.90128140856997,0.0,29.170827791508557,75.85107223573179,3,1,1,1,20,4320.0,21.5558357094584,57.850649910837234,1134.3395283775346,28.969800364748725,75.88846065904256,3.0
21.5558357094584,57.850649910837234,1134.3395283775346,28.969800364748725,75.88846065904256,3,0,1,0,29,4380.0,21.56191617494691,58.03102801831929,0.0,28.994352209081462,75.65579939987202,3.0
21.56191617494691,58.03102801831929,0.0,28.994352209081462,75.65579939987202,3,1,2,4,25,4440.0,21.6354989375642,58.20727573213482,1687.5420354038226,28.94414142659849,75.81088731346344,3.0
21.6354989375642,58.20727573213482,1687.5420354038226,28.94414142659849,75.81088731346344,3,0,2,3,30,4500.0,21.641575892313835,58.38331184794811,0.0,28.904154676352768,75.06800261066648,3.0
21.641575892313835,58.38331184794811,0.0,28.904154676352768,75.06800261066648,3,0,3,0,25,4560.0,21.647651311606637,58.55015875557529,0.0,28.919349864147133,74.98199058715912,2.0
21.647651311606637,58.55015875557529,0.0,28.919349864147133,74.98199058715912,2,1,1,6,21,4620.0,21.584955501462332,58.487462945430984,1342.0973352544313,29.027379139959276,75.60435617087433,2.0
21.584955501462332,58.487462945430984,1342.0973352544313,29.027379139959276,75.60435617087433,2,1,3,6,21,4680.0,21.51577903299922,58.658631877685416,1471.8243183545567,29.044593680825503,75.86414758471683,2.0
21.51577903299922,58.658631877685416,1471.8243183545567,29.044593680825503,75.86414758471683,2,1,1,1,28,4740.0,21.57581352418485,58.71866636887104,1390.4216007675411,29.125404308821253,76.94160651923262,2.0
21.57581352418485,58.71866636887104,1390.4216007675411,29.125404308821253,76.94160651923262,2,0,3,1,22,4800.0,21.58023184387767,58.90089577037466,0.0,29.128273644834977,77.47526080278674,2.0
21.58023184387767,58.90089577037466,0.0,29.128273644834977,77.47526080278674,2,0,1,0,19,4860.0,21.5846501119377,59.08663942069878,0.0,29.393904870013948,77.54770313648528,3.0
21.5846501119377,59.08663942069878,0.0,29.393904870013948,77.54770313648528,3,1,3,3,26,4920.0,21.65251458897977,59.27125005785665,1544.2708804199403,29.44142238570336,77.94289894157828,3.0
21.65251458897977,59.27125005785665,1544.2708804199403,29.44142238570336,77.94289894157828,3,0,3,0,26,4980.0,21.658607552572995,59.45796654669386,0.0,29.533193438159383,76.97954414328781,3.0
21.658607552572995,59.45796654669386,0.0,29.533193438159383,76.97954414328781,3,0,1,6,30,5040.0,21.664703372102515,59.6331823226598,0.0,29.498308238440263,77.49582500346808,3.0
21.664703372102515,59.6331823226598,0.0,29.498308238440263,77.49582500346808,3,0,3,5,28,5100.0,21.67079782559806,59.81180874946788,0.0,29.471381296005,77.1551303937563,3.0
21.67079782559806,59.81180874946788,0.0,29.471381296005,77.1551303937563,3,1,1,1,23,5160.0,21.721682502946653,59.86269342681647,1119.7831141561016,29.42565000534933,77.23296808760048,4.0
21.721682502946653,59.86269342681647,1119.7831141561016,29.42565000534933,77.23296808760048,4,1,3,6,30,5220.0,21.81031528990497,60.03639617342431,2021.8997010393146,29.341126994805645,77.30840190185626,5.0
21.81031528990497,60.03639617342431,2021.8997010393146,29.341126994805645,77.30840190185626,5,0,2,1,25,5280.0,21.819732983628466,60.20911623070863,0.0,29.485827456564152,77.94436105356743,5.0
21.819732983628466,60.20911623070863,0.0,29.485827456564152,77.94436105356743,5,1,1,1,23,5340.0,21.873633747511946,60.26301699459211,1111.9640183595054,29.685054803738314,78.2909418124689,5.0
21.873633747511946,60.26301699459211,1111.9640183595054,29.685054803738314,78.2909418124689,5,1,1,5,21,5400.0,21.817830689419512,60.20721393649967,1304.6021092194965,29.870673167720213,78.44743251680002,5.0
21.817830689419512,60.20721393649967,1304.6021092194965,29.870673167720213,78.44743251680002,5,0,2,3,27,5460.0,21.827265784168787,60.38961612230268,0.0,29.884714153225744,78.56883348140185,5.0
21.827265784168787,60.38961612230268,0.0,29.884714153225744,78.56883348140185,5,0,1,4,24,5520.0,21.836701032447756,60.57140829589367,0.0,29.789719880154756,78.23412857325914,4.0
21.836701032447756,60.57140829589367,0.0,29.789719880154756,78.23412857325914,4,1,2,2,24,5580.0,21.90297724235035,60.74803549866732,1462.777731858448,29.813306386729714,78.80988614622564,4.0
21.90297724235035,60.74803549866732,1462.777731858448,29.813306386729714,78.80988614622564,4,0,1,2,30,5640.0,21.910740919988495,60.9286540051429,0.0,29.900490843717122,78.83453485883422,4.0
21.910740919988495,60.9286540051429,0.0,29.900490843717122,78.83453485883422,4,1,1,2,18,5700.0,21.852752707455984,60.870665792610396,1315.0907505993673,29.757753347009615,79.09880740572869,4.0
21.852752707455984,60.870665792610396,1315.0907505993673,29.757753347009615,79.09880740572869,4,1,1,1,22,5760.0,21.902825426791644,60.920738511946055,1057.730482858561,29.715727041540507,79.21003983689992,4.0
21.902825426791644,60.920738511946055,1057.730482858561,29.715727041540507,79.21003983689992,4,0,2,6,25,5820.0,21.91058585684547,61.103631525195595,0.0,29.650305829966673,79.4512489492623,4.0
21.91058585684547,61.103631525195595,0.0,29.650305829966673,79.4512489492623,4,1,3,1,19,5880.0,21.852189530849596,61.28710769943626,1323.0863332328256,29.543327259758822,79.78039756186426,4.0
21.852189530849596,61.28710769943626,1323.0863332328256,29.543327259758822,79.78039756186426,4,1,3,6,29,5940.0,21.937588640048997,61.472040598060545,1941.0684485442537,29.622318034444213,79.63017615745049,3.0
21.937588640048997,61.472040598060545,1941.0684485442537,29.622318034444213,79.63017615745049,3,1,3,4,25,6000.0,22.00456289701908,61.653621953654444,1522.1191497567663,29.70179404029258,78.9045927543009,3.0
22.00456289701908,61.653621953654444,1522.1191497567663,29.70179404029258,78.9045927543009,3,1,1,6,26,6060.0,22.073040941191607,61.72209999782697,1559.7034116937598,29.711958748587428,79.0597020169283,3.0
22.073040941191607,61.72209999782697,1559.7034116937598,29.711958748587428,79.0597020169283,3,1,1,6,24,6120.0,22.136138998671424,61.78519805530679,1425.2523388225454,29.713740040855512,79.30227151659429,3.0
22.136138998671424,61.78519805530679,1425.2523388225454,29.713740040855512,79.30227151659429,3,0,2,1,25,6180.0,22.142224918706162,61.96036878991967,0.0,29.8388189103918,78.99085832931767,3.0
22.142224918706162,61.96036878991967,0.0,29.8388189103918,78.99085832931767,3,1,1,4,20,6240.0,22.081888130416434,61.90003200162994,1328.5334951223697,29.787470074014397,79.66223213097605,3.0
22.081888130416434,61.90003200162994,1328.5334951223697,29.787470074014397,79.66223213097605,3,1,1,6,25,6300.0,22.14756540734214,61.96570927855564,1489.6772715229317,29.78162784296241,78.74144932273377,3.0
22.14756540734214,61.96570927855564,1489.6772715229317,29.78162784296241,78.74144932273377,3,0,3,4,30,6360.0,22.153653209423325,62.13346667899742,0.0,29.876076601147147,79.54754848143791,4.0
22.153653209423325,62.13346667899742,0.0,29.876076601147147,79.54754848143791,4,1,1,3,23,6420.0,22.209357221154708,62.1891706907288,1198.6649404581588,29.974778084753524,78.78609985819502,3.0
22.209357221154708,62.1891706907288,1198.6649404581588,29.974778084753524,78.78609985819502,3,0,1,6,29,6480.0,22.21544940185016,62.355139982403465,0.0,30.167351626799384,78.63311560962241,3.0
22.21544940185016,62.355139982403465,0.0,30.167351626799384,78.63311560962241,3,0,2,5,22,6540.0,22.221547798590993,62.51791973867565,0.0,30.139977792159016,79.16946844643596,2.0
22.221547798590993,62.51791973867565,0.0,30.139977792159016,79.16946844643596,2,1,3,6,21,6600.0,22.15011137954415,62.684435225753255,1517.340667599256,30.164685605644607,79.16360717186915,2.0
22.15011137954415,62.684435225753255,1517.340667599256,30.164685605644607,79.16360717186915,2,1,2,6,18,6660.0,22.0603597643048,62.84922694521441,1883.7086876044436,30.08683217417308,78.62705770021574,2.0
22.0603597643048,62.84922694521441,1883.7086876044436,30.08683217417308,78.62705770021574,2,0,1,0,22,6720.0,22.064793980051796,63.00700525276442,0.0,30.090936186038192,79.60231244474551,2.0
22.064793980051796,63.00700525276442,0.0,30.090936186038192,79.60231244474551,2,1,3,3,27,6780.0,22.132314256022465,63.17295832468423,1577.151780761724,29.96022155936522,80.30921835585947,2.0
22.132314256022465,63.17295832468423,1577.151780761724,29.96022155936522,80.30921835585947,2,1,1,4,30,6840.0,22.203624298718122,63.24426836737989,1672.0611446386522,30.08285071645008,79.91579615742089,2.0
22.203624298718122,63.24426836737989,1672.0611446386522,30.08285071645008,79.91579615742089,2,0,3,4,27,6900.0,22.20805360626538,63.4109836452803,0.0,30.125342676689446,80.75412155880157,2.0
22.20805360626538,63.4109836452803,0.0,30.125342676689446,80.75412155880157,2,0,2,5,18,6960.0,22.212484182567728,63.584415024415506,0.0,30.089419021654674,80.4640489261938,2.0
22.212484182567728,63.584415024415506,0.0,30.089419021654674,80.4640489261938,2,1,1,5,19,7020.0,22.144374400658506,63.516305242506284,1450.780261410483,30.1098155817458,80.67954453583299,2.0
22.144374400658506,63.516305242506284,1450.780261410483,30.1098155817458,80.67954453583299,2,0,1,3,29,7080.0,22.14880658203121,63.68793763543955,0.0,30.02561792883959,80.45746082515113,2.0
22.14880658203121,63.68793763543955,0.0,30.02561792883959,80.45746082515113,2,1,3,2,27,7140.0,22.213375697147587,63.855632867336666,1503.4972017871116,30.034525305810998,80.26411766415913,2.0
22.213375697147587,63.855632867336666,1503.4972017871116,30.034525305810998,80.26411766415913,2,1,2,0,30,7200.0,22.284490967128054,64.01971771530489,1667.197458171145,29.96644081017507,80.77632061379333,2.0
22.284490967128054,64.01971771530489,1667.197458171145,29.96644081017507,80.77632061379333,2,0,1,3,18,7260.0,22.28891369878949,64.18728374428977,0.0,30.140428765641413,80.37413548138838,2.0
22.28891369878949,64.18728374428977,0.0,30.140428765641413,80.37413548138838,2,1,3,5,20,7320.0,22.216723941785464,64.34915226166076,1532.3628167917773,30.075208515332214,80.46386689070535,2.0
22.216723941785464,64.34915226166076,1532.3628167917773,30.075208515332214,80.46386689070535,2,0,1,5,22,7380.0,22.221152557937916,64.51029940795121,0.0,30.061552861720667,81.10440508675094,2.0
22.221152557937916,64.51029940795121,0.0,30.061552861720667,81.10440508675094,2,0,3,4,21,7440.0,22.225580571281377,64.67624046473921,0.0,30.01670260831436,81.18969899332758,2.0
22.225580571281377,64.67624046473921,0.0,30.01670260831436,81.18969899332758,2,1,3,3,25,7500.0,22.2876262231706,64.84137505002509,1440.482028866453,30.123293587029522,80.75754513581285,2.0
22.2876262231706,64.84137505002509,1440.482028866453,30.123293587029522,80.75754513581285,2,1,2,5,30,7560.0,22.375191200079886,65.00053675088297,2078.4280332622047,30.205542618750084,80.86373579210087,2.0
22.375191200079886,65.00053675088297,2078.4280332622047,30.205542618750084,80.86373579210087,2,1,2,4,21,7620.0,22.30266819014022,65.15916874129515,1539.0137664057518,30.086868337384736,79.98709455377319,2.0
22.30266819014022,65.15916874129515,1539.0137664057518,30.086868337384736,79.98709455377319,2,1,2,3,22,7680.0,22.237050124889144,65.30744799941992,1400.8841051196753,30.20602717701625,79.62976599561328,2.0
22.237050124889144,65.30744799941992,1400.8841051196753,30.20602717701625,79.62976599561328,2,1,3,6,21,7740.0,22.165559969927738,65.45067117938186,1518.4490839295738,30.290218663793286,79.9960483045471,1.0
22.165559969927738,65.45067117938186,1518.4490839295738,30.290218663793286,79.9960483045471,1,0,3,0,25,7800.0,22.168330791884202,65.59612495063351,0.0,30.31240092232007,79.95031795236856,1.0
22.168330791884202,65.59612495063351,0.0,30.31240092232007,79.95031795236856,1,0,3,4,27,7860.0,22.17110226088855,65.73966688065086,0.0,30.43649484105855,80.37349366547157,0.0
22.17110226088855,65.73966688065086,0.0,30.43649484105855,80.37349366547157,0,0,3,0,30,7920.0,22.172211107307888,65.88600514849907,0.0,30.29018471593358,80.49530367621648,0.0
22.172211107307888,65.88600514849907,0.0,30.29018471593358,80.49530367621648,0,1,3,1,29,7980.0,22.235287232103627,66.03209813377624,1549.3048085529695,30.215760109819605,79.88865769818952,0.0
22.235287232103627,66.03209813377624,1549.3048085529695,30.215760109819605,79.88865769818952,0,0,3,4,20,8040.0,22.23638658119955,66.17066372942038,0.0,30.228616001956546,79.74497187834062,0.0
22.23638658119955,66.17066372942038,0.0,30.228616001956546,79.74497187834062,0,0,1,3,24,8100.0,22.237486322180242,66.30640681090958,0.0,30.112594296253267,79.64851329207559,0.0
22.237486322180242,66.30640681090958,0.0,30.112594296253267,79.64851329207559,0,0,1,0,28,8160.0,22.23858215911271,66.43982787572124,0.0,30.09610193836184,79.70437515723708,0.0
22.23858215911271,66.43982787572124,0.0,30.09610193836184,79.70437515723708,0,1,3,0,20,8220.0,22.17852130883446,66.57247334853639,1223.122018751199,30.09110731622726,80.13798674508371,1.0
22.17852130883446,66.57247334853639,1223.122018751199,30.09110731622726,80.13798674508371,1,0,3,4,29,8280.0,22.18128506170137,66.70812848250186,0.0,29.929574388401587,79.56883228533279,1.0
22.18128506170137,66.70812848250186,0.0,29.929574388401587,79.56883228533279,1,1,1,3,18,8340.0,22.11452214345987,66.64136556426035,1390.4238910478289,29.93824384555014,79.94032999080237,1.0
22.11452214345987,66.64136556426035,1390.4238910478289,29.93824384555014,79.94032999080237,1,1,1,4,20,8400.0,22.050939367752893,66.57778278855338,1326.871328607592,30.017637357641192,80.04712827808453,1.0
22.050939367752893,66.57778278855338,1326.871328607592,30.017637357641192,80.04712827808453,1,1,2,1,25,8460.0,22.11153655714582,66.71247624344869,1445.790819831568,30.034741950634096,79.43474011358704,1.0
22.11153655714582,66.71247624344869,1445.790819831568,30.034741950634096,79.43474011358704,1,1,3,6,24,8520.0,22.17690166943883,66.83969888215007,1565.025136164074,30.173402196214347,80.14994886278816,1.0
22.17690166943883,66.83969888215007,1565.025136164074,30.173402196214347,80.14994886278816,1,0,3,4,27,8580.0,22.17966821945639,66.97280138195646,0.0,30.152256525278823,80.02374134019362,0.0
22.17966821945639,66.97280138195646,0.0,30.152256525278823,80.02374134019362,0,0,1,2,20,8640.0,22.180767305733248,67.10331078153882,0.0,30.27034458276361,79.9220852093611,1.0
22.180767305733248,67.10331078153882,0.0,30.27034458276361,79.9220852093611,1,1,1,2,22,8700.0,22.128039848218382,67.05058332402396,1109.9422018153286,30.148371022130974,78.92031999965502,1.0
22.128039848218382,67.05058332402396,1109.9422018153286,30.148371022130974,78.92031999965502,1,1,3,6,24,8760.0,22.193360998624943,67.16928069078027,1563.8451508523858,30.026493398812054,78.57036529377132,1.0
22.193360998624943,67.16928069078027,1563.8451508523858,30.026493398812054,78.57036529377132,1,1,1,3,23,8820.0,22.243977372741444,67.21989706489677,1196.3817425790658,30.11903209954633,78.51777755872031,0.0
22.243977372741444,67.21989706489677,1196.3817425790658,30.11903209954633,78.51777755872031,0,0,2,4,20,8880.0,22.245073207899004,67.33287586983501,0.0,30.11945431152219,76.9828575228009,1.0
22.245073207899004,67.33287586983501,0.0,30.11945431152219,76.9828575228009,1,1,3,6,26,8940.0,22.315774777894536,67.42937568636466,1698.4772656352213,30.11280365699195,76.75020660336527,1.0
22.315774777894536,67.42937568636466,1698.4772656352213,30.11280365699195,76.75020660336527,1,1,2,0,24,9000.0,22.370576819390227,67.52258399553467,1301.053513326328,30.168814931396366,76.76278906154488,1.0
22.370576819390227,67.52258399553467,1301.053513326328,30.168814931396366,76.76278906154488,1,1,3,6,24,9060.0,22.43519691095717,67.61498604619477,1546.5037574135988,30.006218555030074,76.46018397081276,1.0
22.43519691095717,67.61498604619477,1546.5037574135988,30.006218555030074,76.46018397081276,1,0,1,3,21,9120.0,22.437949278345307,67.70343802544095,0.0,30.17559361745155,76.88852786547207,2.0
22.437949278345307,67.70343802544095,0.0,30.17559361745155,76.88852786547207,2,1,2,6,30,9180.0,22.528367464741507,67.79528892384126,2149.839956289066,30.138127461200824,76.34108267263352,2.0
22.528367464741507,67.79528892384126,2149.839956289066,30.138127461200824,76.34108267263352,2,1,3,6,19,9240.0,22.44867387638827,67.88074686132917,1682.2782737290179,30.171335421796748,76.11242031739467,2.0
22.44867387638827,67.88074686132917,1682.2782737290179,30.171335421796748,76.11242031739467,2,0,2,0,26,9300.0,22.45309796510645,67.96306359588982,0.0,30.244861859782294,75.72953117573965,2.0
22.45309796510645,67.96306359588982,0.0,30.244861859782294,75.72953117573965,2,0,2,1,30,9360.0,22.457524357236274,68.04072827168832,0.0,30.287063295723364,75.62117367004643,2.0
22.457524357236274,68.04072827168832,0.0,30.287063295723364,75.62117367004643,2,1,1,6,24,9420.0,22.51796244520541,68.10116635965746,1400.2609167796422,30.28337017095086,75.60041330840062,3.0
22.51796244520541,68.10116635965746,1400.2609167796422,30.28337017095086,75.60041330840062,3,0,1,3,28,9480.0,22.524054625462934,68.17615882914488,0.0,30.347838293479356,75.71012230833908,3.0
22.524054625462934,68.17615882914488,0.0,30.347838293479356,75.71012230833908,3,1,1,2,19,9540.0,22.465457601365177,68.11756180504713,1293.8230044004613,30.331279543331753,75.4112944938737,2.0
22.465457601365177,68.11756180504713,1293.8230044004613,30.331279543331753,75.4112944938737,2,1,1,1,21,9600.0,22.41353963589299,68.06564383957495,1126.9365240716718,30.32602025423227,75.24709907511011,2.0
22.41353963589299,68.06564383957495,1126.9365240716718,30.32602025423227,75.24709907511011,2,0,3,0,28,9660.0,22.417970051913603,68.1374583919303,0.0,30.287301958371852,75.42925728640506,2.0
22.417970051913603,68.1374583919303,0.0,30.287301958371852,75.42925728640506,2,0,2,0,23,9720.0,22.422399029643817,68.21037638087505,0.0,30.353178044154262,75.21940161814835,2.0
22.422399029643817,68.21037638087505,0.0,30.353178044154262,75.21940161814835,2,0,3,4,27,9780.0,22.426830055610967,68.28046663324778,0.0,30.3254497118905,75.33543971639966,2.0
22.426830055610967,68.28046663324778,0.0,30.3254497118905,75.33543971639966,2,0,2,2,20,9840.0,22.43126000959951,68.3510163640793,0.0,30.539804588027696,75.49090993928299,2.0
22.43126000959951,68.3510163640793,0.0,30.539804588027696,75.49090993928299,2,1,2,2,19,9900.0,22.358373803053777,68.42241529983134,1546.4631606335677,30.509527133515142,75.82115443045583,3.0
22.358373803053777,68.42241529983134,1546.4631606335677,30.509527133515142,75.82115443045583,3,1,2,5,26,9960.0,22.435403720088964,68.49640269113759,1773.1219647709665,30.38907636238752,75.92623142975617,3.0
22.435403720088964,68.49640269113759,1773.1219647709665,30.38907636238752,75.92623142975617,3,0,1,6,27,10020.0,22.441502175843706,68.57070097852377,0.0,30.372703567105752,75.51950406789167,3.0
22.441502175843706,68.57070097852377,0.0,30.372703567105752,75.51950406789167,3,1,3,1,19,10080.0,22.379912545024,68.64018900941745,1353.746750654974,30.418691791477134,74.98383469281265,4.0
22.379912545024,68.64018900941745,1353.746750654974,30.418691791477134,74.98383469281265,4,0,2,2,28,10140.0,22.387680504332213,68.70362546625141,0.0,30.54225609955878,74.10148897522818,4.0
22.387680504332213,68.70362546625141,0.0,30.54225609955878,74.10148897522818,4,0,2,1,21,10200.0,22.39545232351872,68.75760410134117,0.0,30.696955407016745,74.71378134602304,5.0
22.39545232351872,68.75760410134117,0.0,30.696955407016745,74.71378134602304,5,1,1,2,29,10260.0,22.463425711843097,68.82557748966555,1463.2501222064702,30.5851624688032,74.92629000507982,5.0
22.463425711843097,68.82557748966555,1463.2501222064702,30.5851624688032,74.92629000507982,5,1,3,2,30,10320.0,22.53950161284567,68.8865846148197,1665.9627444334926,30.67174098000444,74.89294399482723,5.0
22.53950161284567,68.8865846148197,1665.9627444334926,30.67174098000444,74.89294399482723,5,1,1,2,18,10380.0,22.481455724722583,68.8285387266966,1349.6725887065118,30.669955002023485,74.18443162678025,5.0
22.481455724722583,68.8285387266966,1349.6725887065118,30.669955002023485,74.18443162678025,5,1,1,6,18,10440.0,22.41133061025981,68.75841361223384,1591.2946221069678,30.778629264274432,73.86141501670392,5.0
22.41133061025981,68.75841361223384,1591.2946221069678,30.778629264274432,73.86141501670392,5,0,3,1,22,10500.0,22.42077618688161,68.80944362627854,0.0,30.75472498993625,74.05571449191642,6.0
22.42077618688161,68.80944362627854,0.0,30.75472498993625,74.05571449191642,6,1,2,0,29,10560.0,22.495677455659862,68.86190633493491,1594.7534287871035,30.602095524965886,73.29410890734759,6.0
22.495677455659862,68.86190633493491,1594.7534287871035,30.602095524965886,73.29410890734759,6,0,1,0,26,10620.0,22.50678100292884,68.90622836065904,0.0,30.5778286174755,73.32225725523409,6.0
22.50678100292884,68.90622836065904,0.0,30.5778286174755,73.32225725523409,6,0,2,4,20,10680.0,22.51788337118266,68.95038864960479,0.0,30.637724922267605,73.29007443048278,6.0
22.51788337118266,68.95038864960479,0.0,30.637724922267605,73.29007443048278,6,1,1,4,21,10740.0,22.464433715787482,68.89693899420962,1291.0730022709597,30.69210650702278,73.46357156004558,7.0
22.464433715787482,68.89693899420962,1291.0730022709597,30.69210650702278,73.46357156004558,7,1,3,1,28,10800.0,22.53619512966372,68.94260531986798,1474.678952913273,30.54786106123338,74.09821189897815,7.0
22.53619512966372,68.94260531986798,1474.678952913273,30.54786106123338,74.09821189897815,7,1,1,1,25,10860.0,22.59613617542248,69.00254636562674,1179.3497556926548,30.761117370096063,74.15439216981794,6.0
22.59613617542248,69.00254636562674,1179.3497556926548,30.761117370096063,74.15439216981794,6,0,3,4,25,10920.0,22.607241674795635,69.05406482366865,0.0,30.706660076913682,74.4009353708419,6.0
22.607241674795635,69.05406482366865,0.0,30.706660076913682,74.4009353708419,6,0,2,5,26,10980.0,22.618344988742372,69.10753352914038,0.0,30.830756636787534,74.56084690214894,6.0
22.618344988742372,69.10753352914038,0.0,30.830756636787534,74.56084690214894,6,0,1,0,22,11040.0,22.62945206913064,69.16206666287047,0.0,30.984641365834467,75.01647804366785,6.0
22.62945206913064,69.16206666287047,0.0,30.984641365834467,75.01647804366785,6,1,2,4,24,11100.0,22.702111086814767,69.22061077667844,1538.679451022594,31.01102796792476,74.8191381893376,6.0
22.702111086814767,69.22061077667844,1538.679451022594,31.01102796792476,74.8191381893376,6,1,1,2,27,11160.0,22.766676739653146,69.28517642951682,1336.3838902251878,30.95477621499652,75.15918453408764,6.0
22.766676739653146,69.28517642951682,1336.3838902251878,30.95477621499652,75.15918453408764,6,0,2,4,30,11220.0,22.77778300963566,69.34391651056254,0.0,31.174695018785428,75.59086279139,7.0
22.77778300963566,69.34391651056254,0.0,31.174695018785428,75.59086279139,7,0,1,5,18,11280.0,22.79056290670263,69.40638597337082,0.0,31.309573781069446,74.55889357658845,7.0
22.79056290670263,69.40638597337082,0.0,31.309573781069446,74.55889357658845,7,1,2,4,20,11340.0,22.721300847267646,69.457911049403,1640.920529282589,31.304235726227223,75.2416195491508,7.0
22.721300847267646,69.457911049403,1640.920529282589,31.304235726227223,75.2416195491508,7,1,3,5,18,11400.0,22.649107473434462,69.51574813440047,1699.5894332496507,31.352668269997494,74.91282440800589,7.0
22.649107473434462,69.51574813440047,1699.5894332496507,31.352668269997494,74.91282440800589,7,0,2,2,23,11460.0,22.66189759212768,69.56971889713653,0.0,31.527809177372387,74.87048895925605,7.0
22.66189759212768,69.56971889713653,0.0,31.527809177372387,74.87048895925605,7,0,3,1,18,11520.0,22.674693122513855,69.62272659775772,0.0,31.532173541060345,74.94040159491908,7.0
22.674693122513855,69.62272659775772,0.0,31.532173541060345,74.94040159491908,7,1,1,4,18,11580.0,22.6134642924936,69.56149776773746,1480.4815873508314,31.482908055739006,75.78238760995374,7.0
22.6134642924936,69.56149776773746,1480.4815873508314,31.482908055739006,75.78238760995374,7,0,2,6,18,11640.0,22.62625994061904,69.62370666615962,0.0,31.53485171805818,75.2023774189821,7.0
22.62625994061904,69.62370666615962,0.0,31.53485171805818,75.2023774189821,7,0,3,3,24,11700.0,22.639056893678287,69.67949337368785,0.0,31.494948924903188,75.40259341591023,7.0
22.639056893678287,69.67949337368785,0.0,31.494948924903188,75.40259341591023,7,1,1,1,25,11760.0,22.698810070602605,69.73924655061217,1173.9495130818898,31.356794019015243,74.59673488310081,7.0
22.698810070602605,69.73924655061217,1173.9495130818898,31.356794019015243,74.59673488310081,7,0,3,5,29,11820.0,22.711598670067552,69.78782143393705,0.0,31.338220342673395,74.04035284394028,7.0
22.711598670067552,69.78782143393705,0.0,31.338220342673395,74.04035284394028,7,1,1,4,27,11880.0,22.782678387315144,69.85890115118465,1457.304079795947,31.289094039907262,74.19011305364836,7.0
22.782678387315144,69.85890115118465,1457.304079795947,31.289094039907262,74.19011305364836,7,0,2,5,27,11940.0,22.795461934503564,69.90221327020929,0.0,31.42931499885759,74.4042402524068,8.0
22.795461934503564,69.90221327020929,0.0,31.42931499885759,74.4042402524068,8,0,2,6,28,12000.0,22.809916396272374,69.94723354003126,0.0,31.373295880790156,74.43090423533151,9.0
22.809916396272374,69.94723354003126,0.0,31.373295880790156,74.43090423533151,9,0,2,3,28,12060.0,22.826035175588526,69.99207024698427,0.0,31.425542292529165,74.25496314826128,9.0
22.826035175588526,69.99207024698427,0.0,31.425542292529165,74.25496314826128,9,1,3,0,28,12120.0,22.897537881772795,70.03469917599703,1384.568065342631,31.48101462279426,73.7216287793739,9.0
22.897537881772795,70.03469917599703,1384.568065342631,31.48101462279426,73.7216287793739,9,0,2,6,18,12180.0,22.913657330997495,70.0715684720308,0.0,31.1269185081596,74.4449170061248,9.0
22.913657330997495,70.0715684720308,0.0,31.1269185081596,74.4449170061248,9,0,1,4,18,12240.0,22.9297644397034,70.11530195737174,0.0,31.023437019302143,74.62978137664177,8.0
22.9297644397034,70.11530195737174,0.0,31.023437019302143,74.62978137664177,8,0,1,4,22,12300.0,22.944200895456056,70.16044675156444,0.0,31.09523015788441,75.63683823832164,7.0
22.944200895456056,70.16044675156444,0.0,31.09523015788441,75.63683823832164,7,0,1,4,19,12360.0,22.95697259643147,70.21521066643201,0.0,31.11409720263541,76.10635281707121,8.0
22.95697259643147,70.21521066643201,0.0,31.11409720263541,76.10635281707121,8,0,3,0,21,12420.0,22.971411167251677,70.27412208793841,0.0,31.09803867473953,75.6358869419996,8.0
22.971411167251677,70.27412208793841,0.0,31.09803867473953,75.6358869419996,8,1,1,5,30,12480.0,23.053420193583797,70.35613111427053,1689.2868020467702,31.111280172394896,75.36401638681664,8.0
23.053420193583797,70.35613111427053,1689.2868020467702,31.111280172394896,75.36401638681664,8,0,2,5,27,12540.0,23.06785545558309,70.40620996699599,0.0,31.07179077445552,75.37071395167698,8.0
23.06785545558309,70.40620996699599,0.0,31.07179077445552,75.37071395167698,8,1,1,0,25,12600.0,23.12615320918255,70.46450772059545,1096.6072272208455,31.064922855736132,75.59384617765927,8.0
23.12615320918255,70.46450772059545,1096.6072272208455,31.064922855736132,75.59384617765927,8,0,3,0,18,12660.0,23.1405845015041,70.51580110516609,0.0,31.042930450769305,75.67781879084926,8.0
23.1405845015041,70.51580110516609,0.0,31.042930450769305,75.67781879084926,8,0,2,2,20,12720.0,23.15501457970241,70.56742128202292,0.0,30.981511408956756,74.85135150966278,8.0
23.15501457970241,70.56742128202292,0.0,30.981511408956756,74.85135150966278,8,1,3,3,27,12780.0,23.22976994271007,70.61026058429933,1508.1953278338226,31.00349842319415,74.79486627168825,8.0
23.22976994271007,70.61026058429933,1508.1953278338226,31.00349842319415,74.79486627168825,8,1,1,6,20,12840.0,23.168698981345614,70.54918962293488,1509.9350462761545,31.027904994243464,74.75208535082132,7.0
23.168698981345614,70.54918962293488,1509.9350462761545,31.027904994243464,74.75208535082132,7,0,3,5,27,12900.0,23.181460954879377,70.59121858021373,0.0,31.110446406068338,75.73445585164595,7.0
23.181460954879377,70.59121858021373,0.0,31.110446406068338,75.73445585164595,7,0,3,0,20,12960.0,23.194225254394418,70.64265095292805,0.0,31.00441542768818,75.367790504932,7.0
23.194225254394418,70.64265095292805,0.0,31.00441542768818,75.367790504932,7,0,1,4,24,13020.0,23.20698559406686,70.68990234844809,0.0,31.04425326962692,75.02528684757712,7.0
23.20698559406686,70.68990234844809,0.0,31.04425326962692,75.02528684757712,7,1,2,5,24,13080.0,23.282125879540512,70.73325619343937,1559.4760804449854,31.07243641978357,75.35098020367055,7.0
23.282125879540512,70.73325619343937,1559.4760804449854,31.07243641978357,75.35098020367055,7,1,3,6,24,13140.0,23.354138676543034,70.77943343354168,1481.3279996128535,31.14821721207452,74.85612341471084,7.0
23.354138676543034,70.77943343354168,1481.3279996128535,31.14821721207452,74.85612341471084,7,1,2,6,24,13200.0,23.431313566490072,70.82020033335337,1610.3771832296432,31.22876885382574,74.50437980687899,7.0
23.431313566490072,70.82020033335337,1610.3771832296432,31.22876885382574,74.50437980687899,7,0,1,6,29,13260.0,23.444073481666315,70.85704212808862,0.0,31.130569895841443,74.36160136612585,7.0
23.444073481666315,70.85704212808862,0.0,31.130569895841443,74.36160136612585,7,1,3,5,27,13320.0,23.52160849613887,70.892087720469,1619.4699481354407,31.064009338050532,74.70585059891542,7.0
23.52160849613887,70.892087720469,1619.4699481354407,31.064009338050532,74.70585059891542,7,0,2,4,24,13380.0,23.534359909500267,70.93022534925346,0.0,31.02745437938385,74.5017522621503,7.0
23.534359909500267,70.93022534925346,0.0,31.02745437938385,74.5017522621503,7,1,2,2,27,13440.0,23.609058969154848,70.96594061838243,1548.7322459729821,31.12389065242003,73.2769423250225,8.0
23.609058969154848,70.96594061838243,1548.7322459729821,31.12389065242003,73.2769423250225,8,0,1,2,30,13500.0,23.623476130210957,70.98905063544883,0.0,31.31257162559497,72.74584391024153,8.0
23.623476130210957,70.98905063544883,0.0,31.31257162559497,72.74584391024153,8,1,1,6,18,13560.0,23.554622802637617,70.9201973078755,1665.5259484637122,31.363808567989555,73.2733964237122,8.0
23.554622802637617,70.9201973078755,1665.5259484637122,31.363808567989555,73.2733964237122,8,1,1,2,24,13620.0,23.61402960533066,70.97960411056854,1124.495745854931,31.52293088796638,73.04950161453046,8.0
23.61402960533066,70.97960411056854,1124.495745854931,31.52293088796638,73.04950161453046,8,1,3,1,22,13680.0,23.56604939155469,71.00030308560817,1248.2102097078457,31.42546225609462,74.05016059296354,8.0
23.56604939155469,71.00030308560817,1248.2102097078457,31.42546225609462,74.05016059296354,8,1,2,4,20,13740.0,23.495640260840577,71.03080166068172,1696.7555561919376,31.420707912267783,74.64931764705169,8.0
23.495640260840577,71.03080166068172,1696.7555561919376,31.420707912267783,74.64931764705169,8,0,3,3,20,13800.0,23.51007109642896,71.06698682054542,0.0,31.311997413520864,73.67187197475226,8.0
23.51007109642896,71.06698682054542,0.0,31.311997413520864,73.67187197475226,8,0,3,6,24,13860.0,23.524497827306195,71.0930356720875,0.0,31.330867389753873,73.92043580343037,8.0
23.524497827306195,71.0930356720875,0.0,31.330867389753873,73.92043580343037,8,1,1,4,24,13920.0,23.588065911506074,71.15660375628738,1228.5301303616284,31.275655384595353,73.10484973832264,8.0
23.588065911506074,71.15660375628738,1228.5301303616284,31.275655384595353,73.10484973832264,8,1,2,4,27,13980.0,23.66991520133004,71.17608621610773,1685.6592543715626,31.302863742969283,73.8438661158801,8.0
23.66991520133004,71.17608621610773,1685.6592543715626,31.302863742969283,73.8438661158801,8,1,1,1,25,14040.0,23.729129477691966,71.23530049246966,1119.829451930173,31.360377253334395,74.24951886872898,8.0
23.729129477691966,71.23530049246966,1119.829451930173,31.360377253334395,74.24951886872898,8,0,1,3,22,14100.0,23.743550519284486,71.26544267623225,0.0,31.33819662426045,74.00686325850292,8.0
23.743550519284486,71.26544267623225,0.0,31.33819662426045,74.00686325850292,8,1,2,3,26,14160.0,23.819398141388096,71.29285688205496,1535.6950141693706,31.523863858052223,74.02307656059642,8.0
25.05027088502294,44.70469159941293,0.0,32.49823666509577,54.58716332150686,3,0,1,0,25,60.0,25.056352483882275,44.803516316633875,0.0,32.511018518808626,54.27917809496406,3.0
25.056352483882275,44.803516316633875,0.0,32.511018518808626,54.27917809496406,3,0,3,2,27,120.0,25.06243430608344,44.89827293441718,0.0,32.49284987098608,54.55492735996194,3.0
25.06243430608344,44.89827293441718,0.0,32.49284987098608,54.55492735996194,3,1,3,4,27,180.0,25.126430493367543,44.994839478672624,1447.879335798493,32.48078855402239,54.04500311622017,3.0
25.126430493367543,44.994839478672624,1447.879335798493,32.48078855402239,54.04500311622017,3,0,3,2,18,240.0,25.132508971969564,45.0853411150481,0.0,32.55228322270062,54.82551211402541,3.0
25.132508971969564,45.0853411150481,0.0,32.55228322270062,54.82551211402541,3,0,2,0,27,300.0,25.138589631111255,45.18274282503788,0.0,32.51839365520938,55.08941217225084,3.0
25.138589631111255,45.18274282503788,0.0,32.51839365520938,55.08941217225084,3,0,2,0,22,360.0,25.14466895791206,45.28180951851001,0.0,32.457637114132176,54.75881604441458,3.0
25.14466895791206,45.28180951851001,0.0,32.457637114132176,54.75881604441458,3,0,2,4,21,420.0,25.1507460568506,45.37657958376906,0.0,32.512635685042056,55.08824794220887,3.0
25.1507460568506,45.37657958376906,0.0,32.512635685042056,55.08824794220887,3,0,3,2,19,480.0,25.156824786504874,45.47369626735345,0.0,32.60189693112648,55.534463857291044,3.0
25.156824786504874,45.47369626735345,0.0,32.60189693112648,55.534463857291044,3,1,3,2,29,540.0,25.220606772926352,45.57430394325283,1442.5121004164553,32.69063696219607,54.92595065045777,3.0
25.220606772926352,45.57430394325283,1442.5121004164553,32.69063696219607,54.92595065045777,3,0,3,4,22,600.0,25.226689107265994,45.66782041032488,0.0,32.64410704584764,54.14088800963495,4.0
25.226689107265994,45.66782041032488,0.0,32.64410704584764,54.14088800963495,4,0,1,5,19,660.0,25.23443635453061,45.75255108631798,0.0,32.80307320243198,54.0591385302705,5.0
25.23443635453061,45.75255108631798,0.0,32.80307320243198,54.0591385302705,5,1,3,4,24,720.0,25.173781669122256,45.835616960757505,1401.4727993990205,32.79255526075274,53.790915010788645,5.0
25.173781669122256,45.835616960757505,1401.4727993990205,32.79255526075274,53.790915010788645,5,0,1,2,22,780.0,25.183202294908643,45.915169941257815,0.0,32.89409341299115,52.749556880443876,5.0
25.183202294908643,45.915169941257815,0.0,32.89409341299115,52.749556880443876,5,0,2,6,28,840.0,25.192625991279247,45.983513810649676,0.0,32.812491105796525,52.32498705718738,4.0
25.192625991279247,45.983513810649676,0.0,32.812491105796525,52.32498705718738,4,0,1,5,28,900.0,25.200379986783062,46.04692854311505,0.0,32.61029175352172,52.597148409570245,4.0
25.200379986783062,46.04692854311505,0.0,32.61029175352172,52.597148409570245,4,1,1,1,26,960.0,25.251806185869707,46.09835474220169,1091.9800506938893,32.535464288043954,52.387016393990834,4.0
25.251806185869707,46.09835474220169,1091.9800506938893,32.535464288043954,52.387016393990834,4,0,2,6,21,1020.0,25.259548974473113,46.161241358719586,0.0,32.41060611913398,52.49042457488653,3.0
25.259548974473113,46.161241358719586,0.0,32.41060611913398,52.49042457488653,3,0,1,5,19,1080.0,25.265620676377935,46.22453319088125,0.0,32.231086816336806,52.038633256699235,2.0
25.265620676377935,46.22453319088125,0.0,32.231086816336806,52.038633256699235,2,0,1,3,29,1140.0,25.270019525249268,46.282674191539435,0.0,32.453993443575776,52.09806076191982,2.0
25.270019525249268,46.282674191539435,0.0,32.453993443575776,52.09806076191982,2,0,3,6,28,1200.0,25.274425657713213,46.340828057243236,0.0,32.43300923257487,52.106014571831764,1.0
25.274425657713213,46.340828057243236,0.0,32.43300923257487,52.106014571831764,1,0,2,4,28,1260.0,25.277164277165706,46.39847992238912,0.0,32.52901315066441,51.9162451231208,2.0
25.277164277165706,46.39847992238912,0.0,32.52901315066441,51.9162451231208,2,1,2,3,28,1320.0,25.34428769872318,46.45365757439644,1567.8756648755664,32.42900507640571,52.52274919459189,2.0
25.34428769872318,46.45365757439644,1567.8756648755664,32.42900507640571,52.52274919459189,2,1,3,5,27,1380.0,25.408243731464278,46.514348490598394,1488.8302207127815,32.50637961812058,51.853634509353,3.0
25.408243731464278,46.514348490598394,1488.8302207127815,32.50637961812058,51.853634509353,3,0,2,2,19,1440.0,25.414313669327168,46.56774135078594,0.0,32.44652508643698,52.64720073508019,3.0
25.414313669327168,46.56774135078594,0.0,32.44652508643698,52.64720073508019,3,1,3,0,22,1500.0,25.355992047117088,46.62853594462888,1287.787251812994,32.45452779527173,53.34798980457991,3.0
25.355992047117088,46.62853594462888,1287.787251812994,32.45452779527173,53.34798980457991,3,0,1,4,20,1560.0,25.362061998308693,46.69573048322839,0.0,32.55243137781848,53.026412805979355,3.0
25.362061998308693,46.69573048322839,0.0,32.55243137781848,53.026412805979355,3,0,3,4,30,1620.0,25.368135010621344,46.759037306455895,0.0,32.53867888878335,53.50385331889121,3.0
25.368135010621344,46.759037306455895,0.0,32.53867888878335,53.50385331889121,3,0,3,1,29,1680.0,25.37420736208395,46.826485466580245,0.0,32.49653974677541,52.596658075700915,3.0
25.37420736208395,46.826485466580245,0.0,32.49653974677541,52.596658075700915,3,0,1,6,23,1740.0,25.380278106496775,46.884187192671455,0.0,32.42036942202641,52.62368682115467,3.0
25.380278106496775,46.884187192671455,0.0,32.42036942202641,52.62368682115467,3,1,1,5,23,1800.0,25.316407740457823,46.82031682663251,1398.7673816560484,32.28128094159497,52.54820907972022,3.0
25.316407740457823,46.82031682663251,1398.7673816560484,32.28128094159497,52.54820907972022,3,1,1,1,27,1860.0,25.368008779976233,46.871917866150916,1138.3885936259644,32.348081028989114,52.318293298687905,3.0
25.368008779976233,46.871917866150916,1138.3885936259644,32.348081028989114,52.318293298687905,3,1,2,4,21,1920.0,25.286349950776618,46.926381620476285,1754.4966321582888,32.18685764907812,52.931616364547466,3.0
25.286349950776618,46.926381620476285,1754.4966321582888,32.18685764907812,52.931616364547466,3,0,3,6,24,1980.0,25.29241330103323,46.986433967916994,0.0,32.08814005359212,52.483219464357475,3.0
25.29241330103323,46.986433967916994,0.0,32.08814005359212,52.483219464357475,3,1,2,2,21,2040.0,25.21830819469824,47.0414018228814,1603.299277868193,32.228564242651146,51.902307315415975,3.0
25.21830819469824,47.0414018228814,1603.299277868193,32.228564242651146,51.902307315415975,3,1,3,1,30,2100.0,25.281620911303417,47.09001087780674,1431.1427017561766,32.21380935137612,50.91398506292514,3.0
25.281620911303417,47.09001087780674,1431.1427017561766,32.21380935137612,50.91398506292514,3,1,3,3,20,2160.0,25.207732191452756,47.128250619657926,1599.062522639941,32.111597476208,50.8979862085522,3.0
25.207732191452756,47.128250619657926,1599.062522639941,32.111597476208,50.8979862085522,3,0,2,1,30,2220.0,25.213795653628914,47.16594797554687,0.0,31.9807196457594,51.390461260055126,3.0
25.213795653628914,47.16594797554687,0.0,31.9807196457594,51.390461260055126,3,1,3,6,23,2280.0,25.140440231633594,47.20819310839195,1588.2863892344674,32.039457831588194,51.420691765782145,4.0
25.140440231633594,47.20819310839195,1588.2863892344674,32.039457831588194,51.420691765782145,4,0,3,3,18,2340.0,25.148170198886927,47.250318094965856,0.0,31.986741808058554,51.977296928304256,5.0
25.148170198886927,47.250318094965856,0.0,31.986741808058554,51.977296928304256,5,1,1,1,22,2400.0,25.096800871168487,47.198948767247416,1215.2789354415636,32.09940947600157,51.655939267249124,5.0
25.096800871168487,47.198948767247416,1215.2789354415636,32.09940947600157,51.655939267249124,5,1,1,3,30,2460.0,25.163478316118294,47.26562621219722,1431.933949907812,32.088147470928654,51.99690076885782,5.0
25.163478316118294,47.26562621219722,1431.933949907812,32.088147470928654,51.99690076885782,5,0,3,5,27,2520.0,25.172875805090122,47.312938957763826,0.0,31.981758979760663,51.41124847108535,5.0
25.172875805090122,47.312938957763826,0.0,31.981758979760663,51.41124847108535,5,0,1,1,30,2580.0,25.182269434529278,47.35392205289704,0.0,32.19185059368415,51.39454638058391,4.0
25.182269434529278,47.35392205289704,0.0,32.19185059368415,51.39454638058391,4,0,3,1,28,2640.0,25.190003087234583,47.39432829617391,0.0,32.162748661959846,51.50819082200664,4.0
25.190003087234583,47.39432829617391,0.0,32.162748661959846,51.50819082200664,4,1,1,1,26,2700.0,25.241436505603883,47.44576171454321,1092.5248379201844,32.216767109162234,51.29698859105817,4.0
25.241436505603883,47.44576171454321,1092.5248379201844,32.216767109162234,51.29698859105817,4,1,1,4,25,2760.0,25.18844470710719,47.39276991604652,1214.486190336233,32.084707480187575,51.94319305629253,4.0
25.18844470710719,47.39276991604652,1214.486190336233,32.084707480187575,51.94319305629253,4,1,3,4,23,2820.0,25.122952714999506,47.43827414744898,1464.4373506690747,32.0099256304957,52.437697918534575,3.0
25.122952714999506,47.43827414744898,1464.4373506690747,32.0099256304957,52.437697918534575,3,1,2,5,30,2880.0,25.20364675595169,47.488268385159834,1865.7785463750372,31.8914416244482,52.67455543180404,3.0
25.20364675595169,47.488268385159834,1865.7785463750372,31.8914416244482,52.67455543180404,3,1,1,5,24,2940.0,25.14344161966829,47.428063248876434,1325.2279222469806,32.04900981417073,53.02565758876534,4.0
25.14344161966829,47.428063248876434,1325.2279222469806,32.04900981417073,53.02565758876534,4,0,2,6,25,3000.0,25.151171805274775,47.484039192275326,0.0,32.12772471916038,53.476695710981225,4.0
25.151171805274775,47.484039192275326,0.0,32.12772471916038,53.476695710981225,4,0,2,6,20,3060.0,25.15890435703857,47.54396575746239,0.0,32.062570061462765,53.86663297519662,3.0
25.15890435703857,47.54396575746239,0.0,32.062570061462765,53.86663297519662,3,0,1,1,29,3120.0,25.16496781256205,47.60719242963973,0.0,32.032309759119876,53.47073990721373,2.0
25.16496781256205,47.60719242963973,0.0,32.032309759119876,53.47073990721373,2,0,2,0,23,3180.0,25.169363390626934,47.66582790441547,0.0,32.04691187082432,52.661962641748566,2.0
25.169363390626934,47.66582790441547,0.0,32.04691187082432,52.661962641748566,2,1,3,3,23,3240.0,25.10364869718675,47.715789251788806,1402.2122344571537,32.01888905261444,52.382603514821575,3.0
25.10364869718675,47.715789251788806,1402.2122344571537,32.01888905261444,52.382603514821575,3,0,3,4,26,3300.0,25.10971253853193,47.76245739441914,0.0,31.8358986664981,52.49768617582517,3.0
25.10971253853193,47.76245739441914,0.0,31.8358986664981,52.49768617582517,3,1,3,2,26,3360.0,25.166324573726282,47.809809682233194,1263.862391418818,31.69897846648965,52.345485705765924,3.0
25.166324573726282,47.809809682233194,1263.862391418818,31.69897846648965,52.345485705765924,3,1,3,4,28,3420.0,25.232656565314738,47.85516644246852,1507.0225781340653,31.568370544714874,52.003435978996045,3.0
25.232656565314738,47.85516644246852,1507.0225781340653,31.568370544714874,52.003435978996045,3,0,1,4,21,3480.0,25.238701089114052,47.8966491378338,0.0,31.739278395868403,52.29986463441299,3.0
25.238701089114052,47.8966491378338,0.0,31.739278395868403,52.29986463441299,3,0,1,3,30,3540.0,25.24475110835761,47.94068129279959,0.0,31.61789397645115,51.573071472777876,3.0
25.24475110835761,47.94068129279959,0.0,31.61789397645115,51.573071472777876,3,1,3,4,18,3600.0,25.160889201128967,47.97700519459937,1798.1535731516024,31.699642474528183,51.817691360484055,3.0
25.160889201128967,47.97700519459937,1798.1535731516024,31.699642474528183,51.817691360484055,3,0,1,4,20,3660.0,25.166940492904747,48.01541205625822,0.0,31.62530647419837,51.609401535116014,3.0
25.166940492904747,48.01541205625822,0.0,31.62530647419837,51.609401535116014,3,0,3,3,29,3720.0,25.172989105104122,48.0513519510468,0.0,31.49860135129696,51.93049089327196,3.0
25.172989105104122,48.0513519510468,0.0,31.49860135129696,51.93049089327196,3,0,2,4,30,3780.0,25.179033292178996,48.09014334046905,0.0,31.467597148871164,52.33955101807616,3.0
25.179033292178996,48.09014334046905,0.0,31.467597148871164,52.33955101807616,3,0,3,5,23,3840.0,25.185076244307552,48.13263741724512,0.0,31.528389142185826,52.43956507616015,3.0
26.694296644301346,46.09269377428585,0.0,24.0900002344082,52.820922444026806,2,1,3,0,23,60.0,26.633217185315853,46.15997606098326,1303.186315436574,23.9790694811584,51.93048162398666,2.0
26.633217185315853,46.15997606098326,1303.186315436574,23.9790694811584,51.93048162398666,2,0,1,3,26,120.0,26.63729538039238,46.21768111661329,0.0,23.960608001007827,52.06485398370266,1.0
26.63729538039238,46.21768111661329,0.0,23.960608001007827,52.06485398370266,1,1,3,4,19,180.0,26.54850308272444,46.27615284528419,1824.0614951058972,23.994119869090586,51.900620192561,1.0
26.54850308272444,46.27615284528419,1824.0614951058972,23.994119869090586,51.900620192561,1,0,2,6,25,240.0,26.55091793661732,46.332397518756956,0.0,24.041969842270174,52.17010172888886,1.0
26.55091793661732,46.332397518756956,0.0,24.041969842270174,52.17010172888886,1,1,1,4,23,300.0,26.482681551204323,46.26416113334396,1413.0550761970394,24.25313116411197,52.431485100072216,1.0
26.482681551204323,46.26416113334396,1413.0550761970394,24.25313116411197,52.431485100072216,1,1,2,1,22,360.0,26.407986785971794,46.32583437301125,1542.4089377258722,24.422574256802093,52.37950492022765,0.0
26.407986785971794,46.32583437301125,1542.4089377258722,24.422574256802093,52.37950492022765,0,0,3,3,20,420.0,26.40875393888749,46.386371078483414,0.0,24.364210314159575,52.18226191543644,0.0
26.40875393888749,46.386371078483414,0.0,24.364210314159575,52.18226191543644,0,0,3,3,30,480.0,26.409519120766664,46.44432998685294,0.0,24.397252277192933,52.26042173286622,0.0
26.409519120766664,46.44432998685294,0.0,24.397252277192933,52.26042173286622,0,0,2,3,21,540.0,26.410285378538546,46.50249090431308,0.0,24.418339513043986,52.783323190715976,0.0
26.410285378538546,46.50249090431308,0.0,24.418339513043986,52.783323190715976,0,1,3,4,27,600.0,26.465409160277023,46.56529922717711,1358.921165016456,24.392054606427948,53.52019197975406,0.0
26.465409160277023,46.56529922717711,1358.921165016456,24.392054606427948,53.52019197975406,0,1,2,4,21,660.0,26.3744979088149,46.63484815470288,1833.5094595399457,24.058464451481036,54.162136371389195,0.0
26.3744979088149,46.63484815470288,1833.5094595399457,24.058464451481036,54.162136371389195,0,1,1,3,23,720.0,26.308052359545144,46.56840260543312,1344.0336297568567,24.122407255700292,54.60855664854884,0.0
26.308052359545144,46.56840260543312,1344.0336297568567,24.122407255700292,54.60855664854884,0,0,1,1,20,780.0,26.308812838041682,46.648804145864275,0.0,24.16399952160605,54.06317979063772,0.0
26.308812838041682,46.648804145864275,0.0,24.16399952160605,54.06317979063772,0,0,1,4,28,840.0,26.3095746775978,46.72294790231201,0.0,24.1125578454404,54.51842585660957,0.0
26.3095746775978,46.72294790231201,0.0,24.1125578454404,54.51842585660957,0,1,2,3,29,900.0,26.372960350926558,46.800902681854986,1565.6393472457517,24.135423455068107,53.49414156751765,0.0
26.372960350926558,46.800902681854986,1565.6393472457517,24.135423455068107,53.49414156751765,0,0,3,0,18,960.0,26.373719099696697,46.867835070711614,0.0,24.303373639323027,53.34389328470508,0.0
26.373719099696697,46.867835070711614,0.0,24.303373639323027,53.34389328470508,0,0,1,0,18,1020.0,26.374483421514682,46.932595652851546,0.0,24.238491502967847,52.73865198973413,0.0
26.374483421514682,46.932595652851546,0.0,24.238491502967847,52.73865198973413,0,1,3,1,18,1080.0,26.293314234237773,46.99065621622037,1638.626417592473,24.31291908562912,52.71902214779651,0.0
26.293314234237773,46.99065621622037,1638.626417592473,24.31291908562912,52.71902214779651,0,0,1,1,18,1140.0,26.294081554399487,47.04793987553614,0.0,24.310892397315357,53.18246049752696,0.0
26.294081554399487,47.04793987553614,0.0,24.310892397315357,53.18246049752696,0,0,1,5,24,1200.0,26.294848781427582,47.10928508175605,0.0,24.290406333888217,54.30244309364269,0.0
26.294848781427582,47.10928508175605,0.0,24.290406333888217,54.30244309364269,0,0,1,3,27,1260.0,26.295615300012663,47.18121666187491,0.0,24.276796688020053,54.203678424908105,0.0
26.295615300012663,47.18121666187491,0.0,24.276796688020053,54.203678424908105,0,1,3,6,27,1320.0,26.355595879634226,47.251441279505244,1480.3635060490944,24.15084041513308,54.382274864405574,0.0
26.355595879634226,47.251441279505244,1480.3635060490944,24.15084041513308,54.382274864405574,0,0,1,3,19,1380.0,26.356355721118742,47.32274961535425,0.0,24.17143048581311,54.908395569877534,0.0
26.356355721118742,47.32274961535425,0.0,24.17143048581311,54.908395569877534,0,1,1,0,29,1440.0,26.40240351216866,47.36879740640417,1132.1822139440628,24.13506235860532,54.68299042492195,0.0
26.40240351216866,47.36879740640417,1132.1822139440628,24.13506235860532,54.68299042492195,0,1,2,4,28,1500.0,26.465362345348495,47.44193933658935,1555.0269471238566,24.105866574616126,54.96426636833718,0.0
26.465362345348495,47.44193933658935,1555.0269471238566,24.105866574616126,54.96426636833718,0,0,2,1,29,1560.0,26.466117028822804,47.51716260690683,0.0,23.853365895498754,54.08006197193683,0.0
26.466117028822804,47.51716260690683,0.0,23.853365895498754,54.08006197193683,0,1,1,3,30,1620.0,26.5209912012854,47.57203677936943,1353.1982708426888,23.90678918025365,54.13648617665433,0.0
26.5209912012854,47.57203677936943,1353.1982708426888,23.90678918025365,54.13648617665433,0,1,2,3,18,1680.0,26.42333997490693,47.637681273342274,1967.9483928886925,23.933085320233737,54.14811937511616,0.0
26.42333997490693,47.637681273342274,1967.9483928886925,23.933085320233737,54.14811937511616,0,1,3,0,18,1740.0,26.34592611482078,47.702785654360014,1563.2836986198813,23.95658434025147,54.182723499660675,1.0
26.34592611482078,47.702785654360014,1563.2836986198813,23.95658434025147,54.182723499660675,1,0,3,1,21,1800.0,26.348346470094963,47.767585032813024,0.0,23.945725924073432,54.4817696360494,1.0
26.348346470094963,47.767585032813024,0.0,23.945725924073432,54.4817696360494,1,0,1,2,27,1860.0,26.35076638274343,47.83472687884539,0.0,23.973108217100084,55.2452366571773,1.0
26.35076638274343,47.83472687884539,0.0,23.973108217100084,55.2452366571773,1,1,2,5,21,1920.0,26.258121753535953,47.908831976628704,1901.3074787057571,23.87822980854239,54.660978380784655,2.0
26.258121753535953,47.908831976628704,1901.3074787057571,23.87822980854239,54.660978380784655,2,1,2,2,29,1980.0,26.322247649041785,47.976353440670266,1500.9639642666273,23.86992100822744,54.059440375406425,2.0
26.322247649041785,47.976353440670266,1500.9639642666273,23.86992100822744,54.059440375406425,2,1,2,6,24,2040.0,26.23927580565583,48.03718431001763,1741.1353166252593,23.856400056914424,53.987980259277734,3.0
26.23927580565583,48.03718431001763,1741.1353166252593,23.856400056914424,53.987980259277734,3,1,2,1,25,2100.0,26.178125991009722,48.09669226951023,1338.0743757563173,23.94277824723111,53.24775829676638,3.0
26.178125991009722,48.09669226951023,1338.0743757563173,23.94277824723111,53.24775829676638,3,0,1,3,23,2160.0,26.183884812751597,48.14820292978279,0.0,24.01542264054903,53.523695149359504,3.0
26.183884812751597,48.14820292978279,0.0,24.01542264054903,53.523695149359504,3,0,1,3,19,2220.0,26.189645864012522,48.201957851978555,0.0,24.066780848252925,53.797972130655836,3.0
26.189645864012522,48.201957851978555,0.0,24.066780848252925,53.797972130655836,3,0,2,1,22,2280.0,26.195408435178663,48.25791799476533,0.0,23.791622875854117,54.22252006120952,3.0
26.195408435178663,48.25791799476533,0.0,23.791622875854117,54.22252006120952,3,0,3,2,24,2340.0,26.201161642326685,48.317564015429774,0.0,23.74813964231239,53.58627295038282,2.0
26.201161642326685,48.317564015429774,0.0,23.74813964231239,53.58627295038282,2,1,2,1,28,2400.0,26.26017961425469,48.37025110477931,1373.3268165334189,23.700317842090357,53.2294134676958,1.0
26.26017961425469,48.37025110477931,1373.3268165334189,23.700317842090357,53.2294134676958,1,1,1,3,23,2460.0,26.19572126913797,48.30579275966259,1337.4603278196446,23.741350850744915,52.76484543500439,1.0
26.19572126913797,48.30579275966259,1337.4603278196446,23.741350850744915,52.76484543500439,1,0,1,3,22,2520.0,26.19813945679069,48.350383286416005,0.0,23.589861500837287,52.95712886197542,0.0
26.19813945679069,48.350383286416005,0.0,23.589861500837287,52.95712886197542,0,1,2,5,20,2580.0,26.100642824562524,48.3964507421716,1964.8604592593017,23.51114914580526,53.19753674856998,0.0
26.100642824562524,48.3964507421716,1964.8604592593017,23.51114914580526,53.19753674856998,0,0,2,1,20,2640.0,26.1013898414399,48.444461602235585,0.0,23.591739240116336,53.24247630877105,1.0
26.1013898414399,48.444461602235585,0.0,23.591739240116336,53.24247630877105,1,1,1,5,30,2700.0,26.163552711816255,48.50662447261194,1493.6631349100062,23.431175899810057,53.20445185492253,1.0
26.163552711816255,48.50662447261194,1493.6631349100062,23.431175899810057,53.20445185492253,1,1,2,1,19,2760.0,26.080396441546966,48.55360274643505,1711.303820844424,23.36079257400311,53.64718714639258,1.0
26.080396441546966,48.55360274643505,1711.303820844424,23.36079257400311,53.64718714639258,1,1,2,1,19,2820.0,25.99750253929384,48.60453859043462,1706.0649758174588,23.35658250608276,53.03970777943742,1.0
25.99750253929384,48.60453859043462,1706.0649758174588,23.35658250608276,53.03970777943742,1,1,3,3,29,2880.0,26.058110827201652,48.64889028232465,1454.9079643896646,23.426663507992053,53.13832114486452,1.0
26.058110827201652,48.64889028232465,1454.9079643896646,23.426663507992053,53.13832114486452,1,0,1,5,25,2940.0,26.060523112291012,48.69378459095005,0.0,23.441896496936934,53.55421810751238,1.0
26.060523112291012,48.69378459095005,0.0,23.441896496936934,53.55421810751238,1,0,1,2,18,3000.0,26.062935824737167,48.74238892611567,0.0,23.23974286846661,54.292007922356404,0.0
26.062935824737167,48.74238892611567,0.0,23.23974286846661,54.292007922356404,0,0,2,6,24,3060.0,26.063675051638626,48.79788511607808,0.0,23.142100209297457,54.32577781189138,0.0
26.063675051638626,48.79788511607808,0.0,23.142100209297457,54.32577781189138,0,1,2,6,28,3120.0,26.132852332982768,48.85316404303621,1711.0333459721871,23.12910973614761,53.98559392864645,0.0
26.132852332982768,48.85316404303621,1711.0333459721871,23.12910973614761,53.98559392864645,0,0,2,0,20,3180.0,26.133585541562873,48.90448834189231,0.0,23.076506590068725,54.66627533799876,0.0
26.133585541562873,48.90448834189231,0.0,23.076506590068725,54.66627533799876,0,0,3,6,26,3240.0,26.13431697226449,48.962106211853374,0.0,22.996741332063998,54.79661745624254,0.0
26.13431697226449,48.962106211853374,0.0,22.996741332063998,54.79661745624254,0,0,3,2,29,3300.0,26.13504571974315,49.02045132429727,0.0,22.930795437742503,54.19581840032672,0.0
26.13504571974315,49.02045132429727,0.0,22.930795437742503,54.19581840032672,0,1,1,5,27,3360.0,26.18793463043439,49.07334023498851,1304.0596425160531,23.011814898354938,54.2350289458793,0.0
26.18793463043439,49.07334023498851,1304.0596425160531,23.011814898354938,54.2350289458793,0,0,3,0,18,3420.0,26.18866209310999,49.12495712209741,0.0,22.999038619564672,54.77453378356056,0.0
26.18866209310999,49.12495712209741,0.0,22.999038619564672,54.77453378356056,0,0,1,4,19,3480.0,26.189389105660872,49.181452888712045,0.0,22.947365575812487,54.65796581728803,0.0
26.189389105660872,49.181452888712045,0.0,22.947365575812487,54.65796581728803,0,0,2,3,20,3540.0,26.19011437154321,49.23621801799781,0.0,22.928797616594057,54.84428513666963,0.0
26.19011437154321,49.23621801799781,0.0,22.928797616594057,54.84428513666963,0,1,3,0,29,3600.0,26.24102074270065,49.29229868918453,1254.5437095651237,22.885291839626767,55.67363086868258,0.0
26.24102074270065,49.29229868918453,1254.5437095651237,22.885291839626767,55.67363086868258,0,1,1,3,19,3660.0,26.163424283768613,49.21470223025249,1566.3586927052875,23.123856325545894,56.64130355100604,0.0
26.163424283768613,49.21470223025249,1566.3586927052875,23.123856325545894,56.64130355100604,0,0,2,5,27,3720.0,26.164156298170006,49.288968243460026,0.0,23.181456670547178,57.546740167803286,0.0
26.164156298170006,49.288968243460026,0.0,23.181456670547178,57.546740167803286,0,0,1,0,22,3780.0,26.16489020818242,49.37154596270346,0.0,23.198138899833914,57.68056275693004,0.0
26.16489020818242,49.37154596270346,0.0,23.198138899833914,57.68056275693004,0,0,2,2,18,3840.0,26.165624649805476,49.454636130645724,0.0,23.349134419400233,57.03615323603912,0.0
26.165624649805476,49.454636130645724,0.0,23.349134419400233,57.03615323603912,0,0,1,3,27,3900.0,26.16636410013113,49.53045130169966,0.0,23.19311022164486,57.963484302968915,0.0
26.16636410013113,49.53045130169966,0.0,23.19311022164486,57.963484302968915,0,0,2,6,21,3960.0,26.167098325001845,49.61478163171235,0.0,23.20868541242799,57.91346114741708,0.0
26.167098325001845,49.61478163171235,0.0,23.20868541242799,57.91346114741708,0,0,3,6,26,4020.0,26.167833044571427,49.697768426869395,0.0,23.150466327218236,58.194632714251284,1.0
26.167833044571427,49.697768426869395,0.0,23.150466327218236,58.194632714251284,1,0,3,2,22,4080.0,26.170232465680847,49.78273706974321,0.0,23.34352563498762,57.92200861965852,1.0
26.170232465680847,49.78273706974321,0.0,23.34352563498762,57.92200861965852,1,1,3,5,27,4140.0,26.229920102839202,49.86412978524237,1432.0465179844418,23.235939778803836,57.71628036477528,1.0
26.229920102839202,49.86412978524237,1432.0465179844418,23.235939778803836,57.71628036477528,1,0,1,0,27,4200.0,26.23232030349507,49.9426512910377,0.0,23.06629396335919,57.06687858774935,2.0
26.23232030349507,49.9426512910377,0.0,23.06629396335919,57.06687858774935,2,0,2,2,28,4260.0,26.2363814359504,50.01389356400482,0.0,23.097362326560024,57.75447339915746,2.0
26.2363814359504,50.01389356400482,0.0,23.097362326560024,57.75447339915746,2,0,1,4,25,4320.0,26.240443468646752,50.091299362356345,0.0,23.063318148749108,56.862984470273936,2.0
26.240443468646752,50.091299362356345,0.0,23.063318148749108,56.862984470273936,2,1,2,5,18,4380.0,26.138602568128665,50.15901621343552,2118.0332601485065,23.09116402769385,57.96860594541522,1.0
26.138602568128665,50.15901621343552,2118.0332601485065,23.09116402769385,57.96860594541522,1,0,1,3,19,4440.0,26.141000986843984,50.23711211075532,0.0,23.090164496456065,57.52990493742221,2.0
26.141000986843984,50.23711211075532,0.0,23.090164496456065,57.52990493742221,2,0,2,4,29,4500.0,26.14506595896097,50.31004003902199,0.0,22.986547324297288,58.16907703825017,1.0
26.14506595896097,50.31004003902199,0.0,22.986547324297288,58.16907703825017,1,1,3,0,22,4560.0,26.081061743619337,50.388630409014276,1327.9786277428534,22.83500109774074,58.13967961847254,1.0
26.081061743619337,50.388630409014276,1327.9786277428534,22.83500109774074,58.13967961847254,1,0,2,5,21,4620.0,26.08345354159781,50.46614090110886,0.0,22.807664378263148,58.91514144637612,1.0
26.08345354159781,50.46614090110886,0.0,22.807664378263148,58.91514144637612,1,1,1,0,24,4680.0,26.0306357147717,50.41332307428275,1104.1726770798905,22.779163015745073,57.91583591051712,1.0
26.0306357147717,50.41332307428275,1104.1726770798905,22.779163015745073,57.91583591051712,1,0,1,2,18,4740.0,26.0330273323484,50.48834820264509,0.0,22.810523488863318,57.79374842689418,1.0
26.0330273323484,50.48834820264509,0.0,22.810523488863318,57.79374842689418,1,1,3,0,28,4800.0,26.083747255422452,50.561402204887585,1208.183496720838,23.031664075298423,58.41186080078954,1.0
26.083747255422452,50.561402204887585,1208.183496720838,23.031664075298423,58.41186080078954,1,1,1,4,24,4860.0,26.01989427755018,50.49754922701531,1325.024835325347,23.00350589454073,58.440271985271394,1.0
26.01989427755018,50.49754922701531,1325.024835325347,23.00350589454073,58.440271985271394,1,0,3,0,30,4920.0,26.022293731270747,50.576976454597876,0.0,23.11191231924144,58.53528638230993,1.0
26.022293731270747,50.576976454597876,0.0,23.11191231924144,58.53528638230993,1,0,1,5,21,4980.0,26.024696718557013,50.656559553875,0.0,23.028070590165875,59.106138471794004,1.0
26.024696718557013,50.656559553875,0.0,23.028070590165875,59.106138471794004,1,0,3,2,18,5040.0,26.0270968310194,50.74105534305419,0.0,22.977441926987268,59.41743964088042,1.0
26.0270968310194,50.74105534305419,0.0,22.977441926987268,59.41743964088042,1,0,3,3,24,5100.0,26.02949517585593,50.82781918603246,0.0,22.98537307462755,59.573106732005776,1.0
26.02949517585593,50.82781918603246,0.0,22.98537307462755,59.573106732005776,1,1,2,2,27,5160.0,26.087255837854965,50.91527206149219,1384.0533183935086,22.975620752059356,60.65854893443499,1.0
26.087255837854965,50.91527206149219,1384.0533183935086,22.975620752059356,60.65854893443499,1,1,1,3,23,5220.0,26.023276256151604,50.851292479788825,1327.5172106766604,23.059154955790284,61.32229899910911,1.0
26.023276256151604,50.851292479788825,1327.5172106766604,23.059154955790284,61.32229899910911,1,1,2,4,30,5280.0,26.094730416490542,50.95600254498203,1726.3241095570845,23.116662728084858,60.96099348695135,1.0
26.094730416490542,50.95600254498203,1726.3241095570845,23.116662728084858,60.96099348695135,1,0,1,1,19,5340.0,26.097131147567595,51.05605245440172,0.0,23.11509425311776,61.83277489057331,1.0
26.097131147567595,51.05605245440172,0.0,23.11509425311776,61.83277489057331,1,0,2,6,20,5400.0,26.099531746337778,51.16381967876344,0.0,23.399439234560084,62.10994653892061,1.0
26.099531746337778,51.16381967876344,0.0,23.399439234560084,62.10994653892061,1,0,2,5,30,5460.0,26.101941743254052,51.27328094736501,0.0,23.49615375373457,62.73618422441157,2.0
26.101941743254052,51.27328094736501,0.0,23.49615375373457,62.73618422441157,2,0,3,2,24,5520.0,26.106021550321067,51.387909980135476,0.0,23.568632551567227,63.45654152329797,3.0
26.106021550321067,51.387909980135476,0.0,23.568632551567227,63.45654152329797,3,1,2,6,20,5580.0,26.009956819974857,51.5085962955671,2036.2696809250433,23.501061398551357,63.80358989670385,3.0
26.009956819974857,51.5085962955671,2036.2696809250433,23.501061398551357,63.80358989670385,3,1,1,3,20,5640.0,25.94092789760338,51.43956737319563,1495.5725171485544,23.551487122999774,63.645993866742124,3.0
25.94092789760338,51.43956737319563,1495.5725171485544,23.551487122999774,63.645993866742124,3,1,1,3,30,5700.0,26.002017448746408,51.50065692433866,1383.3966458878058,23.574619732434094,64.17120406528814,3.0
26.002017448746408,51.50065692433866,1383.3966458878058,23.574619732434094,64.17120406528814,3,0,3,6,30,5760.0,26.007769868822532,51.62736239574815,0.0,23.588446732434008,64.35347312150276,3.0
26.007769868822532,51.62736239574815,0.0,23.588446732434008,64.35347312150276,3,0,3,5,25,5820.0,26.013522558051317,51.754623503005696,0.0,23.65977006385195,64.2461471542112,3.0
26.013522558051317,51.754623503005696,0.0,23.65977006385195,64.2461471542112,3,0,2,6,21,5880.0,26.019277432968178,51.87953873951775,0.0,23.552732749516192,64.84327585641095,3.0
26.019277432968178,51.87953873951775,0.0,23.552732749516192,64.84327585641095,3,1,1,4,24,5940.0,25.95897071584649,51.819232022396065,1321.1566459780906,23.455262171296912,66.11934940670285,3.0
25.95897071584649,51.819232022396065,1321.1566459780906,23.455262171296912,66.11934940670285,3,0,2,6,27,6000.0,25.96472059222834,51.96223319623913,0.0,23.409818823369967,66.74535036317371,3.0
25.96472059222834,51.96223319623913,0.0,23.409818823369967,66.74535036317371,3,1,2,5,26,6060.0,26.030574600392693,52.11006436790848,1502.6459555828744,23.336498378910708,66.39221090098556,3.0
26.030574600392693,52.11006436790848,1502.6459555828744,23.336498378910708,66.39221090098556,3,1,3,4,30,6120.0,26.099597414240275,52.25288583323925,1581.9820763740822,23.12756872295414,67.11275513285344,3.0
26.099597414240275,52.25288583323925,1581.9820763740822,23.12756872295414,67.11275513285344,3,0,3,2,22,6180.0,26.105331679950567,52.401484526235386,0.0,23.190938574490392,66.86632122151748,3.0
26.105331679950567,52.401484526235386,0.0,23.190938574490392,66.86632122151748,3,0,1,2,20,6240.0,26.11106786684705,52.54613289318821,0.0,23.070626115315513,66.78275779139788,3.0
26.11106786684705,52.54613289318821,0.0,23.070626115315513,66.78275779139788,3,0,3,2,26,6300.0,26.116799852122,52.68849914217031,0.0,22.984644169882273,67.09013432845055,3.0
26.116799852122,52.68849914217031,0.0,22.984644169882273,67.09013432845055,3,0,3,1,28,6360.0,26.122528780265924,52.83251549403311,0.0,22.970876150894522,66.69872519666475,3.0
26.122528780265924,52.83251549403311,0.0,22.970876150894522,66.69872519666475,3,1,1,4,22,6420.0,26.055889472170815,52.765876185938,1447.3517268159553,22.90599390328592,66.6109253223551,3.0
26.055889472170815,52.765876185938,1447.3517268159553,22.90599390328592,66.6109253223551,3,0,2,5,29,6480.0,26.061617808985186,52.904326677302166,0.0,22.77669730204557,66.10230263771167,3.0
26.061617808985186,52.904326677302166,0.0,22.77669730204557,66.10230263771167,3,0,3,4,25,6540.0,26.067341644968288,53.03630643690626,0.0,22.83315986569636,65.76763174197428,3.0
26.067341644968288,53.03630643690626,0.0,22.83315986569636,65.76763174197428,3,0,3,3,20,6600.0,26.07306717224231,53.16361968995694,0.0,22.828087198046653,65.94414993375682,2.0
26.07306717224231,53.16361968995694,0.0,22.828087198046653,65.94414993375682,2,0,1,3,23,6660.0,26.077125672909837,53.29142499239494,0.0,22.65827800226695,66.33161741346784,2.0
26.077125672909837,53.29142499239494,0.0,22.65827800226695,66.33161741346784,2,0,3,2,29,6720.0,26.08117837798748,53.42182691660567,0.0,22.69107897406529,66.50138238759966,2.0
26.08117837798748,53.42182691660567,0.0,22.69107897406529,66.50138238759966,2,0,1,0,29,6780.0,26.085232041340685,53.55262247131561,0.0,22.641587786735307,66.98335801312702,2.0
26.085232041340685,53.55262247131561,0.0,22.641587786735307,66.98335801312702,2,0,2,0,19,6840.0,26.089283919865533,53.686929826733724,0.0,22.845014643848753,67.11607384117694,1.0
26.089283919865533,53.686929826733724,0.0,22.845014643848753,67.11607384117694,1,0,3,6,24,6900.0,26.091675777556333,53.821221266878155,0.0,22.896883133378694,67.37812127136984,1.0
26.091675777556333,53.821221266878155,0.0,22.896883133378694,67.37812127136984,1,0,3,0,29,6960.0,26.094069284468194,53.95679026692307,0.0,22.812770694161465,67.29850069686385,1.0
26.094069284468194,53.95679026692307,0.0,22.812770694161465,67.29850069686385,1,1,3,4,21,7020.0,26.01364947920977,54.090207371222476,1656.2085727749006,22.8635974263078,68.1298537048656,1.0
26.01364947920977,54.090207371222476,1656.2085727749006,22.8635974263078,68.1298537048656,1,1,2,6,18,7080.0,25.906791244505758,54.230603834558906,2185.064659378362,23.01687873954014,68.62390169665395,1.0
25.906791244505758,54.230603834558906,2185.064659378362,23.01687873954014,68.62390169665395,1,1,1,6,22,7140.0,25.831497842544284,54.15531043259743,1553.9414308928742,22.93314053110518,68.44779303720522,1.0
25.831497842544284,54.15531043259743,1553.9414308928742,22.93314053110518,68.44779303720522,1,1,3,0,27,7200.0,25.880471935380307,54.29823525864351,1164.2676186600643,22.809990573383022,68.98910549770632,1.0
25.880471935380307,54.29823525864351,1164.2676186600643,22.809990573383022,68.98910549770632,1,1,2,4,23,7260.0,25.800499887034203,54.445143961034134,1647.3939793473821,22.793052401037166,68.79256230580998,1.0
25.800499887034203,54.445143961034134,1647.3939793473821,22.793052401037166,68.79256230580998,1,1,2,2,18,7320.0,25.711157989157456,54.58861814448189,1834.8329925442574,22.67100080582832,68.38896852114189,1.0
25.711157989157456,54.58861814448189,1834.8329925442574,22.67100080582832,68.38896852114189,1,1,2,0,23,7380.0,25.645423176617207,54.72662164824849,1362.6694793494473,22.77160063979159,68.8465795023941,0.0
25.645423176617207,54.72662164824849,1362.6694793494473,22.77160063979159,68.8465795023941,0,0,3,1,19,7440.0,25.646160715865978,54.86782122678994,0.0,22.645923838345638,68.45787068129451,0.0
25.646160715865978,54.86782122678994,0.0,22.645923838345638,68.45787068129451,0,0,3,1,24,7500.0,25.646894041303394,55.00372172133499,0.0,22.74769466483894,68.28629064802405,0.0
25.646894041303394,55.00372172133499,0.0,22.74769466483894,68.28629064802405,0,1,1,3,24,7560.0,25.585395914288764,54.94222359432036,1244.6964073749452,22.64935699254407,67.81009145545882,0.0
25.585395914288764,54.94222359432036,1244.6964073749452,22.64935699254407,67.81009145545882,0,0,2,3,22,7620.0,25.58613137965804,55.07090227293175,0.0,22.792764532331123,68.42101664647949,0.0
25.58613137965804,55.07090227293175,0.0,22.792764532331123,68.42101664647949,0,0,3,0,28,7680.0,25.58687160076313,55.204403416667226,0.0,22.780084894919053,69.15776857399445,0.0
25.58687160076313,55.204403416667226,0.0,22.780084894919053,69.15776857399445,0,1,1,6,27,7740.0,25.643285508377616,55.26081732428172,1391.8533459503967,22.83306214508057,68.62346384280194,0.0
25.643285508377616,55.26081732428172,1391.8533459503967,22.83306214508057,68.62346384280194,0,1,2,4,28,7800.0,25.708412505334714,55.39444378946692,1609.6834433968118,22.869519914683348,68.48270615316672,0.0
25.708412505334714,55.39444378946692,1609.6834433968118,22.869519914683348,68.48270615316672,0,1,1,1,27,7860.0,25.75386354265382,55.43989482678603,1117.8083434699276,22.687431117137635,68.6281040567816,0.0
25.75386354265382,55.43989482678603,1117.8083434699276,22.687431117137635,68.6281040567816,0,0,2,3,19,7920.0,25.75459466157297,55.571776919085984,0.0,22.57288758211342,68.31490416218213,1.0
25.75459466157297,55.571776919085984,0.0,22.57288758211342,68.31490416218213,1,1,1,5,18,7980.0,25.670255496352905,55.48743775386592,1734.6621663483106,22.44148269779781,67.91551480083301,1.0
25.670255496352905,55.48743775386592,1734.6621663483106,22.44148269779781,67.91551480083301,1,0,1,4,24,8040.0,25.672647870592954,55.611718524335586,0.0,22.247602706859652,67.34779270366445,1.0
25.672647870592954,55.611718524335586,0.0,22.247602706859652,67.34779270366445,1,1,2,3,19,8100.0,25.583013067267284,55.72907926612888,1840.4127030709137,22.253671817172975,67.55219789072927,2.0
25.583013067267284,55.72907926612888,1840.4127030709137,22.253671817172975,67.55219789072927,2,0,1,0,18,8160.0,25.587068755892282,55.847310452374884,0.0,22.322672833369296,68.3714980013195,2.0
25.587068755892282,55.847310452374884,0.0,22.322672833369296,68.3714980013195,2,1,1,2,29,8220.0,25.64263505809857,55.90287675458117,1287.7112184259245,22.38902889297113,68.06776262221861,1.0
25.64263505809857,55.90287675458117,1287.7112184259245,22.38902889297113,68.06776262221861,1,1,2,0,25,8280.0,25.583098699385438,56.024525613257545,1238.5581034859142,22.41874560769362,68.53706052380616,1.0
25.583098699385438,56.024525613257545,1238.5581034859142,22.41874560769362,68.53706052380616,1,0,1,3,29,8340.0,25.585493220949047,56.14965096236303,0.0,22.388671741740282,68.40027375205065,1.0
25.585493220949047,56.14965096236303,0.0,22.388671741740282,68.40027375205065,1,0,2,0,20,8400.0,25.587886660233075,56.27215719025991,0.0,22.447862932364743,68.39069720684998,1.0
25.587886660233075,56.27215719025991,0.0,22.447862932364743,68.39069720684998,1,1,3,2,19,8460.0,25.509853635628275,56.39334259042581,1608.567142944101,22.307295251594343,67.62246735507692,1.0
25.509853635628275,56.39334259042581,1608.567142944101,22.307295251594343,67.62246735507692,1,1,2,4,29,8520.0,25.57989850521153,56.50563383807232,1691.2905382347644,22.40595862860197,67.8965763978397,1.0
25.57989850521153,56.50563383807232,1691.2905382347644,22.40595862860197,67.8965763978397,1,1,3,0,22,8580.0,25.517447986326314,56.619543263669996,1296.8944177866342,22.369989794981983,68.42011392872418,1.0
25.517447986326314,56.619543263669996,1296.8944177866342,22.369989794981983,68.42011392872418,1,0,2,6,22,8640.0,25.51984307105327,56.73754897032054,0.0,22.328906452324766,68.53587784387442,1.0
25.51984307105327,56.73754897032054,0.0,22.328906452324766,68.53587784387442,1,0,1,2,22,8700.0,25.522236706499314,56.855532259056076,0.0,22.256339692036462,68.51726891454253,1.0
25.522236706499314,56.855532259056076,0.0,22.256339692036462,68.51726891454253,1,0,2,0,25,8760.0,25.5246278432655,56.97214962561094,0.0,22.18834302254326,68.76893330146531,1.0
25.5246278432655,56.97214962561094,0.0,22.18834302254326,68.76893330146531,1,1,3,0,30,8820.0,25.58086245251629,57.090117462369484,1346.1454686203977,22.214483472797983,68.56167519273149,1.0
25.58086245251629,57.090117462369484,1346.1454686203977,22.214483472797983,68.56167519273149,1,0,2,3,30,8880.0,25.583250239883633,57.204833039673105,0.0,22.183473277392142,68.08933136482895,2.0
25.583250239883633,57.204833039673105,0.0,22.183473277392142,68.08933136482895,2,1,3,0,29,8940.0,25.638820430123804,57.31367802292466,1287.9212368064002,22.390501080351196,68.72377268858793,2.0
25.638820430123804,57.31367802292466,1287.9212368064002,22.390501080351196,68.72377268858793,2,0,3,0,23,9000.0,25.642878819478813,57.4277789695813,0.0,22.21957526126022,68.95255254234472,2.0
25.642878819478813,57.4277789695813,0.0,22.21957526126022,68.95255254234472,2,1,3,1,26,9060.0,25.693956325953877,57.54302670530893,1175.6237481750984,22.300268878866717,68.1390597652807,2.0
25.693956325953877,57.54302670530893,1175.6237481750984,22.300268878866717,68.1390597652807,2,0,2,3,22,9120.0,25.69800986970564,57.64898703590865,0.0,22.31334326476854,68.40958525731153,2.0
25.69800986970564,57.64898703590865,0.0,22.31334326476854,68.40958525731153,2,1,3,4,28,9180.0,25.76094096809612,57.75659301812268,1471.9313485994278,22.282084703778533,68.32633998450669,2.0
25.76094096809612,57.75659301812268,1471.9313485994278,22.282084703778533,68.32633998450669,2,0,2,1,27,9240.0,25.76499167288731,57.86229048778652,0.0,22.30718334063661,67.44801686730304,1.0
25.76499167288731,57.86229048778652,0.0,22.30718334063661,67.44801686730304,1,0,3,2,27,9300.0,25.76737641260957,57.958147751581684,0.0,22.259232575178608,67.57628622175592,2.0
25.76737641260957,57.958147751581684,0.0,22.259232575178608,67.57628622175592,2,1,3,4,28,9360.0,25.83012026741903,58.05432913628343,1467.3531567677683,22.354630956159237,67.48768585641425,2.0
25.83012026741903,58.05432913628343,1467.3531567677683,22.354630956159237,67.48768585641425,2,1,1,2,23,9420.0,25.771388253706586,57.995597122570985,1255.6566147080468,22.263655788787826,67.865440643904,2.0
25.771388253706586,57.995597122570985,1255.6566147080468,22.263655788787826,67.865440643904,2,1,2,1,21,9480.0,25.69740812295858,58.094295557784314,1560.597459983515,22.35033736340089,66.88913189972534,2.0
25.69740812295858,58.094295557784314,1560.597459983515,22.35033736340089,66.88913189972534,2,1,1,4,30,9540.0,25.75978944110483,58.15667687593056,1458.1555126224853,22.362778309226655,66.79719857527121,2.0
25.75978944110483,58.15667687593056,1458.1555126224853,22.362778309226655,66.79719857527121,2,1,1,0,26,9600.0,25.80432329518489,58.201210730010615,1012.0105279447587,22.2812043920403,66.42216616704529,1.0
25.80432329518489,58.201210730010615,1012.0105279447587,22.2812043920403,66.42216616704529,1,0,3,2,26,9660.0,25.80670585788812,58.28342028438096,0.0,22.325717147790627,66.17371478608437,1.0
25.80670585788812,58.28342028438096,0.0,22.325717147790627,66.17371478608437,1,0,1,2,21,9720.0,25.809089824931114,58.362323229397994,0.0,22.369137865576814,66.67176718074292,1.0
25.809089824931114,58.362323229397994,0.0,22.369137865576814,66.67176718074292,1,1,3,1,24,9780.0,25.748501412996312,58.445417668911446,1259.4749373897719,22.268339294847987,66.45535329825874,1.0
25.748501412996312,58.445417668911446,1259.4749373897719,22.268339294847987,66.45535329825874,1,0,3,4,28,9840.0,25.750885407592374,58.52551702520492,0.0,22.503810434622395,66.16274984980694,1.0
25.750885407592374,58.52551702520492,0.0,22.503810434622395,66.16274984980694,1,0,3,3,26,9900.0,25.75327717175994,58.60188935345094,0.0,22.473905193634284,65.8633681254954,0.0
25.75327717175994,58.60188935345094,0.0,22.473905193634284,65.8633681254954,0,1,2,1,23,9960.0,25.68232836960296,58.67450414117139,1433.4564618208763,22.34304435835198,66.04611092083462,0.0
25.68232836960296,58.67450414117139,1433.4564618208763,22.34304435835198,66.04611092083462,0,0,3,3,28,10020.0,25.68305039346925,58.74822020896802,0.0,22.44067357702302,66.12072878742482,0.0
25.68305039346925,58.74822020896802,0.0,22.44067357702302,66.12072878742482,0,1,3,1,26,10080.0,25.730707801166457,58.82194529475259,1173.3038397771506,22.39776778058557,65.85623795304014,0.0
25.730707801166457,58.82194529475259,1173.3038397771506,22.39776778058557,65.85623795304014,0,0,2,1,23,10140.0,25.731430036499106,58.89228822133546,0.0,22.52418792294473,67.21927754054785,0.0
25.731430036499106,58.89228822133546,0.0,22.52418792294473,67.21927754054785,0,0,3,5,21,10200.0,25.73215646176199,58.97555811452759,0.0,22.40181064157359,66.5594485070928,0.0
25.73215646176199,58.97555811452759,0.0,22.40181064157359,66.5594485070928,0,0,2,3,27,10260.0,25.732878783567983,59.05139701845324,0.0,22.247654396241593,66.2418442438219,0.0
25.732878783567983,59.05139701845324,0.0,22.247654396241593,66.2418442438219,0,0,3,3,28,10320.0,25.733595942755073,59.12330149070692,0.0,22.26281787418241,65.7705565278264,0.0
25.733595942755073,59.12330149070692,0.0,22.26281787418241,65.7705565278264,0,0,3,3,30,10380.0,25.73431358348612,59.18977404107812,0.0,22.291744250204065,65.7579734341234,0.0
25.73431358348612,59.18977404107812,0.0,22.291744250204065,65.7579734341234,0,1,3,4,19,10440.0,25.64680892968284,59.25545603500857,1764.464696510084,22.25098772466509,65.73207094988082,0.0
25.64680892968284,59.25545603500857,1764.464696510084,22.25098772466509,65.73207094988082,0,1,3,2,18,10500.0,25.563897471963717,59.320222184157295,1672.6319402458118,22.377404852074356,65.7065864702718,0.0
28.996990070308282,42.97132239671825,0.0,24.01109522615542,64.30022986546174,6,1,1,0,30,60.0,29.049663227006192,43.02399555341616,1050.1504964845858,23.913427456624685,63.40031009776752,6.0
29.049663227006192,43.02399555341616,1050.1504964845858,23.913427456624685,63.40031009776752,6,1,2,6,25,120.0,28.96653166589519,43.227758698859674,1875.8737317064829,23.9302631500526,63.12659261335171,6.0
28.96653166589519,43.227758698859674,1875.8737317064829,23.9302631500526,63.12659261335171,6,0,1,4,24,180.0,28.97719712361133,43.42674703800459,0.0,23.83261395183517,63.201542875112054,6.0
28.97719712361133,43.42674703800459,0.0,23.83261395183517,63.201542875112054,6,1,1,0,18,240.0,28.91041597802991,43.359965892423176,1548.8598561805663,23.89819381885147,62.99721164074076,6.0
28.91041597802991,43.359965892423176,1548.8598561805663,23.89819381885147,62.99721164074076,6,0,3,5,27,300.0,28.92108223729127,43.556338349906355,0.0,23.839985944538064,63.38694114109428,6.0
28.92108223729127,43.556338349906355,0.0,23.839985944538064,63.38694114109428,6,0,2,5,22,360.0,28.93174620074818,43.75464437781823,0.0,24.00404583416873,63.495700333599935,6.0
28.93174620074818,43.75464437781823,0.0,24.00404583416873,63.495700333599935,6,0,2,0,24,420.0,28.942415277402628,43.95205493737605,0.0,23.971778187668733,63.56996584142069,6.0
28.942415277402628,43.95205493737605,0.0,23.971778187668733,63.56996584142069,6,1,1,4,21,480.0,28.869255677000762,43.87889533697418,1676.5449166441576,24.09137581000483,64.36454946304151,6.0
28.869255677000762,43.87889533697418,1676.5449166441576,24.09137581000483,64.36454946304151,6,1,1,4,28,540.0,28.81732198064086,43.82696164061428,1252.1553406200458,24.02417819466948,64.82514398195379,6.0
28.81732198064086,43.82696164061428,1252.1553406200458,24.02417819466948,64.82514398195379,6,1,1,6,23,600.0,28.74408924607758,43.753728906050995,1678.1259287416558,24.083204146206747,65.56248945009318,6.0
28.74408924607758,43.753728906050995,1678.1259287416558,24.083204146206747,65.56248945009318,6,1,3,2,26,660.0,28.685966346604864,43.97181651149142,1376.0173993876933,24.046478891579984,65.36184423210752,7.0
28.685966346604864,43.97181651149142,1376.0173993876933,24.046478891579984,65.36184423210752,7,0,2,1,25,720.0,28.69831169702303,44.18571678869758,0.0,24.16716718067267,65.42160067481086,7.0
28.69831169702303,44.18571678869758,0.0,24.16716718067267,65.42160067481086,7,1,1,3,25,780.0,28.642528012743544,44.1299331044181,1362.6529225788242,24.283635990171273,65.55805773242749,7.0
28.642528012743544,44.1299331044181,1362.6529225788242,24.283635990171273,65.55805773242749,7,0,1,4,25,840.0,28.65488271634279,44.344214350698195,0.0,24.337517907388328,65.95387816478451,8.0
28.65488271634279,44.344214350698195,0.0,24.337517907388328,65.95387816478451,8,1,2,5,26,900.0,28.583949660662874,44.560310988839056,1699.1162037257093,24.312302395272546,66.6808981872359,8.0
28.583949660662874,44.560310988839056,1699.1162037257093,24.312302395272546,66.6808981872359,8,0,3,3,19,960.0,28.59797393908736,44.781516860823025,0.0,24.270568258222305,66.21877907845386,7.0
28.59797393908736,44.781516860823025,0.0,24.270568258222305,66.21877907845386,7,1,3,5,23,1020.0,28.522336656815718,44.99588948299933,1759.860708312256,24.473747599951544,65.50505297903106,7.0
28.522336656815718,44.99588948299933,1759.860708312256,24.473747599951544,65.50505297903106,7,0,2,6,28,1080.0,28.534701703847155,45.20098111795965,0.0,24.370822529639245,64.57763050500343,7.0
28.534701703847155,45.20098111795965,0.0,24.370822529639245,64.57763050500343,7,0,3,6,26,1140.0,28.547062907874682,45.394747611830084,0.0,24.282754472769252,64.8898239521025,7.0
28.547062907874682,45.394747611830084,0.0,24.282754472769252,64.8898239521025,7,1,1,0,20,1200.0,28.488053106990492,45.33573781094589,1427.353145393734,24.268515839934317,64.71169646399915,8.0
28.488053106990492,45.33573781094589,1427.353145393734,24.268515839934317,64.71169646399915,8,1,3,5,26,1260.0,28.424776439859645,45.529497397476426,1546.0536511055961,24.299161471999273,64.58182277229999,8.0
28.424776439859645,45.529497397476426,1546.0536511055961,24.299161471999273,64.58182277229999,8,0,1,6,25,1320.0,28.43880558602738,45.720020651224665,0.0,24.12023427714439,64.71227131532855,7.0
28.43880558602738,45.720020651224665,0.0,24.12023427714439,64.71227131532855,7,0,1,3,18,1380.0,28.45116163365042,45.909943157865705,0.0,23.970881900635998,64.410571298909,6.0
28.45116163365042,45.909943157865705,0.0,23.970881900635998,64.410571298909,6,1,2,4,27,1440.0,28.384621442444843,46.094949439276135,1544.48363762283,23.943775799825737,65.09009837703296,6.0
28.384621442444843,46.094949439276135,1544.48363762283,23.943775799825737,65.09009837703296,6,1,3,1,19,1500.0,28.31045865317503,46.284900928653705,1696.9618883011897,23.840056330049052,64.88342322865273,6.0
28.31045865317503,46.284900928653705,1696.9618883011897,23.840056330049052,64.88342322865273,6,0,3,3,27,1560.0,28.32114297309759,46.470886151653694,0.0,23.874663039761764,64.96053202159753,6.0
28.32114297309759,46.470886151653694,0.0,23.874663039761764,64.96053202159753,6,1,2,0,21,1620.0,28.249864661513854,46.655782610353135,1639.2685783858556,24.012486024428778,65.48717558857373,6.0
28.249864661513854,46.655782610353135,1639.2685783858556,24.012486024428778,65.48717558857373,6,0,2,6,25,1680.0,28.26055674889262,46.84409654013534,0.0,23.999478940300424,65.9318345422384,6.0
28.26055674889262,46.84409654013534,0.0,23.999478940300424,65.9318345422384,6,0,2,0,19,1740.0,28.271248046299,47.03497392015637,0.0,23.946025640833035,66.5555056095707,7.0
28.271248046299,47.03497392015637,0.0,23.946025640833035,66.5555056095707,7,0,1,6,18,1800.0,28.28360387221882,47.230179237050514,0.0,23.948362370891594,67.56466306172365,7.0
28.28360387221882,47.230179237050514,0.0,23.948362370891594,67.56466306172365,7,0,1,5,25,1860.0,28.295959364168773,47.43352407529724,0.0,23.996713043559726,67.0133452211848,6.0
28.295959364168773,47.43352407529724,0.0,23.996713043559726,67.0133452211848,6,0,3,0,24,1920.0,28.30664938929142,47.62932228675612,0.0,24.017087921375023,66.78608514386771,6.0
28.30664938929142,47.62932228675612,0.0,24.017087921375023,66.78608514386771,6,0,2,2,21,1980.0,28.317339737242488,47.820889915327236,0.0,24.011143655659563,67.62901475953618,6.0
28.317339737242488,47.820889915327236,0.0,24.011143655659563,67.62901475953618,6,0,3,3,23,2040.0,28.328029530706434,48.01897116376932,0.0,23.906105244924582,67.23888439679678,6.0
28.328029530706434,48.01897116376932,0.0,23.906105244924582,67.23888439679678,6,1,3,1,24,2100.0,28.26846828129366,48.211170296099596,1404.9437053982965,23.85269308076329,67.80211327536135,6.0
28.26846828129366,48.211170296099596,1404.9437053982965,23.85269308076329,67.80211327536135,6,0,2,1,26,2160.0,28.27915442212031,48.40707972589221,0.0,23.968116561253268,67.74049230593579,6.0
28.27915442212031,48.40707972589221,0.0,23.968116561253268,67.74049230593579,6,1,3,3,24,2220.0,28.21306122833166,48.60041385169264,1535.6565171991097,23.858686173193927,67.95808634340132,6.0
28.21306122833166,48.60041385169264,1535.6565171991097,23.858686173193927,67.95808634340132,6,0,1,3,30,2280.0,28.223749415829822,48.79399057660973,0.0,23.741618244843558,68.46719655801854,6.0
28.223749415829822,48.79399057660973,0.0,23.741618244843558,68.46719655801854,6,0,3,0,21,2340.0,28.23443334479079,48.99072263642382,0.0,23.628787263743973,68.91670396793445,6.0
28.23443334479079,48.99072263642382,0.0,23.628787263743973,68.91670396793445,6,1,3,3,20,2400.0,28.15582176113519,49.18998244973893,1785.8279090580177,23.65380410410734,68.99469071516172,7.0
28.15582176113519,49.18998244973893,1785.8279090580177,23.65380410410734,68.99469071516172,7,1,2,1,29,2460.0,28.220699023041895,49.388029532393155,1313.183229048483,23.683588126670195,69.22504139035652,6.0
28.220699023041895,49.388029532393155,1313.183229048483,23.683588126670195,69.22504139035652,6,0,3,1,22,2520.0,28.23138111934535,49.58639965097279,0.0,23.571899399292203,69.27296032933924,6.0
28.23138111934535,49.58639965097279,0.0,23.571899399292203,69.27296032933924,6,1,3,4,29,2580.0,28.296888290466278,49.783265257756455,1370.7288461232067,23.57242154082643,68.97729232093806,5.0
28.296888290466278,49.783265257756455,1370.7288461232067,23.57242154082643,68.97729232093806,5,1,1,2,29,2640.0,28.351444320668932,49.83782128795911,1138.6711440243546,23.468752809446446,69.51751266899451,4.0
28.351444320668932,49.83782128795911,1138.6711440243546,23.468752809446446,69.51751266899451,4,1,3,6,28,2700.0,28.28602515083883,50.03461820176946,1455.1282689278287,23.550593688789597,69.63749846427085,4.0
28.28602515083883,50.03461820176946,1455.1282689278287,23.550593688789597,69.63749846427085,4,1,2,6,21,2760.0,28.186951805035157,50.23064700439448,2128.309961765429,23.546839192997197,70.47940734593645,4.0
28.186951805035157,50.23064700439448,2128.309961765429,23.546839192997197,70.47940734593645,4,0,1,2,25,2820.0,28.194297134614757,50.4331346078099,0.0,23.349166785329142,69.44203943487517,4.0
28.194297134614757,50.4331346078099,0.0,23.349166785329142,69.44203943487517,4,1,1,5,21,2880.0,28.11665345172411,50.35549092491925,1699.6435709134223,23.3742589351062,68.55671134904333,4.0
28.11665345172411,50.35549092491925,1699.6435709134223,23.3742589351062,68.55671134904333,4,0,2,5,30,2940.0,28.123995371906886,50.53750312916049,0.0,23.366917512366953,68.45113185900576,4.0
28.123995371906886,50.53750312916049,0.0,23.366917512366953,68.45113185900576,4,1,1,0,23,3000.0,28.068526814215133,50.48203457146874,1256.1997685953443,23.47671008389048,68.32500818235158,4.0
28.068526814215133,50.48203457146874,1256.1997685953443,23.47671008389048,68.32500818235158,4,1,1,2,23,3060.0,28.006935304918365,50.42044306217197,1378.7689747818324,23.386183629943698,68.88907074771619,4.0
28.006935304918365,50.42044306217197,1378.7689747818324,23.386183629943698,68.88907074771619,4,0,2,2,18,3120.0,28.014281279862534,50.605129339027414,0.0,23.371906134626627,68.21690051164374,4.0
28.014281279862534,50.605129339027414,0.0,23.371906134626627,68.21690051164374,4,0,1,4,22,3180.0,28.02162653402436,50.78124705075358,0.0,23.43780872982874,67.43637922385035,4.0
28.02162653402436,50.78124705075358,0.0,23.43780872982874,67.43637922385035,4,1,3,6,28,3240.0,27.957396425238418,50.94779837248455,1431.5462971827417,23.3512052853064,67.57575210091538,4.0
27.957396425238418,50.94779837248455,1431.5462971827417,23.3512052853064,67.57575210091538,4,0,2,4,27,3300.0,27.964742885533752,51.11407790976886,0.0,23.413606895849743,67.1639377610278,4.0
27.964742885533752,51.11407790976886,0.0,23.413606895849743,67.1639377610278,4,1,2,1,21,3360.0,27.88715224091133,51.27457650828145,1698.7788017886264,23.38528992506212,67.63322544423241,4.0
27.88715224091133,51.27457650828145,1698.7788017886264,23.38528992506212,67.63322544423241,4,0,2,1,23,3420.0,27.894502178834134,51.43816299764096,0.0,23.43731813124219,66.20764154060909,4.0
27.894502178834134,51.43816299764096,0.0,23.43731813124219,66.20764154060909,4,0,2,4,27,3480.0,27.90185360603255,51.58585778307064,0.0,23.54325718796116,66.56957697806293,4.0
27.90185360603255,51.58585778307064,0.0,23.54325718796116,66.56957697806293,4,1,3,6,26,3540.0,27.830909192843713,51.73569497502056,1565.9825328313273,23.58680554993969,66.50783674651225,4.0
27.830909192843713,51.73569497502056,1565.9825328313273,23.58680554993969,66.50783674651225,4,1,2,4,20,3600.0,27.738076449628046,51.88341639273548,2003.8254618847475,23.655367174160975,66.58496152810517,4.0
27.738076449628046,51.88341639273548,2003.8254618847475,23.655367174160975,66.58496152810517,4,0,1,4,30,3660.0,27.745440359318863,52.03043184408917,0.0,23.683933688471484,66.53055393156887,4.0
27.745440359318863,52.03043184408917,0.0,23.683933688471484,66.53055393156887,4,1,2,0,21,3720.0,27.67256865468521,52.17543306496397,1604.7264215591317,23.844622958519704,66.25791039631417,4.0
27.67256865468521,52.17543306496397,1604.7264215591317,23.844622958519704,66.25791039631417,4,1,1,6,30,3780.0,27.73799237799316,52.24085678827191,1451.2830374454613,23.860509425831687,65.74858350566285,4.0
27.73799237799316,52.24085678827191,1451.2830374454613,23.860509425831687,65.74858350566285,4,0,2,0,19,3840.0,27.74536312856142,52.375934055445825,0.0,23.835297109954478,65.75957015364446,4.0
27.74536312856142,52.375934055445825,0.0,23.835297109954478,65.75957015364446,4,1,1,2,23,3900.0,27.68468304442392,52.31525397130832,1360.994972070878,23.92081601529376,65.98320343277,5.0
27.68468304442392,52.31525397130832,1360.994972070878,23.92081601529376,65.98320343277,5,0,3,1,29,3960.0,27.69372424885628,52.45193346592294,0.0,23.81331705858072,65.98203173119524,5.0
27.69372424885628,52.45193346592294,0.0,23.81331705858072,65.98203173119524,5,1,3,2,22,4020.0,27.625038052763816,52.587234448575664,1554.470317055805,23.882480929084505,65.33551289868863,5.0
27.625038052763816,52.587234448575664,1554.470317055805,23.882480929084505,65.33551289868863,5,0,3,3,24,4080.0,27.63407996752636,52.7147172330768,0.0,23.6957766246219,65.16380867698324,5.0
27.63407996752636,52.7147172330768,0.0,23.6957766246219,65.16380867698324,5,1,1,1,20,4140.0,27.570575897500174,52.65121316305061,1450.789198295134,23.67989779666488,65.02020473709021,5.0
27.570575897500174,52.65121316305061,1450.789198295134,23.67989779666488,65.02020473709021,5,0,3,0,21,4200.0,27.579612874896814,52.774903078791006,0.0,23.898903922569076,65.41682842771436,5.0
27.579612874896814,52.774903078791006,0.0,23.898903922569076,65.41682842771436,5,1,1,6,29,4260.0,27.64434985779034,52.839640061684534,1392.325163131707,23.79190783678357,66.09322835056223,6.0
27.64434985779034,52.839640061684534,1392.325163131707,23.79190783678357,66.09322835056223,6,1,2,2,18,4320.0,27.55722842185893,52.97217594457331,1956.5270906141623,23.898719165633857,66.5491283237676,6.0
27.55722842185893,52.97217594457331,1956.5270906141623,23.898719165633857,66.5491283237676,6,1,3,4,23,4380.0,27.486900951091588,53.10794546836525,1620.7770758426896,24.0677595099353,67.04203027893976,6.0
27.486900951091588,53.10794546836525,1620.7770758426896,24.0677595099353,67.04203027893976,6,0,2,3,18,4440.0,27.497620313043548,53.247286316471,0.0,23.916020923071052,66.94818471268101,6.0
27.497620313043548,53.247286316471,0.0,23.916020923071052,66.94818471268101,6,1,2,3,22,4500.0,27.42036746965055,53.384295300433095,1759.335801600005,23.84938920141659,67.7778200447906,6.0
27.42036746965055,53.384295300433095,1759.335801600005,23.84938920141659,67.7778200447906,6,0,2,1,28,4560.0,27.43108177037494,53.52823054787667,0.0,23.924201204641776,67.78464787670933,6.0
27.43108177037494,53.52823054787667,0.0,23.924201204641776,67.78464787670933,6,0,1,2,24,4620.0,27.441798207689416,53.670794721164995,0.0,23.757734606139223,67.93277384265431,6.0
27.441798207689416,53.670794721164995,0.0,23.757734606139223,67.93277384265431,6,1,3,1,20,4680.0,27.373270546577995,53.813414512379886,1584.7638464940637,23.61997204053287,67.15758540718869,6.0
27.373270546577995,53.813414512379886,1584.7638464940637,23.61997204053287,67.15758540718869,6,1,3,4,23,4740.0,27.30354697715742,53.94685622132798,1608.6358560741476,23.816791953768288,67.41563342867016,6.0
27.30354697715742,53.94685622132798,1608.6358560741476,23.816791953768288,67.41563342867016,6,0,2,1,18,4800.0,27.31426408532331,54.0815439934014,0.0,23.747445650933646,66.50495832409909,5.0
27.31426408532331,54.0815439934014,0.0,23.747445650933646,66.50495832409909,5,0,3,4,20,4860.0,27.323311858042164,54.205778136708375,0.0,23.855221509345476,66.56495051601816,5.0
27.323311858042164,54.205778136708375,0.0,23.855221509345476,66.56495051601816,5,1,2,0,25,4920.0,27.265392986123082,54.32936986050147,1339.3987114825297,23.948459033510193,66.65091094047187,5.0
27.265392986123082,54.32936986050147,1339.3987114825297,23.948459033510193,66.65091094047187,5,0,1,0,26,4980.0,27.274449088324662,54.452585271301174,0.0,23.815710406463086,67.25821332355098,5.0
27.274449088324662,54.452585271301174,0.0,23.815710406463086,67.25821332355098,5,1,2,6,30,5040.0,27.35440418254636,54.580641551823675,1772.5929711106762,24.094301597862493,67.74912429577027,5.0
27.35440418254636,54.580641551823675,1772.5929711106762,24.094301597862493,67.74912429577027,5,0,2,6,25,5100.0,27.36346217912687,54.71232637926314,0.0,24.322153329458093,67.64192982978189,5.0
27.36346217912687,54.71232637926314,0.0,24.322153329458093,67.64192982978189,5,0,3,2,23,5160.0,27.37252746883188,54.84162241376833,0.0,24.244693194669562,67.14501718535325,5.0
27.37252746883188,54.84162241376833,0.0,24.244693194669562,67.14501718535325,5,1,1,6,25,5220.0,27.30887916008237,54.777974105018814,1454.214285474072,24.327904216391676,67.41850142191686,4.0
27.30887916008237,54.777974105018814,1454.214285474072,24.327904216391676,67.41850142191686,4,1,2,5,20,5280.0,27.213871497400604,54.90437937818779,2048.1659370061775,24.3148846631112,67.42672188622655,4.0
27.213871497400604,54.90437937818779,2048.1659370061775,24.3148846631112,67.42672188622655,4,0,2,0,21,5340.0,27.221274864506128,55.029602803268176,0.0,24.279723920283015,67.54785096453669,4.0
29.68414862695618,51.84291199977728,0.0,29.39799272769399,69.54149513468043,7,1,3,4,25,60.0,29.615181397957247,52.01989783112631,1629.153809379108,29.35142809358825,68.79308243588997,7.0
29.615181397957247,52.01989783112631,1629.153809379108,29.35142809358825,68.79308243588997,7,1,2,0,27,120.0,29.559827061986564,52.187629677173945,1356.910883877435,29.376522412911918,68.97611039362037,8.0
29.559827061986564,52.187629677173945,1356.910883877435,29.376522412911918,68.97611039362037,8,1,2,2,27,180.0,29.499540189193706,52.35551448433841,1488.9485860911132,29.28840710667729,69.11678866238955,8.0
29.499540189193706,52.35551448433841,1488.9485860911132,29.28840710667729,69.11678866238955,8,0,3,4,29,240.0,29.513699818090956,52.523127226118916,0.0,29.380069875549573,69.25904465365038,8.0
29.513699818090956,52.523127226118916,0.0,29.380069875549573,69.25904465365038,8,1,2,3,27,300.0,29.45018976605379,52.69048640039423,1553.445287448276,29.193481300751714,69.50282365623306,8.0
29.45018976605379,52.69048640039423,1553.445287448276,29.193481300751714,69.50282365623306,8,1,1,1,22,360.0,29.392291127635723,52.63258776197616,1441.1349627178238,29.281616134276014,69.73629268251463,8.0
29.392291127635723,52.63258776197616,1441.1349627178238,29.281616134276014,69.73629268251463,8,1,2,1,23,420.0,29.32331838808389,52.80362481118154,1662.7143410410504,29.329446173501484,69.75309353619141,8.0
29.32331838808389,52.80362481118154,1662.7143410410504,29.329446173501484,69.75309353619141,8,0,1,4,24,480.0,29.337485259010073,52.97311949843164,0.0,29.265915520064663,69.27134400593339,8.0
29.337485259010073,52.97311949843164,0.0,29.265915520064663,69.27134400593339,8,0,3,1,27,540.0,29.351649540018776,53.13610174350666,0.0,29.41785333835986,69.63638405220219,7.0
29.351649540018776,53.13610174350666,0.0,29.41785333835986,69.63638405220219,7,0,3,2,26,600.0,29.364151746812055,53.301104566593615,0.0,29.575346769738765,69.14584042055485,7.0
29.364151746812055,53.301104566593615,0.0,29.575346769738765,69.14584042055485,7,1,2,0,27,660.0,29.309566331405716,53.459551925133226,1341.8491048087233,29.369793967559282,69.67488884089421,7.0
29.309566331405716,53.459551925133226,1341.8491048087233,29.369793967559282,69.67488884089421,7,0,2,0,20,720.0,29.32206833899359,53.621705294290834,0.0,29.414778882197844,69.99945783491701,7.0
29.32206833899359,53.621705294290834,0.0,29.414778882197844,69.99945783491701,7,1,2,1,18,780.0,29.235906914077198,53.785482819697094,1973.290305356596,29.469407853888743,70.39108592693971,7.0
29.235906914077198,53.785482819697094,1973.290305356596,29.469407853888743,70.39108592693971,7,1,2,4,20,840.0,29.14316543255118,53.95153885076952,2104.985297813558,29.588754696743464,69.93751910205853,8.0
29.14316543255118,53.95153885076952,2104.985297813558,29.588754696743464,69.93751910205853,8,1,3,1,27,900.0,29.093408562006825,54.111398653282414,1278.7678037298306,29.603509955334207,69.6264973648375,9.0
29.093408562006825,54.111398653282414,1278.7678037298306,29.603509955334207,69.6264973648375,9,0,1,3,18,960.0,29.109258898719936,54.26654964039796,0.0,29.56989495506243,69.56678578446959,10.0
29.109258898719936,54.26654964039796,0.0,29.56989495506243,69.56678578446959,10,0,1,3,18,1020.0,29.12677425325515,54.419552001838674,0.0,29.46593108145486,70.71338866607661,11.0
29.12677425325515,54.419552001838674,0.0,29.46593108145486,70.71338866607661,11,1,1,4,28,1080.0,29.082571902389656,54.37534965097318,1267.606455195309,29.289418972932936,70.47514974549958,11.0
29.082571902389656,54.37534965097318,1267.606455195309,29.289418972932936,70.47514974549958,11,0,1,5,27,1140.0,29.101745463958675,54.53634765191844,0.0,29.476590435364518,70.65244488480192,11.0
29.101745463958675,54.53634765191844,0.0,29.476590435364518,70.65244488480192,11,0,3,4,24,1200.0,29.12092462545772,54.69750862424728,0.0,29.45150496924175,69.92397611204156,11.0
29.12092462545772,54.69750862424728,0.0,29.45150496924175,69.92397611204156,11,0,1,6,29,1260.0,29.14010231146918,54.84977329912522,0.0,29.566850589806407,69.46007283061502,11.0
29.14010231146918,54.84977329912522,0.0,29.566850589806407,69.46007283061502,11,0,2,0,20,1320.0,29.15928320307846,54.995876294440116,0.0,29.641815092139595,69.22123565789136,10.0
29.15928320307846,54.995876294440116,0.0,29.641815092139595,69.22123565789136,10,0,2,3,25,1380.0,29.17679928747476,55.13812988807463,0.0,29.371395427451986,69.55811243211443,10.0
29.17679928747476,55.13812988807463,0.0,29.371395427451986,69.55811243211443,10,1,2,3,22,1440.0,29.100545816470973,55.282329713515026,1875.1991508357587,29.29607026898608,68.80967647049408,11.0
29.100545816470973,55.282329713515026,1875.1991508357587,29.29607026898608,68.80967647049408,11,1,2,5,30,1500.0,29.18241736316998,55.417603181084814,1567.459063764677,29.31684130525964,68.91819889588726,10.0
29.18241736316998,55.417603181084814,1567.459063764677,29.31684130525964,68.91819889588726,10,1,1,4,24,1560.0,29.12437459187854,55.359560409793374,1510.9450417901987,29.204801470584602,68.6162609756442,11.0
25.83862281291035,57.415279222443,0.0,18.726143482306938,67.69985874086247,0,1,3,4,27,60.0,25.895085099373247,57.51812501762719,1396.6508943479168,18.704623396225102,66.98166103628989,0.0
25.895085099373247,57.51812501762719,1396.6508943479168,18.704623396225102,66.98166103628989,0,0,3,0,26,120.0,25.895678750649807,57.61276037781382,0.0,18.71059783432461,66.88421110606674,0.0
25.895678750649807,57.61276037781382,0.0,18.71059783432461,66.88421110606674,0,1,3,0,30,180.0,25.9493020880345,57.70547488509635,1325.7376687142607,18.725666257209802,66.49968605227339,1.0
26.30912926465823,49.498045836619255,0.0,21.93978637297221,68.82609469836129,8,0,2,0,21,60.0,26.32315028656184,49.69132632523667,0.0,21.94378543771862,67.85091520191448,8.0
26.32315028656184,49.69132632523667,0.0,21.94378543771862,67.85091520191448,8,0,1,0,30,120.0,26.337170974400212,49.87292221400345,0.0,21.95023094604142,68.38783611589028,8.0
26.337170974400212,49.87292221400345,0.0,21.95023094604142,68.38783611589028,8,1,1,1,19,180.0,26.2794313359248,49.81518257552804,1435.2014761560113,21.945383528270373,67.9221366163873,9.0
26.2794313359248,49.81518257552804,1435.2014761560113,21.945383528270373,67.9221366163873,9,0,3,5,28,240.0,26.29512020099788,49.996252115936635,0.0,22.008264911103648,67.89738429335478,9.0
26.29512020099788,49.996252115936635,0.0,22.008264911103648,67.89738429335478,9,1,2,5,24,300.0,26.22720393840114,50.17526343771082,1672.1340150748408,22.206516217473435,69.09353348518965,9.0
26.22720393840114,50.17526343771082,1672.1340150748408,22.206516217473435,69.09353348518965,9,1,1,0,21,360.0,26.17983523896444,50.12789473827412,1261.360196920057,22.167310335366953,69.19926524638475,9.0
26.17983523896444,50.12789473827412,1261.360196920057,22.167310335366953,69.19926524638475,9,0,2,0,22,420.0,26.195534821467653,50.31860844335523,0.0,22.127880746363385,69.01762652370034,8.0
26.195534821467653,50.31860844335523,0.0,22.127880746363385,69.01762652370034,8,0,3,2,30,480.0,26.20956589966515,50.50559862415868,0.0,22.29970090950525,68.3598041397901,8.0
26.20956589966515,50.50559862415868,0.0,22.29970090950525,68.3598041397901,8,0,3,2,21,540.0,26.223602237498813,50.68414067931499,0.0,22.37435619467061,68.60281289337301,8.0
26.223602237498813,50.68414067931499,0.0,22.37435619467061,68.60281289337301,8,1,3,6,30,600.0,26.305641093564805,50.86332740145557,1700.012440018835,22.575531839258538,68.75205087182646,8.0
26.305641093564805,50.86332740145557,1700.012440018835,22.575531839258538,68.75205087182646,8,0,3,0,18,660.0,26.31968342325633,51.04221463615928,0.0,22.509232843131432,68.45769845504807,8.0
26.31968342325633,51.04221463615928,0.0,22.509232843131432,68.45769845504807,8,1,1,2,27,720.0,26.379219771372494,51.10175098427544,1137.4174117209018,22.506657872756474,69.17819420179708,8.0
26.379219771372494,51.10175098427544,1137.4174117209018,22.506657872756474,69.17819420179708,8,1,1,0,18,780.0,26.32230930321411,51.044840516117056,1418.9609885686248,22.505207779875292,69.03314197663946,8.0
26.32230930321411,51.044840516117056,1418.9609885686248,22.505207779875292,69.03314197663946,8,0,1,3,27,840.0,26.33634873316333,51.22472353072228,0.0,22.491128890989874,68.78614304806125,8.0
26.33634873316333,51.22472353072228,0.0,22.491128890989874,68.78614304806125,8,1,1,3,26,900.0,26.291920223227415,51.18029502078636,1169.3400521568915,22.47940998758342,67.77362489080637,9.0
26.291920223227415,51.18029502078636,1169.3400521568915,22.47940998758342,67.77362489080637,9,0,3,3,25,960.0,26.307626472886227,51.34622831948656,0.0,22.514026569688898,67.8078218211247,9.0
26.307626472886227,51.34622831948656,0.0,22.514026569688898,67.8078218211247,9,1,1,1,24,1020.0,26.264775833398126,51.30337767999846,1171.1503898265269,22.44820434531388,68.2149832468286,9.0
26.264775833398126,51.30337767999846,1171.1503898265269,22.44820434531388,68.2149832468286,9,0,3,1,23,1080.0,26.280481947681857,51.47249373566677,0.0,22.54528630605559,67.76116053193367,8.0
26.280481947681857,51.47249373566677,0.0,22.54528630605559,67.76116053193367,8,1,3,3,27,1140.0,26.3469444884995,51.63538040362943,1310.5095168091227,22.62670333258599,68.20569772726867,7.0
26.3469444884995,51.63538040362943,1310.5095168091227,22.62670333258599,68.20569772726867,7,0,2,1,29,1200.0,26.35932048046097,51.80108357686583,0.0,22.619651463286157,68.29817869081141,7.0
26.35932048046097,51.80108357686583,0.0,22.619651463286157,68.29817869081141,7,0,1,5,25,1260.0,26.371695824827064,51.96605452800529,0.0,22.45707970302652,68.44813092035656,7.0
26.371695824827064,51.96605452800529,0.0,22.45707970302652,68.44813092035656,7,0,2,3,23,1320.0,26.384065337623003,52.1308752919288,0.0,22.515963652670717,67.96977801585854,8.0
26.384065337623003,52.1308752919288,0.0,22.515963652670717,67.96977801585854,8,0,2,4,21,1380.0,26.398103067566836,52.2892643191681,0.0,22.58412673529495,67.77279235668286,8.0
26.398103067566836,52.2892643191681,0.0,22.58412673529495,67.77279235668286,8,1,2,2,30,1440.0,26.474451609590716,52.44409959954324,1557.7251975405886,22.87931485814453,68.01854289648563,8.0
26.474451609590716,52.44409959954324,1557.7251975405886,22.87931485814453,68.01854289648563,8,0,2,4,25,1500.0,26.488498438365667,52.599844032512664,0.0,22.94868408167029,67.52556966000367,8.0
26.488498438365667,52.599844032512664,0.0,22.94868408167029,67.52556966000367,8,1,3,1,29,1560.0,26.554548679827818,52.74910128878757,1300.0392151843828,22.999633567835843,68.19669805143376,8.0
26.554548679827818,52.74910128878757,1300.0392151843828,22.999633567835843,68.19669805143376,8,0,2,3,27,1620.0,26.568596849324084,52.90357725641403,0.0,23.02322008393697,67.5747706998825,8.0
26.568596849324084,52.90357725641403,0.0,23.02322008393697,67.5747706998825,8,0,3,6,20,1680.0,26.58264533676524,53.050289190848716,0.0,23.11922617140712,67.72466878566897,8.0
26.58264533676524,53.050289190848716,0.0,23.11922617140712,67.72466878566897,8,0,2,1,20,1740.0,26.596696556126393,53.19703298679692,0.0,23.13347423871313,68.11630656222523,8.0
26.596696556126393,53.19703298679692,0.0,23.13347423871313,68.11630656222523,8,0,1,6,23,1800.0,26.610747782049145,53.3462257225512,0.0,23.05614190416896,68.12834242205331,8.0
26.610747782049145,53.3462257225512,0.0,23.05614190416896,68.12834242205331,8,1,3,4,25,1860.0,26.553480494172454,53.494046889546226,1426.3093536152435,23.042672517453894,68.15892637336205,7.0
26.553480494172454,53.494046889546226,1426.3093536152435,23.042672517453894,68.15892637336205,7,0,2,4,25,1920.0,26.565863467239897,53.64069568438438,0.0,22.960818038474713,68.52251603126383,8.0
26.565863467239897,53.64069568438438,0.0,22.960818038474713,68.52251603126383,8,1,3,0,20,1980.0,26.506853841190694,53.789513887853175,1461.1224906981945,23.03816293313838,69.29068860487352,9.0
26.506853841190694,53.789513887853175,1461.1224906981945,23.03816293313838,69.29068860487352,9,0,1,2,20,2040.0,26.52257155149376,53.94452563502338,0.0,22.944175530764284,69.55354560361256,9.0
26.52257155149376,53.94452563502338,0.0,22.944175530764284,69.55354560361256,9,0,3,5,22,2100.0,26.538285604959736,54.100615834709274,0.0,22.9920594525651,69.6446187748784,8.0
26.538285604959736,54.100615834709274,0.0,22.9920594525651,69.6446187748784,8,1,3,6,28,2160.0,26.613714567257805,54.25605586411096,1534.512579245379,23.040529120922304,69.1181842669495,8.0
26.613714567257805,54.25605586411096,1534.512579245379,23.040529120922304,69.1181842669495,8,0,1,4,24,2220.0,26.627762127742926,54.40467714813935,0.0,23.103751257770856,69.51913822551357,8.0
26.627762127742926,54.40467714813935,0.0,23.103751257770856,69.51913822551357,8,1,2,1,29,2280.0,26.69818936681868,54.55582175891309,1409.4509859521957,23.128324096952827,70.06834754744908,8.0
26.69818936681868,54.55582175891309,1409.4509859521957,23.128324096952827,70.06834754744908,8,1,2,0,19,2340.0,26.629142469875898,54.71094701679845,1661.8913620091207,23.190167647572835,69.99055615381832,8.0
26.629142469875898,54.71094701679845,1661.8913620091207,23.190167647572835,69.99055615381832,8,1,2,5,22,2400.0,26.550835219786453,54.86374310816865,1847.1856852406925,23.282679689609473,69.8577095159048,8.0
26.550835219786453,54.86374310816865,1847.1856852406925,23.282679689609473,69.8577095159048,8,0,1,2,21,2460.0,26.564892947935448,55.01368277224601,0.0,23.368952804569343,69.34385373788693,8.0
26.564892947935448,55.01368277224601,0.0,23.368952804569343,69.34385373788693,8,1,1,4,24,2520.0,26.511258404420197,54.960048228730756,1353.8935768761269,23.355723606114726,69.53376690190656,8.0
26.511258404420197,54.960048228730756,1353.8935768761269,23.355723606114726,69.53376690190656,8,1,3,5,18,2580.0,26.42731243582839,55.10578541546251,1960.1490153038885,23.406140197188577,69.22930937293266,8.0
26.42731243582839,55.10578541546251,1960.1490153038885,23.406140197188577,69.22930937293266,8,0,2,3,28,2640.0,26.44137839675377,55.24702065503722,0.0,23.38101991590264,69.27067833406011,8.0
26.44137839675377,55.24702065503722,0.0,23.38101991590264,69.27067833406011,8,0,1,2,30,2700.0,26.455443051471075,55.38725723182745,0.0,23.34174477210729,68.58810608288714,9.0
26.455443051471075,55.38725723182745,0.0,23.34174477210729,68.58810608288714,9,0,3,2,23,2760.0,26.471172594861763,55.51926572033805,0.0,23.463457764222902,67.82700343042421,9.0
26.471172594861763,55.51926572033805,0.0,23.463457764222902,67.82700343042421,9,1,1,4,22,2820.0,26.41349215324949,55.46158527872578,1468.2703556917056,23.382097838787022,68.30110642783589,9.0
26.41349215324949,55.46158527872578,1468.2703556917056,23.382097838787022,68.30110642783589,9,1,1,1,25,2880.0,26.373014023203392,55.42110714867968,1124.208338045598,23.370040722487634,68.40685244515186,9.0
26.373014023203392,55.42110714867968,1124.208338045598,23.370040722487634,68.40685244515186,9,0,3,3,21,2940.0,26.3887472574267,55.5509646016444,0.0,23.448927144072847,68.96124077530547,9.0
26.3887472574267,55.5509646016444,0.0,23.448927144072847,68.96124077530547,9,1,1,2,28,3000.0,26.452027352789916,55.61424469700762,1188.6189008415315,23.493968340065795,68.69643667552069,9.0
26.452027352789916,55.61424469700762,1188.6189008415315,23.493968340065795,68.69643667552069,9,1,2,4,26,3060.0,26.394134785686113,55.74506661679275,1472.545969400874,23.518645497211644,68.25064240875871,9.0
26.394134785686113,55.74506661679275,1472.545969400874,23.518645497211644,68.25064240875871,9,0,1,0,30,3120.0,26.409872269376496,55.87012237471241,0.0,23.633725692917437,68.29168653400399,9.0
26.409872269376496,55.87012237471241,0.0,23.633725692917437,68.29168653400399,9,1,1,3,29,3180.0,26.47757035827105,55.93782046360696,1298.9323445108514,23.60875839613661,68.21084197999146,8.0
26.47757035827105,55.93782046360696,1298.9323445108514,23.60875839613661,68.21084197999146,8,1,1,2,25,3240.0,26.432578079387063,55.89282818472297,1181.2663697049077,23.698961311770866,68.45194888616264,8.0
26.432578079387063,55.89282818472297,1181.2663697049077,23.698961311770866,68.45194888616264,8,0,1,3,28,3300.0,26.44665362549481,56.01841939173737,0.0,23.62353449564172,68.38855723284331,8.0
26.44665362549481,56.01841939173737,0.0,23.62353449564172,68.38855723284331,8,1,3,2,21,3360.0,26.383750060973362,56.14212077014842,1539.5225443424363,23.741433169705186,69.05425470060084,8.0
26.383750060973362,56.14212077014842,1539.5225443424363,23.741433169705186,69.05425470060084,8,1,1,4,26,3420.0,26.3366774002274,56.09504810940246,1223.0250036584018,23.89591769275812,68.53788420273295,7.0
26.3366774002274,56.09504810940246,1223.0250036584018,23.89591769275812,68.53788420273295,7,1,2,3,23,3480.0,26.2685845045397,56.21947647033577,1610.2307406156906,23.8412956512094,68.2784656813221,8.0
26.2685845045397,56.21947647033577,1610.2307406156906,23.8412956512094,68.2784656813221,8,0,2,5,23,3540.0,26.282670261577923,56.34006636244563,0.0,23.68011714486068,68.35694999484649,8.0
26.282670261577923,56.34006636244563,0.0,23.68011714486068,68.35694999484649,8,1,2,6,26,3600.0,26.21764776245388,56.46023519876964,1582.048280403078,23.556024996378966,68.63768598378236,8.0
26.21764776245388,56.46023519876964,1582.048280403078,23.556024996378966,68.63768598378236,8,0,2,4,20,3660.0,26.231725708361676,56.582009706619765,0.0,23.522319657636405,68.57794591333699,8.0
26.231725708361676,56.582009706619765,0.0,23.522319657636405,68.57794591333699,8,1,3,1,25,3720.0,26.184495453510426,56.701969068686935,1226.1321596578866,23.51146789550659,67.90901647753665,8.0
26.184495453510426,56.701969068686935,1226.1321596578866,23.51146789550659,67.90901647753665,8,0,3,1,23,3780.0,26.198573019258493,56.81403954277543,0.0,23.355326578376935,67.57754243281278,8.0
26.198573019258493,56.81403954277543,0.0,23.355326578376935,67.57754243281278,8,1,1,0,23,3840.0,26.154648478495652,56.77011500201259,1159.9286509629248,23.537026313146345,67.18151992219045,8.0
26.154648478495652,56.77011500201259,1159.9286509629248,23.537026313146345,67.18151992219045,8,1,1,2,24,3900.0,26.10780260777428,56.72326913129122,1218.5056663172609,23.4222616732598,66.57252100191226,8.0
26.10780260777428,56.72326913129122,1218.5056663172609,23.4222616732598,66.57252100191226,8,1,1,0,23,3960.0,26.06411024989036,56.6795767734073,1155.390130388714,23.487946625692764,67.31915341285602,8.0
26.06411024989036,56.6795767734073,1155.390130388714,23.487946625692764,67.31915341285602,8,1,1,6,24,4020.0,26.006482686124073,56.621949209641016,1434.1671662428732,23.456978134065135,67.0610503471778,7.0
26.006482686124073,56.621949209641016,1434.1671662428732,23.456978134065135,67.0610503471778,7,1,2,3,24,4080.0,25.942975337371877,56.726340221016386,1518.4473053425609,23.448560599184482,67.09651836621669,7.0
25.942975337371877,56.726340221016386,1518.4473053425609,23.448560599184482,67.09651836621669,7,0,1,4,18,4140.0,25.95539219021394,56.83004200246839,0.0,23.388705983995315,66.96154825240617,7.0
25.95539219021394,56.83004200246839,0.0,23.388705983995315,66.96154825240617,7,0,1,2,25,4200.0,25.967806634007065,56.93135706496777,0.0,23.49062446938148,67.00543662816678,7.0
25.967806634007065,56.93135706496777,0.0,23.49062446938148,67.00543662816678,7,0,1,3,30,4260.0,25.980224061268245,57.03209786059976,0.0,23.643171511550804,67.78225349248281,7.0
25.980224061268245,57.03209786059976,0.0,23.643171511550804,67.78225349248281,7,1,3,6,19,4320.0,25.896191858497556,57.13959941691859,1929.0860203806797,23.78348699645425,67.99551494164402,7.0
25.896191858497556,57.13959941691859,1929.0860203806797,23.78348699645425,67.99551494164402,7,0,1,5,19,4380.0,25.908621435002154,57.24815857216585,0.0,23.685458241380463,67.96285318050431,7.0
25.908621435002154,57.24815857216585,0.0,23.685458241380463,67.96285318050431,7,1,2,6,22,4440.0,25.82780370596586,57.35530551824923,1864.872471930168,23.541881979391064,69.27954816336846,7.0
25.82780370596586,57.35530551824923,1864.872471930168,23.541881979391064,69.27954816336846,7,1,3,0,18,4500.0,25.763701048383567,57.474547944700426,1530.5292038281223,23.48083735917948,70.02862410931401,6.0
25.763701048383567,57.474547944700426,1530.5292038281223,23.48083735917948,70.02862410931401,6,0,2,2,21,4560.0,25.774458286260593,57.60008870634656,0.0,23.287626913140024,69.88819546176364,6.0
25.774458286260593,57.60008870634656,0.0,23.287626913140024,69.88819546176364,6,0,1,3,22,4620.0,25.785208725214822,57.72296977390073,0.0,23.207878325966895,69.64754403547178,6.0
25.785208725214822,57.72296977390073,0.0,23.207878325966895,69.64754403547178,6,0,3,3,23,4680.0,25.79595614753485,57.84221551651644,0.0,23.32946805205433,69.25764889210137,6.0
25.79595614753485,57.84221551651644,0.0,23.32946805205433,69.25764889210137,6,1,3,4,21,4740.0,25.724880609311466,57.95636985027229,1636.5331057373,23.23890121848843,69.27769382315648,6.0
25.724880609311466,57.95636985027229,1636.5331057373,23.23890121848843,69.27769382315648,6,0,3,5,19,4800.0,25.735631076665104,58.06958309000113,0.0,23.151715296453624,69.54812804576244,6.0
25.735631076665104,58.06958309000113,0.0,23.151715296453624,69.54812804576244,6,1,2,3,30,4860.0,25.813347937700836,58.18436853955875,1674.2414557101079,23.298601730513244,69.51579852373285,6.0
25.813347937700836,58.18436853955875,1674.2414557101079,23.298601730513244,69.51579852373285,6,0,3,4,28,4920.0,25.824097446160597,58.29768283940049,0.0,23.29420236308299,69.71281527621659,6.0
25.824097446160597,58.29768283940049,0.0,23.29420236308299,69.71281527621659,6,0,3,6,27,4980.0,25.834846449657828,58.411834163768646,0.0,23.479210697570714,69.25968910547493,6.0
25.834846449657828,58.411834163768646,0.0,23.479210697570714,69.25968910547493,6,0,2,4,26,5040.0,25.845601261799427,58.52031271318571,0.0,23.522553443835406,69.2742191635429,6.0
25.845601261799427,58.52031271318571,0.0,23.522553443835406,69.2742191635429,6,0,3,2,24,5100.0,25.856357160205494,58.62785177768928,0.0,23.57672096925046,69.28516829028193,5.0
25.856357160205494,58.62785177768928,0.0,23.57672096925046,69.28516829028193,5,0,3,2,30,5160.0,25.865447838999128,58.73442494281521,0.0,23.520587914170566,69.32861875640184,5.0
25.865447838999128,58.73442494281521,0.0,23.520587914170566,69.32861875640184,5,1,3,2,22,5220.0,25.802343363955327,58.84036688095107,1443.8595942594472,23.462045948086846,70.27330081487315,6.0
25.802343363955327,58.84036688095107,1443.8595942594472,23.462045948086846,70.27330081487315,6,0,3,1,28,5280.0,25.813098687374797,58.954696220290295,0.0,23.42358293487972,69.5987147628014,6.0
25.813098687374797,58.954696220290295,0.0,23.42358293487972,69.5987147628014,6,0,3,3,20,5340.0,25.823852370183047,59.06113640571541,0.0,23.431811968863435,69.10388765542142,5.0
25.823852370183047,59.06113640571541,0.0,23.431811968863435,69.10388765542142,5,0,1,6,27,5400.0,25.83293930216967,59.16156391821247,0.0,23.191046484528762,68.201339330293,5.0
25.83293930216967,59.16156391821247,0.0,23.191046484528762,68.201339330293,5,0,3,1,20,5460.0,25.842017905742416,59.25196167233328,0.0,23.294602991306505,68.37365458261026,5.0
25.842017905742416,59.25196167233328,0.0,23.294602991306505,68.37365458261026,5,0,3,1,19,5520.0,25.8510996585786,59.34317860143605,0.0,23.405962966425154,69.40928230968768,4.0
25.8510996585786,59.34317860143605,0.0,23.405962966425154,69.40928230968768,4,1,1,3,23,5580.0,25.792821242503784,59.28490018536124,1313.9382303682696,23.419468536903523,69.87896384172348,5.0
25.792821242503784,59.28490018536124,1313.9382303682696,23.419468536903523,69.87896384172348,5,1,3,6,27,5640.0,25.862561328660036,59.39084082192486,1516.3132811609794,23.45380557188307,70.25671629495628,5.0
25.862561328660036,59.39084082192486,1516.3132811609794,23.45380557188307,70.25671629495628,5,0,2,6,20,5700.0,25.871647703468142,59.499499576655175,0.0,23.3719921497193,69.24006673943622,5.0
25.871647703468142,59.499499576655175,0.0,23.3719921497193,69.24006673943622,5,1,3,1,25,5760.0,25.820464165539253,59.59690524828299,1205.3376548752854,23.272541314650905,69.56408059486817,5.0
25.820464165539253,59.59690524828299,1205.3376548752854,23.272541314650905,69.56408059486817,5,1,3,2,24,5820.0,25.763538997343467,59.696577001748835,1320.1380820151248,23.447751759269444,69.06830730196354,5.0
25.763538997343467,59.696577001748835,1320.1380820151248,23.447751759269444,69.06830730196354,5,0,1,6,27,5880.0,25.7726284711022,59.79029430475098,0.0,23.408221417713513,69.26191883592264,5.0
25.7726284711022,59.79029430475098,0.0,23.408221417713513,69.26191883592264,5,1,3,6,18,5940.0,25.68242917741623,59.885010550062695,1985.742935683807,23.178664913298345,69.24270092724927,5.0
25.68242917741623,59.885010550062695,1985.742935683807,23.178664913298345,69.24270092724927,5,0,2,6,24,6000.0,25.69151238527409,59.978587453834564,0.0,23.257772730943152,68.74285569135074,5.0
25.69151238527409,59.978587453834564,0.0,23.257772730943152,68.74285569135074,5,0,2,2,29,6060.0,25.700597927285614,60.066230136209725,0.0,23.197471498635455,68.10784123542102,5.0
25.700597927285614,60.066230136209725,0.0,23.197471498635455,68.10784123542102,5,0,3,4,21,6120.0,25.70968115640466,60.146646247201836,0.0,23.169318710857397,69.10640182542461,5.0
25.70968115640466,60.146646247201836,0.0,23.169318710857397,69.10640182542461,5,0,2,1,30,6180.0,25.71876314432314,60.23624380298406,0.0,23.250532624580163,69.1159560616415,5.0
25.71876314432314,60.23624380298406,0.0,23.250532624580163,69.1159560616415,5,0,1,0,19,6240.0,25.72784753663915,60.32504092557064,0.0,23.183936860453283,69.62045440085417,5.0
25.72784753663915,60.32504092557064,0.0,23.183936860453283,69.62045440085417,5,1,1,0,20,6300.0,25.67260978744168,60.26980317637317,1286.3923768319573,23.38426804849149,69.45679068059346,6.0
25.67260978744168,60.26980317637317,1286.3923768319573,23.38426804849149,69.45679068059346,6,0,2,1,23,6360.0,25.68336684271705,60.36167305141537,0.0,23.374052400861686,69.52551053844992,6.0
25.68336684271705,60.36167305141537,0.0,23.374052400861686,69.52551053844992,6,0,1,4,21,6420.0,25.69412319890232,60.453311426285715,0.0,23.291333781749575,69.14908016788074,6.0
25.69412319890232,60.453311426285715,0.0,23.291333781749575,69.14908016788074,6,1,2,1,26,6480.0,25.75604724879385,60.54026911370167,1279.2702384691536,23.25936961355129,69.28767316657145,6.0
25.75604724879385,60.54026911370167,1279.2702384691536,23.25936961355129,69.28767316657145,6,1,3,2,30,6540.0,25.82546772519726,60.627743154230366,1466.7591414479723,23.224552020774052,69.03169798450496,6.0
25.82546772519726,60.627743154230366,1466.7591414479723,23.224552020774052,69.03169798450496,6,0,2,3,20,6600.0,25.836214361340446,60.711782702533114,0.0,23.26730720088499,69.02526579352163,6.0
25.836214361340446,60.711782702533114,0.0,23.26730720088499,69.02526579352163,6,1,2,6,23,6660.0,25.757900828425868,60.794917533443,1781.2247201845548,23.30976765172959,67.96548987570193,6.0
25.757900828425868,60.794917533443,1781.2247201845548,23.30976765172959,67.96548987570193,6,0,3,5,25,6720.0,25.768652557319978,60.86662325686559,0.0,23.30235145044098,67.59024658818365,6.0
25.768652557319978,60.86662325686559,0.0,23.30235145044098,67.59024658818365,6,0,1,3,27,6780.0,25.779403680616415,60.93385949017877,0.0,23.324765260594884,67.57151164347613,6.0
25.779403680616415,60.93385949017877,0.0,23.324765260594884,67.57151164347613,6,1,3,3,19,6840.0,25.705465328529133,61.00023601171174,1693.7972827989884,23.301415625472206,67.98359330190087,6.0
25.705465328529133,61.00023601171174,1693.7972827989884,23.301415625472206,67.98359330190087,6,0,1,4,22,6900.0,25.716218526872364,61.070069584613634,0.0,23.14329610634421,67.74249656303293,5.0
25.716218526872364,61.070069584613634,0.0,23.14329610634421,67.74249656303293,5,0,2,6,25,6960.0,25.725299429458346,61.13679385439783,0.0,23.19355158064005,67.4785360931218,5.0
25.725299429458346,61.13679385439783,0.0,23.19355158064005,67.4785360931218,5,1,1,6,20,7020.0,25.650774481384314,61.062268906323794,1672.1444629147925,23.19570705585607,67.36912347994802,5.0
25.650774481384314,61.062268906323794,1672.1444629147925,23.19570705585607,67.36912347994802,5,0,2,0,20,7080.0,25.65985931247013,61.12533745206004,0.0,23.187145142763857,67.39520431620431,5.0
25.65985931247013,61.12533745206004,0.0,23.187145142763857,67.39520431620431,5,0,1,1,21,7140.0,25.66894355533114,61.18803612070148,0.0,23.091812797090203,67.23416940377749,5.0
25.66894355533114,61.18803612070148,0.0,23.091812797090203,67.23416940377749,5,1,1,1,20,7200.0,25.610643340806455,61.1297359061768,1347.619536654885,22.964327639988973,67.31007895014936,5.0
25.610643340806455,61.1297359061768,1347.619536654885,22.964327639988973,67.31007895014936,5,1,3,0,23,7260.0,25.557542527762543,61.19153933661652,1243.585383744355,22.93488281174367,67.38115643578084,6.0
25.557542527762543,61.19153933661652,1243.585383744355,22.93488281174367,67.38115643578084,6,0,1,3,21,7320.0,25.56828843910534,61.25343550760817,0.0,23.114036524911505,68.25479809730636,6.0
25.56828843910534,61.25343550760817,0.0,23.114036524911505,68.25479809730636,6,1,3,0,28,7380.0,25.628389729475504,61.32344913350515,1233.7441358492063,23.15795356735474,68.57675460245444,6.0
25.628389729475504,61.32344913350515,1233.7441358492063,23.15795356735474,68.57675460245444,6,0,1,5,30,7440.0,25.63914071493677,61.395982188194644,0.0,23.16592166533928,68.50501973730225,6.0
25.63914071493677,61.395982188194644,0.0,23.16592166533928,68.50501973730225,6,1,2,2,22,7500.0,25.571882443275825,61.46707256368572,1560.1832871858269,23.24320197434911,67.69227989548807,7.0
25.571882443275825,61.46707256368572,1560.1832871858269,23.24320197434911,67.69227989548807,7,1,1,3,24,7560.0,25.52228565856911,61.417475778979004,1240.3832404883601,23.19777899630173,67.73834899058363,7.0
25.52228565856911,61.417475778979004,1240.3832404883601,23.19777899630173,67.73834899058363,7,1,1,5,26,7620.0,25.585902460867278,61.48109258127717,1279.8571463394308,23.229771356301956,68.25392800757653,7.0
25.585902460867278,61.48109258127717,1279.8571463394308,23.229771356301956,68.25392800757653,7,0,3,2,21,7680.0,25.598323923163793,61.548820935540164,0.0,23.17014129163894,69.57715970078095,7.0
25.598323923163793,61.548820935540164,0.0,23.17014129163894,69.57715970078095,7,1,3,5,20,7740.0,25.522748745256866,61.62910432319257,1759.8847697175108,23.086378107452013,69.5569268358177,7.0
25.522748745256866,61.62910432319257,1759.8847697175108,23.086378107452013,69.5569268358177,7,1,3,5,20,7800.0,25.447433084090452,61.70838254831882,1754.6889762364096,23.20030228928834,69.40370093581211,7.0
25.447433084090452,61.70838254831882,1754.6889762364096,23.20030228928834,69.40370093581211,7,1,1,0,23,7860.0,25.4037395970204,61.66468906124877,1122.3716542045227,23.288484117308407,69.41691538891236,7.0
25.4037395970204,61.66468906124877,1122.3716542045227,23.288484117308407,69.41691538891236,7,0,2,2,24,7920.0,25.41616908850441,61.74221132452541,0.0,23.256813324075814,68.58698146378346,7.0
25.41616908850441,61.74221132452541,0.0,23.256813324075814,68.58698146378346,7,0,1,5,20,7980.0,25.42859710997893,61.810659025917985,0.0,23.16846891349963,68.61610364411315,7.0
25.42859710997893,61.810659025917985,0.0,23.16846891349963,68.61610364411315,7,1,1,5,24,8040.0,25.374057406403697,61.756119322342755,1339.2873193736832,23.140726042666724,68.39404764642396,7.0
25.374057406403697,61.756119322342755,1339.2873193736832,23.140726042666724,68.39404764642396,7,0,1,1,20,8100.0,25.386482962024907,61.82249860558357,0.0,23.200766137595835,69.49011550155005,7.0
25.386482962024907,61.82249860558357,0.0,23.200766137595835,69.49011550155005,7,0,3,3,18,8160.0,25.398910104797427,61.89917477454323,0.0,23.385843502197037,68.62036906832427,7.0
25.398910104797427,61.89917477454323,0.0,23.385843502197037,68.62036906832427,7,1,1,2,18,8220.0,25.335995999789148,61.83626066953495,1506.9400557638583,23.389273369614298,68.6133897752711,7.0
25.335995999789148,61.83626066953495,1506.9400557638583,23.389273369614298,68.6133897752711,7,1,2,6,28,8280.0,25.419142801515466,61.90403196059231,1767.7923120164464,23.424548392140185,68.82793397707657,8.0
25.419142801515466,61.90403196059231,1767.7923120164464,23.424548392140185,68.82793397707657,8,1,1,5,19,8340.0,25.350683160447083,61.83557231952393,1651.1964250947167,23.463386609830703,68.80325364372165,8.0
25.350683160447083,61.83557231952393,1651.1964250947167,23.463386609830703,68.80325364372165,8,1,3,2,27,8400.0,25.417178263980446,61.90524913276591,1309.7836687929514,23.378796843150393,68.87323231707396,8.0
25.417178263980446,61.90524913276591,1309.7836687929514,23.378796843150393,68.87323231707396,8,1,2,2,29,8460.0,25.493535633982845,61.97492896460899,1556.4662345772906,23.35668402035898,68.96351278617269,8.0
25.493535633982845,61.97492896460899,1556.4662345772906,23.35668402035898,68.96351278617269,8,1,2,4,24,8520.0,25.430254343980053,62.04481480282463,1547.5345656467648,23.558803380317055,68.85536262194093,8.0
25.430254343980053,62.04481480282463,1547.5345656467648,23.558803380317055,68.85536262194093,8,0,2,2,23,8580.0,25.44435862894793,62.112920281015796,0.0,23.41434903774611,69.66651713838722,8.0
25.44435862894793,62.112920281015796,0.0,23.41434903774611,69.66651713838722,8,1,2,6,23,8640.0,25.370924629975327,62.188456249589514,1750.6599730579387,23.521727885309026,70.06459734970619,8.0
25.370924629975327,62.188456249589514,1750.6599730579387,23.521727885309026,70.06459734970619,8,0,3,2,22,8700.0,25.385029656750504,62.26721766059068,0.0,23.49531458555794,70.13927919778186,7.0
25.385029656750504,62.26721766059068,0.0,23.49531458555794,70.13927919778186,7,1,2,2,22,8760.0,25.320296068380856,62.345938275962595,1543.4119573455332,23.58770084267385,69.47369953853554,7.0
25.320296068380856,62.345938275962595,1543.4119573455332,23.58770084267385,69.47369953853554,7,0,1,6,22,8820.0,25.332738315206665,62.41721588858832,0.0,23.60309094041673,69.86409182411403,8.0
25.332738315206665,62.41721588858832,0.0,23.60309094041673,69.86409182411403,8,1,3,0,21,8880.0,25.27993229659402,62.49168464794358,1338.3006073363665,23.558980251651246,69.78090007327133,8.0
25.27993229659402,62.49168464794358,1338.3006073363665,23.558980251651246,69.78090007327133,8,0,2,6,23,8940.0,25.29404159819252,62.564576802196854,0.0,23.408419960015387,69.8205144582931,8.0
25.29404159819252,62.564576802196854,0.0,23.408419960015387,69.8205144582931,8,0,1,6,19,9000.0,25.30814541080458,62.637136178757814,0.0,23.431341972177908,69.88013236908141,8.0
25.30814541080458,62.637136178757814,0.0,23.431341972177908,69.88013236908141,8,0,3,5,29,9060.0,25.322249517356628,62.70956614066105,0.0,23.422283775164455,68.63124981805356,8.0
25.322249517356628,62.70956614066105,0.0,23.422283775164455,68.63124981805356,8,0,3,5,21,9120.0,25.336352851831887,62.76878297743498,0.0,23.518591260670075,68.58901517867488,8.0
25.336352851831887,62.76878297743498,0.0,23.518591260670075,68.58901517867488,8,1,3,2,27,9180.0,25.40288495254408,62.82698529944738,1310.650652464171,23.44169091869118,68.51019629275216,9.0
25.40288495254408,62.82698529944738,1310.650652464171,23.44169091869118,68.51019629275216,9,0,1,4,24,9240.0,25.418652912742953,62.88381740938043,0.0,23.576521877088183,68.6978291730885,8.0
25.418652912742953,62.88381740938043,0.0,23.576521877088183,68.6978291730885,8,1,3,5,23,9300.0,25.35569405565421,62.94195752701751,1541.282387751078,23.57962210438226,68.73666228455951,8.0
25.35569405565421,62.94195752701751,1541.282387751078,23.57962210438226,68.73666228455951,8,1,1,6,20,9360.0,25.287395514241627,62.87365898560492,1648.1201136175237,23.575097650739153,69.16501644206679,9.0
25.287395514241627,62.87365898560492,1648.1201136175237,23.575097650739153,69.16501644206679,9,0,1,2,30,9420.0,25.30317177097951,62.93657256016954,0.0,23.645670711507545,69.36129173432441,9.0
25.30317177097951,62.93657256016954,0.0,23.645670711507545,69.36129173432441,9,0,1,1,26,9480.0,25.318949854277527,63.00081975191109,0.0,23.525789254016562,68.41572125333661,9.0
25.318949854277527,63.00081975191109,0.0,23.525789254016562,68.41572125333661,9,0,1,2,29,9540.0,25.33472341559085,63.05496876692534,0.0,23.477807492613426,68.49748810638802,9.0
25.33472341559085,63.05496876692534,0.0,23.477807492613426,68.49748810638802,9,1,1,3,29,9600.0,25.404924987870892,63.12517033920538,1360.753403603526,23.43650492304188,68.01898094142103,9.0
25.404924987870892,63.12517033920538,1360.753403603526,23.43650492304188,68.01898094142103,9,0,1,3,27,9660.0,25.420692707202065,63.17410844522754,0.0,23.344783882437213,67.42151548741306,9.0
25.420692707202065,63.17410844522754,0.0,23.344783882437213,67.42151548741306,9,1,3,1,27,9720.0,25.486305043420934,63.21658251564939,1246.2049961590806,23.44477458915372,67.79391014353008,9.0
25.486305043420934,63.21658251564939,1246.2049961590806,23.44477458915372,67.79391014353008,9,0,2,1,18,9780.0,25.502070325739126,63.2623557919282,0.0,23.5575539348721,68.46823896232657,8.0
25.502070325739126,63.2623557919282,0.0,23.5575539348721,68.46823896232657,8,0,3,1,28,9840.0,25.516172175192764,63.31441462363218,0.0,23.511547495925544,68.8357384617098,8.0
25.516172175192764,63.31441462363218,0.0,23.511547495925544,68.8357384617098,8,0,2,6,24,9900.0,25.53027202103679,63.369627862012955,0.0,23.635754181822026,68.66101384514114,8.0
24.030323345425487,40.83855033929016,0.0,28.469997216369382,79.06845475259965,1,0,2,4,29,60.0,24.032971334554517,41.22084938342325,0.0,28.695955579360334,78.84774250516216,1.0
24.032971334554517,41.22084938342325,0.0,28.695955579360334,78.84774250516216,1,1,3,4,19,120.0,23.953017961958647,41.59711831464064,1652.1761080805982,28.817298348591237,77.92440644483341,1.0
23.953017961958647,41.59711831464064,1652.1761080805982,28.817298348591237,77.92440644483341,1,0,3,6,19,180.0,23.9556801046382,41.96039119594256,0.0,28.86167003050764,77.59489109350936,1.0
23.9556801046382,41.96039119594256,0.0,28.86167003050764,77.59489109350936,1,1,1,4,29,240.0,24.018450005384597,42.02316109668896,1502.6591937217079,28.738351899925206,77.57106687735781,1.0
24.018450005384597,42.02316109668896,1502.6591937217079,28.738351899925206,77.57106687735781,1,1,1,1,23,300.0,23.965933904183615,41.97064499548797,1103.4686252826914,28.815265641398916,78.01089591354753,1.0
23.965933904183615,41.97064499548797,1103.4686252826914,28.815265641398916,78.01089591354753,1,1,1,0,28,360.0,24.016663680766488,42.02137477207084,1201.7033047908192,28.667453452359833,77.75528470324493,1.0
24.016663680766488,42.02137477207084,1201.7033047908192,28.667453452359833,77.75528470324493,1,0,3,6,25,420.0,24.019318707092207,42.37871387138259,0.0,28.777940447829703,77.66084463488819,0.0
24.019318707092207,42.37871387138259,0.0,28.777940447829703,77.66084463488819,0,1,3,3,28,480.0,24.08098178482129,42.73153517901764,1516.7780917764178,28.865731427605002,77.04474540173165,0.0
24.08098178482129,42.73153517901764,1516.7780917764178,28.865731427605002,77.04474540173165,0,1,1,3,22,540.0,24.01849178717802,42.66904518137437,1269.6564526272243,28.696872207542263,77.43701352049656,0.0
24.01849178717802,42.66904518137437,1269.6564526272243,28.696872207542263,77.43701352049656,0,0,1,1,22,600.0,24.019481066525366,43.01672486476559,0.0,28.779904673930123,77.07953477137217,0.0
24.019481066525366,43.01672486476559,0.0,28.779904673930123,77.07953477137217,0,0,1,6,19,660.0,24.020473080645612,43.35735296383166,0.0,28.79163339805364,76.29880463276531,0.0
24.020473080645612,43.35735296383166,0.0,28.79163339805364,76.29880463276531,0,1,1,0,19,720.0,23.95891426995458,43.295794153140626,1251.0236540322805,28.727782573565033,76.05108377698834,0.0
27.937807694727624,49.35862435879362,0.0,31.083351359215158,68.37651227596415,4,0,2,0,25,60.0,27.945412546183107,49.54880323796532,0.0,31.23790401344107,68.88409658562992,4.0
27.945412546183107,49.54880323796532,0.0,31.23790401344107,68.88409658562992,4,0,3,3,24,120.0,27.95302229589868,49.74215617144197,0.0,31.293852751990684,69.34954757061115,4.0
27.95302229589868,49.74215617144197,0.0,31.293852751990684,69.34954757061115,4,0,1,3,23,180.0,27.960633656913885,49.93823008543366,0.0,31.213856087315843,68.4107558879622,4.0
27.960633656913885,49.93823008543366,0.0,31.213856087315843,68.4107558879622,4,0,1,4,23,240.0,27.968242097661566,50.12295534345895,0.0,31.17052054319878,68.69437674136564,4.0
27.968242097661566,50.12295534345895,0.0,31.17052054319878,68.69437674136564,4,0,2,6,29,300.0,27.975848840276416,50.308669557438016,0.0,31.03738559906126,68.58450486735474,4.0
27.975848840276416,50.308669557438016,0.0,31.03738559906126,68.58450486735474,4,0,3,6,26,360.0,27.98345089150171,50.49142791053718,0.0,31.106957569145766,68.20046968962255,4.0
27.98345089150171,50.49142791053718,0.0,31.106957569145766,68.20046968962255,4,1,3,4,20,420.0,27.89870962044901,50.668518328328034,1846.9077588391128,30.981252261681423,68.06280842557898,5.0
27.89870962044901,50.668518328328034,1846.9077588391128,30.981252261681423,68.06280842557898,5,1,2,2,24,480.0,27.829113296789572,50.84246122930055,1577.3148349496348,31.13898499138647,67.81008366490123,5.0
27.829113296789572,50.84246122930055,1577.3148349496348,31.13898499138647,67.81008366490123,5,1,3,2,18,540.0,27.748157224789935,51.01213745365656,1804.661354455769,31.2052196233618,68.87431754915202,5.0
27.748157224789935,51.01213745365656,1804.661354455769,31.2052196233618,68.87431754915202,5,1,1,5,19,600.0,27.66760113554242,50.93158136440904,1796.759826549371,31.304258247022933,68.92706792405016,5.0
27.66760113554242,50.93158136440904,1796.759826549371,31.304258247022933,68.92706792405016,5,1,3,4,18,660.0,27.578985940365513,51.111536230005456,1958.0616749457997,31.263963940161982,68.96043115216759,6.0
27.578985940365513,51.111536230005456,1958.0616749457997,31.263963940161982,68.96043115216759,6,0,2,6,19,720.0,27.58994210629884,51.29002517922708,0.0,31.38488149990896,67.92881585118911,6.0
27.58994210629884,51.29002517922708,0.0,31.38488149990896,67.92881585118911,6,0,3,4,25,780.0,27.600901937611958,51.4564130859467,0.0,31.369310483818413,67.49856193610897,6.0
27.600901937611958,51.4564130859467,0.0,31.369310483818413,67.49856193610897,6,1,1,6,18,840.0,27.51565795326626,51.371169101601,1924.058625944777,31.38079885846094,67.44080878068714,6.0
27.51565795326626,51.371169101601,1924.058625944777,31.38079885846094,67.44080878068714,6,0,3,0,20,900.0,27.526620124629765,51.53186549839186,0.0,31.627383976344323,67.70786818665641,6.0
27.526620124629765,51.53186549839186,0.0,31.627383976344323,67.70786818665641,6,0,3,4,20,960.0,27.53759015009149,51.693625525274506,0.0,31.683167926546194,67.16503272079942,6.0
27.53759015009149,51.693625525274506,0.0,31.683167926546194,67.16503272079942,6,0,1,4,26,1020.0,27.548561669350704,51.84833959722975,0.0,31.511723678992368,67.76315693892435,6.0
27.548561669350704,51.84833959722975,0.0,31.511723678992368,67.76315693892435,6,1,1,0,26,1080.0,27.505655703910982,51.80543363179003,1077.428083467535,31.518229248771824,68.68482266792978,6.0
27.505655703910982,51.80543363179003,1077.428083467535,31.518229248771824,68.68482266792978,6,0,3,1,25,1140.0,27.51662278969581,51.97422752215143,0.0,31.56882083436328,68.65869693627013,6.0
27.51662278969581,51.97422752215143,0.0,31.56882083436328,68.65869693627013,6,1,3,5,30,1200.0,27.589420483625634,52.14107221629262,1545.7321832084133,31.48356423248294,68.01252113178657,6.0
27.589420483625634,52.14107221629262,1545.7321832084133,31.48356423248294,68.01252113178657,6,1,1,1,18,1260.0,27.52271139298108,52.07436312564806,1553.4445753903458,31.36117346708891,67.54559180812933,6.0
27.52271139298108,52.07436312564806,1553.4445753903458,31.36117346708891,67.54559180812933,6,1,2,3,19,1320.0,27.435269320744432,52.22907541247287,1968.0670861156946,31.24166028085937,67.2869595429056,6.0
27.435269320744432,52.22907541247287,1968.0670861156946,31.24166028085937,67.2869595429056,6,1,2,4,25,1380.0,27.365462564221755,52.379654253777204,1615.339391093599,31.158539288893024,65.90598720791276,6.0
27.365462564221755,52.379654253777204,1615.339391093599,31.158539288893024,65.90598720791276,6,1,3,0,23,1440.0,27.309417311394302,52.51491758331856,1340.1004410321964,31.179134699077235,66.78747140501432,6.0
27.309417311394302,52.51491758331856,1340.1004410321964,31.179134699077235,66.78747140501432,6,0,1,0,22,1500.0,27.320379635307226,52.657643121535514,0.0,31.185295637714965,66.36445054514961,6.0
27.320379635307226,52.657643121535514,0.0,31.185295637714965,66.36445054514961,6,1,2,3,28,1560.0,27.388417551380524,52.794711195771654,1426.8938051638015,31.280604443214216,65.75554889248832,6.0
27.388417551380524,52.794711195771654,1426.8938051638015,31.280604443214216,65.75554889248832,6,1,2,1,19,1620.0,27.30995710899007,52.924319572738824,1788.4703057369732,31.255426535799955,65.99445481562302,5.0
27.30995710899007,52.924319572738824,1788.4703057369732,31.255426535799955,65.99445481562302,5,0,2,3,20,1680.0,27.319255291304295,53.05502092516767,0.0,31.277630890614564,65.4998837755827,6.0
27.319255291304295,53.05502092516767,0.0,31.277630890614564,65.4998837755827,6,0,3,2,24,1740.0,27.330220570490937,53.179469553671815,0.0,31.273646348336484,65.2037176731557,6.0
27.330220570490937,53.179469553671815,0.0,31.273646348336484,65.2037176731557,6,0,3,0,19,1800.0,27.341185351350198,53.29971203486665,0.0,31.17531773785218,64.58853595285636,6.0
27.341185351350198,53.29971203486665,0.0,31.17531773785218,64.58853595285636,6,1,2,5,24,1860.0,27.264617044028853,53.41260027404655,1750.588901351265,31.28253633894747,64.69951249224079,6.0
27.264617044028853,53.41260027404655,1750.588901351265,31.28253633894747,64.69951249224079,6,0,2,4,22,1920.0,27.27558430800535,53.52546939622849,0.0,31.159583513974578,65.06690069322846,5.0
27.27558430800535,53.52546939622849,0.0,31.159583513974578,65.06690069322846,5,0,1,4,23,1980.0,27.284880441312215,53.64088370919849,0.0,31.376362422607144,64.78776495702587,5.0
27.284880441312215,53.64088370919849,0.0,31.376362422607144,64.78776495702587,5,0,1,2,28,2040.0,27.294183490711593,53.75235252167676,0.0,31.3358449464548,65.10115384486348,5.0
27.294183490711593,53.75235252167676,0.0,31.3358449464548,65.10115384486348,5,0,3,4,25,2100.0,27.303484879426783,53.86584053490863,0.0,31.194420126311783,64.5953237580875,5.0
27.303484879426783,53.86584053490863,0.0,31.194420126311783,64.5953237580875,5,1,3,2,23,2160.0,27.239263202174747,53.973135367140415,1470.3608352053204,31.373621462802166,65.717473903688,5.0
27.239263202174747,53.973135367140415,1470.3608352053204,31.373621462802166,65.717473903688,5,1,2,3,22,2220.0,27.161492222735934,54.09057875250589,1741.5091609500575,31.390141738515734,66.52991444271201,5.0
27.161492222735934,54.09057875250589,1741.5091609500575,31.390141738515734,66.52991444271201,5,0,2,5,21,2280.0,27.17079984438646,54.21497210940795,0.0,31.379343391841207,66.60000445821281,5.0
27.17079984438646,54.21497210940795,0.0,31.379343391841207,66.60000445821281,5,1,2,6,29,2340.0,27.248213900323556,54.338822432896,1702.6776121378562,31.110315828705854,66.46389337232647,6.0
27.248213900323556,54.338822432896,1702.6776121378562,31.110315828705854,66.46389337232647,6,1,1,5,25,2400.0,27.189650301949325,54.280258834521774,1390.5133687702223,31.184379733591705,66.73078644278648,6.0
27.189650301949325,54.280258834521774,1390.5133687702223,31.184379733591705,66.73078644278648,6,1,2,6,23,2460.0,27.10627715675278,54.40476411060442,1886.7927235520472,31.188154559511585,66.44971157823683,6.0
27.10627715675278,54.40476411060442,1886.7927235520472,31.188154559511585,66.44971157823683,6,0,2,5,28,2520.0,27.117246552666202,54.525213585280746,0.0,31.248311430487295,65.74743252583899,6.0
27.117246552666202,54.525213585280746,0.0,31.248311430487295,65.74743252583899,6,1,3,4,27,2580.0,27.06183067453833,54.63743577468633,1327.7382724759693,31.23136683062515,64.6370879766274,6.0
27.06183067453833,54.63743577468633,1327.7382724759693,31.23136683062515,64.6370879766274,6,1,2,4,20,2640.0,26.975380401981862,54.73743229670574,1948.4518085667598,31.267355387281757,64.14448303731702,6.0
26.975380401981862,54.73743229670574,1948.4518085667598,31.267355387281757,64.14448303731702,6,1,3,5,24,2700.0,26.907378931016225,54.83150280411186,1579.557402636253,31.288201108986993,63.026160460706656,6.0
26.907378931016225,54.83150280411186,1579.557402636253,31.288201108986993,63.026160460706656,6,0,2,1,25,2760.0,26.918358291755492,54.913449380677804,0.0,31.362398529270177,62.76553061438176,6.0
26.918358291755492,54.913449380677804,0.0,31.362398529270177,62.76553061438176,6,0,2,2,30,2820.0,26.92933975976341,54.99197019301484,0.0,31.219881623132334,62.70233608757352,6.0
26.92933975976341,54.99197019301484,0.0,31.219881623132334,62.70233608757352,6,0,3,3,23,2880.0,26.940316111158854,55.06907385196043,0.0,31.291560051259772,62.51618067064957,6.0
26.940316111158854,55.06907385196043,0.0,31.291560051259772,62.51618067064957,6,1,1,5,22,2940.0,26.873355998109485,55.00211373891106,1558.7697569474285,31.478355948461772,62.09537679633741,6.0
26.873355998109485,55.00211373891106,1558.7697569474285,31.478355948461772,62.09537679633741,6,0,3,6,30,3000.0,26.884342831441163,55.073046369485326,0.0,31.492950944177487,62.03692197183316,6.0
26.884342831441163,55.073046369485326,0.0,31.492950944177487,62.03692197183316,6,0,1,4,21,3060.0,26.895329785044922,55.142685125508805,0.0,31.50881660531031,61.81435101504389,6.0
26.895329785044922,55.142685125508805,0.0,31.50881660531031,61.81435101504389,6,0,2,3,18,3120.0,26.906316901272262,55.20940178440416,0.0,31.438570752077922,60.66700707422665,6.0
26.906316901272262,55.20940178440416,0.0,31.438570752077922,60.66700707422665,6,0,1,0,19,3180.0,26.917301309733958,55.263977837302384,0.0,31.27815685785716,60.48020475527187,6.0
26.917301309733958,55.263977837302384,0.0,31.27815685785716,60.48020475527187,6,0,3,1,19,3240.0,26.928280004918896,55.31614010648208,0.0,31.105341125896903,60.10834825637857,6.0
26.928280004918896,55.31614010648208,0.0,31.105341125896903,60.10834825637857,6,0,3,6,20,3300.0,26.93925257362293,55.36406218798105,0.0,31.108296811972206,60.47309183433192,6.0
26.93925257362293,55.36406218798105,0.0,31.108296811972206,60.47309183433192,6,0,3,5,27,3360.0,26.950224875097543,55.415152484444555,0.0,30.838495291984998,60.32105658707702,6.0
26.950224875097543,55.415152484444555,0.0,30.838495291984998,60.32105658707702,6,0,2,4,27,3420.0,26.961187817444774,55.46421152547088,0.0,30.91678599147532,60.02186879619174,6.0
26.961187817444774,55.46421152547088,0.0,30.91678599147532,60.02186879619174,6,1,1,5,19,3480.0,26.88477429212106,55.38779800014717,1747.5742385902984,30.953678123214505,59.72375224625225,6.0
26.88477429212106,55.38779800014717,1747.5742385902984,30.953678123214505,59.72375224625225,6,0,2,1,28,3540.0,26.895743255582097,55.43115754260822,0.0,31.132848129180005,59.46830563663341,6.0
26.895743255582097,55.43115754260822,0.0,31.132848129180005,59.46830563663341,6,1,1,0,26,3600.0,26.854478467605595,55.38989275463172,1044.7871627791048,31.033113230389972,59.69495024645409,7.0
26.854478467605595,55.38989275463172,1044.7871627791048,31.033113230389972,59.69495024645409,7,1,1,5,26,3660.0,26.801947510219755,55.337361797245876,1303.4049042253498,31.18079956422634,59.00426185833801,7.0
26.801947510219755,55.337361797245876,1303.4049042253498,31.18079956422634,59.00426185833801,7,1,1,2,21,3720.0,26.743638116301785,55.27905240332791,1419.1071130620865,31.28748683324624,58.93184073549025,7.0
26.743638116301785,55.27905240332791,1419.1071130620865,31.28748683324624,58.93184073549025,7,0,1,1,22,3780.0,26.75628957792568,55.315580286649535,0.0,31.383555456315406,57.937524120699145,7.0
26.75628957792568,55.315580286649535,0.0,31.383555456315406,57.937524120699145,7,1,1,6,18,3840.0,26.67548587899337,55.23477658771722,1869.1588225651694,31.284988434175382,58.15694494614516,7.0
26.67548587899337,55.23477658771722,1869.1588225651694,31.284988434175382,58.15694494614516,7,0,3,4,18,3900.0,26.688139529078544,55.2639982713015,0.0,31.238434212542625,58.516831010469794,7.0
26.688139529078544,55.2639982713015,0.0,31.238434212542625,58.516831010469794,7,1,1,3,26,3960.0,26.641312804421894,55.21717154664485,1189.5680229220163,31.349483940451783,57.88200487741914,7.0
26.641312804421894,55.21717154664485,1189.5680229220163,31.349483940451783,57.88200487741914,7,0,3,3,29,4020.0,26.65396974345976,55.24381987995259,0.0,31.365387566924955,57.46113784292209,7.0
26.65396974345976,55.24381987995259,0.0,31.365387566924955,57.46113784292209,7,0,1,1,22,4080.0,26.666626790720542,55.265993059582286,0.0,31.522695787677062,57.36652132866845,7.0
26.666626790720542,55.265993059582286,0.0,31.522695787677062,57.36652132866845,7,1,3,1,30,4140.0,26.733188751800544,55.28699834227315,1347.5023028358887,31.451564736796577,57.34989895864101,7.0
26.733188751800544,55.28699834227315,1347.5023028358887,31.451564736796577,57.34989895864101,7,1,3,5,21,4200.0,26.657388194665728,55.30762734843683,1769.1567266862874,31.454825435073385,57.300690306786926,6.0
26.657388194665728,55.30762734843683,1769.1567266862874,31.454825435073385,57.300690306786926,6,0,2,0,24,4260.0,26.668381442573743,55.32755797802033,0.0,31.540903418117956,57.312271599606994,5.0
26.668381442573743,55.32755797802033,0.0,31.540903418117956,57.312271599606994,5,1,2,2,25,4320.0,26.6062048678791,55.347405114236196,1430.113175209867,31.666778183860124,57.6077968891866,5.0
26.6062048678791,55.347405114236196,1430.113175209867,31.666778183860124,57.6077968891866,5,0,2,6,25,4380.0,26.615540220322966,55.3700090319857,0.0,31.59744518362875,57.96900147316783,5.0
26.615540220322966,55.3700090319857,0.0,31.59744518362875,57.96900147316783,5,0,2,2,21,4440.0,26.62487295048841,55.39599895639753,0.0,31.57213721154078,57.616268469847306,5.0
26.62487295048841,55.39599895639753,0.0,31.57213721154078,57.616268469847306,5,1,2,3,27,4500.0,26.69043987662043,55.41820165153202,1405.8837664162997,31.633353404180315,58.217867148918494,5.0
26.69043987662043,55.41820165153202,1405.8837664162997,31.633353404180315,58.217867148918494,5,0,3,1,26,4560.0,26.699771307071348,55.446198306505885,0.0,31.6885112908535,58.668155096701135,4.0
26.699771307071348,55.446198306505885,0.0,31.6885112908535,58.668155096701135,4,1,2,1,24,4620.0,26.635933318786865,55.47841787440784,1430.085592345495,31.726465520988718,58.01412661500067,4.0
26.635933318786865,55.47841787440784,1430.085592345495,31.726465520988718,58.01412661500067,4,0,2,5,22,4680.0,26.643603003193604,55.50377496181377,0.0,31.579033732560394,57.864202996251414,4.0
26.643603003193604,55.50377496181377,0.0,31.579033732560394,57.864202996251414,4,0,1,3,19,4740.0,26.65126751755125,55.52737924215815,0.0,31.564664220794175,56.337626313801586,4.0
26.65126751755125,55.52737924215815,0.0,31.564664220794175,56.337626313801586,4,1,2,5,25,4800.0,26.577739044250542,55.535481712874585,1623.8450638163438,31.660778986571458,56.23072126340868,4.0
26.577739044250542,55.535481712874585,1623.8450638163438,31.660778986571458,56.23072126340868,4,0,2,3,30,4860.0,26.585408478915287,55.54243410837993,0.0,31.593117981216118,57.22809631002185,4.0
26.585408478915287,55.54243410837993,0.0,31.593117981216118,57.22809631002185,4,0,2,1,21,4920.0,26.593075402565365,55.55929073039635,0.0,31.581833966508352,56.58555128648225,4.0
26.593075402565365,55.55929073039635,0.0,31.581833966508352,56.58555128648225,4,0,1,4,27,4980.0,26.600741694517495,55.56955333595721,0.0,31.51575835786687,57.12692312299326,4.0
26.600741694517495,55.56955333595721,0.0,31.51575835786687,57.12692312299326,4,1,3,2,18,5040.0,26.52188828478036,55.58512703382757,1730.3448725183084,31.592712810118304,57.34293215171552,4.0
26.52188828478036,55.58512703382757,1730.3448725183084,31.592712810118304,57.34293215171552,4,0,1,6,19,5100.0,26.529557312264537,55.60270508500645,0.0,31.549783122272082,57.977536128576354,4.0
26.529557312264537,55.60270508500645,0.0,31.549783122272082,57.977536128576354,4,1,3,4,26,5160.0,26.469477113994397,55.62645339544215,1354.9507826094593,31.653252956519886,58.427860427333066,4.0
26.469477113994397,55.62645339544215,1354.9507826094593,31.653252956519886,58.427860427333066,4,0,1,4,18,5220.0,26.47714990652248,55.65446746576106,0.0,31.595831094499196,58.231255310941805,4.0
26.47714990652248,55.65446746576106,0.0,31.595831094499196,58.231255310941805,4,0,3,0,22,5280.0,26.484820529228745,55.68023534421287,0.0,31.652475999541632,59.12773083904951,4.0
26.484820529228745,55.68023534421287,0.0,31.652475999541632,59.12773083904951,4,0,2,5,26,5340.0,26.492492784411088,55.71471029916123,0.0,31.608644771897684,60.04865630535716,4.0
26.492492784411088,55.71471029916123,0.0,31.608644771897684,60.04865630535716,4,0,2,5,19,5400.0,26.50016332281067,55.75804975922319,0.0,31.725521418385345,60.97599669363506,4.0
26.50016332281067,55.75804975922319,0.0,31.725521418385345,60.97599669363506,4,0,1,3,19,5460.0,26.507837501413857,55.81022922856731,0.0,31.641029843518584,61.331528479196834,4.0
26.507837501413857,55.81022922856731,0.0,31.641029843518584,61.331528479196834,4,1,3,6,26,5520.0,26.442193088757705,55.86544222107361,1466.3103813510907,31.655120931357278,61.12121880796882,4.0
26.442193088757705,55.86544222107361,1466.3103813510907,31.655120931357278,61.12121880796882,4,0,1,5,21,5580.0,26.449866853019124,55.91799998694256,0.0,31.66978712055914,60.74093052377907,5.0
26.449866853019124,55.91799998694256,0.0,31.66978712055914,60.74093052377907,5,0,3,4,20,5640.0,26.45920751702804,55.96622929231093,0.0,31.721757801664904,60.79627345191604,5.0
26.45920751702804,55.96622929231093,0.0,31.721757801664904,60.79627345191604,5,1,1,2,28,5700.0,26.51593934550007,56.02296112078295,1184.7435865634577,31.729978235296276,59.82526732864968,5.0
26.51593934550007,56.02296112078295,1184.7435865634577,31.729978235296276,59.82526732864968,5,0,2,5,27,5760.0,26.52527981346306,56.06098418286162,0.0,31.63283484250403,60.107524549896716,5.0
26.52527981346306,56.06098418286162,0.0,31.63283484250403,60.107524549896716,5,1,1,4,29,5820.0,26.58855606041172,56.12426042981028,1348.4832111922162,31.609530576201838,60.64052126787956,5.0
26.58855606041172,56.12426042981028,1348.4832111922162,31.609530576201838,60.64052126787956,5,0,3,5,18,5880.0,26.59789009289558,56.16942303819097,0.0,31.76884119835213,60.12146777464905,5.0
26.59789009289558,56.16942303819097,0.0,31.76884119835213,60.12146777464905,5,1,2,1,18,5940.0,26.517145770806472,56.20894348555555,1801.6670758524212,31.675062531718016,59.77565356193739,5.0
26.517145770806472,56.20894348555555,1801.6670758524212,31.675062531718016,59.77565356193739,5,0,1,6,29,6000.0,26.526484368031834,56.24461058631937,0.0,31.664976439410115,59.55579438224858,5.0
26.526484368031834,56.24461058631937,0.0,31.664976439410115,59.55579438224858,5,1,3,3,24,6060.0,26.464582310953645,56.27772242427866,1424.8001362780137,31.741406466306508,59.2419250603792,5.0
26.464582310953645,56.27772242427866,1424.8001362780137,31.741406466306508,59.2419250603792,5,1,1,0,21,6120.0,26.41026341598144,56.22340352930645,1273.2291155476823,31.65440756822087,59.951456316575445,5.0
26.41026341598144,56.22340352930645,1273.2291155476823,31.65440756822087,59.951456316575445,5,0,1,2,27,6180.0,26.419604887453183,56.26068405717914,0.0,31.833840488626706,59.913221005651714,5.0
26.419604887453183,56.26068405717914,0.0,31.833840488626706,59.913221005651714,5,0,3,4,26,6240.0,26.428952028639888,56.29720942666387,0.0,31.722360239951993,60.25309610187317,5.0
26.428952028639888,56.29720942666387,0.0,31.722360239951993,60.25309610187317,5,0,2,4,25,6300.0,26.438295142246933,56.336768293415965,0.0,31.733752314338506,60.63846485074941,5.0
26.438295142246933,56.336768293415965,0.0,31.733752314338506,60.63846485074941,5,1,2,1,28,6360.0,26.501973820394205,56.3797852589893,1358.387406038443,31.778969251994333,60.813243677841506,5.0
26.501973820394205,56.3797852589893,1358.387406038443,31.778969251994333,60.813243677841506,5,0,2,1,29,6420.0,26.511316386908593,56.42411984317782,0.0,31.76550770868801,61.44020957642925,4.0
26.511316386908593,56.42411984317782,0.0,31.76550770868801,61.44020957642925,4,0,2,4,21,6480.0,26.51899152661932,56.47428074051034,0.0,31.846561908582704,62.429876385621185,4.0
26.51899152661932,56.47428074051034,0.0,31.846561908582704,62.429876385621185,4,0,3,2,28,6540.0,26.52666911229872,56.533836696961444,0.0,31.831565706293077,62.76947245658327,4.0
26.52666911229872,56.533836696961444,0.0,31.831565706293077,62.76947245658327,4,0,1,5,20,6600.0,26.534345942185187,56.59619305455766,0.0,31.79033728104637,62.13979319331073,4.0
26.534345942185187,56.59619305455766,0.0,31.79033728104637,62.13979319331073,4,1,3,2,23,6660.0,26.470829745421373,56.65162905594519,1423.827929502204,31.720609088130704,61.933267429180724,4.0
26.470829745421373,56.65162905594519,1423.827929502204,31.720609088130704,61.933267429180724,4,1,2,0,26,6720.0,26.417092248829867,56.70444543967755,1228.2497847252823,31.694048703108752,61.72268664266088,4.0
26.417092248829867,56.70444543967755,1228.2497847252823,31.694048703108752,61.72268664266088,4,0,1,5,21,6780.0,26.424768147378344,56.75462785170738,0.0,31.59213164097856,61.797480785446226,4.0
26.424768147378344,56.75462785170738,0.0,31.59213164097856,61.797480785446226,4,0,1,4,23,6840.0,26.43244039282813,56.80505638104477,0.0,31.604232565298442,61.97931710936572,4.0
26.43244039282813,56.80505638104477,0.0,31.604232565298442,61.97931710936572,4,1,1,0,20,6900.0,26.374031684918474,56.746647673135115,1321.6220196414065,31.731930871204746,61.75647873941501,4.0
26.374031684918474,56.746647673135115,1321.6220196414065,31.731930871204746,61.75647873941501,4,1,2,1,22,6960.0,26.304932081750525,56.79674598379791,1535.563996149864,31.60679316819224,62.28717676104939,4.0
26.304932081750525,56.79674598379791,1535.563996149864,31.60679316819224,62.28717676104939,4,0,3,4,29,7020.0,26.31260881045341,56.85165029157043,0.0,31.480152852375006,62.32412935088944,5.0
26.31260881045341,56.85165029157043,0.0,31.480152852375006,62.32412935088944,5,1,1,6,25,7080.0,26.252681749954167,56.79172323107119,1385.3195726794715,31.508168781185926,61.81697759598019,5.0
26.252681749954167,56.79172323107119,1385.3195726794715,31.508168781185926,61.81697759598019,5,1,3,3,18,7140.0,26.172674493487644,56.841975774720275,1786.982120684601,31.50662983546231,61.727170219274974,5.0
26.172674493487644,56.841975774720275,1786.982120684601,31.50662983546231,61.727170219274974,5,0,1,1,28,7200.0,26.18201895866571,56.89082771916582,0.0,31.424151436458285,61.52838799279675,5.0
26.18201895866571,56.89082771916582,0.0,31.424151436458285,61.52838799279675,5,1,2,6,27,7260.0,26.256312463930602,56.93720332190213,1623.8025212240746,31.441923842253683,61.92820682930213,5.0
26.256312463930602,56.93720332190213,1623.8025212240746,31.441923842253683,61.92820682930213,5,1,3,5,20,7320.0,26.17539591021512,56.98711335697613,1805.1214818952287,31.492716397581663,61.643016505502175,5.0
26.17539591021512,56.98711335697613,1805.1214818952287,31.492716397581663,61.643016505502175,5,0,2,6,20,7380.0,26.18473982089803,57.03367238846139,0.0,31.400977879754176,61.25714753874818,5.0
26.18473982089803,57.03367238846139,0.0,31.400977879754176,61.25714753874818,5,0,2,4,29,7440.0,26.19408036216666,57.07590713996426,0.0,31.332353671434014,61.58018378090421,5.0
26.19408036216666,57.07590713996426,0.0,31.332353671434014,61.58018378090421,5,0,1,4,29,7500.0,26.203418304610302,57.12094990637366,0.0,31.20331683317605,62.182121151801006,5.0
26.203418304610302,57.12094990637366,0.0,31.20331683317605,62.182121151801006,5,1,1,1,29,7560.0,26.260624456121572,57.178156057884934,1196.8205390079593,31.10556929986078,62.35019773685802,4.0
26.260624456121572,57.178156057884934,1196.8205390079593,31.10556929986078,62.35019773685802,4,0,2,3,24,7620.0,26.26828595428303,57.22987647467466,0.0,31.095103693382868,62.00896335234947,3.0
26.26828595428303,57.22987647467466,0.0,31.095103693382868,62.00896335234947,3,1,2,6,19,7680.0,26.167933866319295,57.27766734345141,2126.9263044340764,31.139441397814622,62.360654661651196,3.0
26.167933866319295,57.27766734345141,2126.9263044340764,31.139441397814622,62.360654661651196,3,0,3,5,24,7740.0,26.173932916570344,57.32849721663341,0.0,31.007995031818144,61.515627385612355,3.0
26.173932916570344,57.32849721663341,0.0,31.007995031818144,61.515627385612355,3,1,3,0,27,7800.0,26.225744732891066,57.3703685183232,1145.4336895886313,30.955751386622378,61.63376743258888,3.0
26.225744732891066,57.3703685183232,1145.4336895886313,30.955751386622378,61.63376743258888,3,0,3,0,23,7860.0,26.231735733112856,57.413002507465855,0.0,30.859389420881786,60.319843935454685,3.0
26.231735733112856,57.413002507465855,0.0,30.859389420881786,60.319843935454685,3,1,1,6,20,7920.0,26.1524701804365,57.3337369547895,1705.0628226523356,30.893191970606836,59.72586867116682,3.0
26.1524701804365,57.3337369547895,1705.0628226523356,30.893191970606836,59.72586867116682,3,1,2,5,24,7980.0,26.075389774652866,57.35765827195328,1661.4352635327375,30.875649125755366,59.51668353313197,3.0
26.075389774652866,57.35765827195328,1661.4352635327375,30.875649125755366,59.51668353313197,3,0,3,1,18,8040.0,26.081383116631237,57.379248524565064,0.0,30.881566472311416,60.203828989918655,2.0
26.081383116631237,57.379248524565064,0.0,30.881566472311416,60.203828989918655,2,1,2,5,27,8100.0,26.148465640059865,57.4074943292186,1568.8962662526571,31.009328373634588,60.309992060252604,3.0
26.148465640059865,57.4074943292186,1568.8962662526571,31.009328373634588,60.309992060252604,3,0,3,1,29,8160.0,26.154461002150985,57.43651930652894,0.0,31.11320400259604,60.8444366980247,3.0
26.154461002150985,57.43651930652894,0.0,31.11320400259604,60.8444366980247,3,0,3,3,30,8220.0,26.160459626917667,57.470598480443904,0.0,31.108603119724776,61.150082271643825,4.0
26.160459626917667,57.470598480443904,0.0,31.108603119724776,61.150082271643825,4,0,3,4,19,8280.0,26.168124565034095,57.5073933183559,0.0,31.164530219999524,61.60886217687034,3.0
26.168124565034095,57.5073933183559,0.0,31.164530219999524,61.60886217687034,3,0,1,5,18,8340.0,26.174124445222592,57.548408006941045,0.0,31.03875392414335,62.15701913299567,3.0
26.174124445222592,57.548408006941045,0.0,31.03875392414335,62.15701913299567,3,0,3,4,23,8400.0,26.18011993287189,57.59449411820159,0.0,31.165800543551995,61.64164314924054,3.0
26.18011993287189,57.59449411820159,0.0,31.165800543551995,61.64164314924054,3,1,3,0,20,8460.0,26.114124125743515,57.634965608511976,1439.906596307954,31.250495974385554,61.67626120905497,4.0
26.114124125743515,57.634965608511976,1439.906596307954,31.250495974385554,61.67626120905497,4,1,1,6,30,8520.0,26.183898615411536,57.70474009818,1552.5819318266715,31.1809908960438,61.32263731892333,4.0
26.183898615411536,57.70474009818,1552.5819318266715,31.1809908960438,61.32263731892333,4,1,1,2,18,8580.0,26.11405946396184,57.6349009467303,1550.1144238476345,31.121356961268884,60.94251971052173,4.0
26.11405946396184,57.6349009467303,1550.1144238476345,31.121356961268884,60.94251971052173,4,0,3,0,19,8640.0,26.121726373878417,57.667977134368215,0.0,31.0479386449232,61.19912838430754,4.0
26.121726373878417,57.667977134368215,0.0,31.0479386449232,61.19912838430754,4,1,2,5,26,8700.0,26.053934107052076,57.703288646867605,1509.1294780408812,30.924440928552986,61.9756582693286,4.0
26.053934107052076,57.703288646867605,1509.1294780408812,30.924440928552986,61.9756582693286,4,1,1,6,24,8760.0,25.98992117143154,57.639275711247066,1433.505716958385,31.079161150186124,61.374112554945235,4.0
25.98992117143154,57.639275711247066,1433.505716958385,31.079161150186124,61.374112554945235,4,1,2,5,29,8820.0,26.06662104924987,57.676624079684046,1725.7559121426345,31.11313051915875,61.63280456140057,4.0
26.06662104924987,57.676624079684046,1725.7559121426345,31.11313051915875,61.63280456140057,4,0,1,0,20,8880.0,26.074289266232203,57.716185884501215,0.0,31.075370023852958,62.16338592758749,4.0
26.074289266232203,57.716185884501215,0.0,31.075370023852958,62.16338592758749,4,0,3,1,18,8940.0,26.081955968924124,57.76065788493208,0.0,31.089364762985344,61.99826116642279,4.0
26.081955968924124,57.76065788493208,0.0,31.089364762985344,61.99826116642279,4,1,3,3,18,9000.0,26.00081369679887,57.80303391774699,1776.1837150344509,31.003499800084672,61.703302837252394,4.0
26.00081369679887,57.80303391774699,1776.1837150344509,31.003499800084672,61.703302837252394,4,1,2,3,30,9060.0,26.074718207199147,57.84203660694204,1655.943854920878,31.025074185647725,61.880158359044344,4.0
26.074718207199147,57.84203660694204,1655.943854920878,31.025074185647725,61.880158359044344,4,1,2,5,23,9120.0,25.995853025788097,57.88241782446306,1730.6038655399361,31.133453943272155,61.684872656525314,4.0
25.995853025788097,57.88241782446306,1730.6038655399361,31.133453943272155,61.684872656525314,4,0,2,4,25,9180.0,26.003524279152014,57.92044237278368,0.0,31.226288835623272,61.10402324337761,4.0
26.003524279152014,57.92044237278368,0.0,31.226288835623272,61.10402324337761,4,0,1,6,28,9240.0,26.011198371303898,57.952278181489625,0.0,31.291673351897796,60.693985979379306,4.0
26.011198371303898,57.952278181489625,0.0,31.291673351897796,60.693985979379306,4,0,3,1,18,9300.0,26.018874387136584,57.97969525946852,0.0,31.317556141235,60.364255790117014,4.0
26.018874387136584,57.97969525946852,0.0,31.317556141235,60.364255790117014,4,1,3,2,28,9360.0,26.07974533384485,58.003540864775005,1329.8580995782365,31.226882244904633,60.551597765831595,4.0
26.07974533384485,58.003540864775005,1329.8580995782365,31.226882244904633,60.551597765831595,4,0,2,0,19,9420.0,26.08741690507522,58.02902143378557,0.0,31.291392222524717,61.162762368607794,4.0
26.08741690507522,58.02902143378557,0.0,31.291392222524717,61.162762368607794,4,0,2,0,27,9480.0,26.095090370919134,58.0603588431338,0.0,31.342947022794792,60.79948621092506,4.0
26.095090370919134,58.0603588431338,0.0,31.342947022794792,60.79948621092506,4,0,1,6,25,9540.0,26.102765299474196,58.08775011681171,0.0,31.391404742074215,61.32055036523228,4.0
26.102765299474196,58.08775011681171,0.0,31.391404742074215,61.32055036523228,4,1,1,2,18,9600.0,26.033158982882064,58.018143800219576,1545.652091471081,31.53786117812401,61.28008735939014,4.0
26.033158982882064,58.018143800219576,1545.652091471081,31.53786117812401,61.28008735939014,4,0,3,0,30,9660.0,26.040842472955237,58.05076323581128,0.0,31.6517097927783,62.098502159962194,4.0
26.040842472955237,58.05076323581128,0.0,31.6517097927783,62.098502159962194,4,1,3,6,26,9720.0,25.976883490025084,58.09124062505279,1432.9202368162996,31.585862927584756,62.91682402236589,4.0
25.976883490025084,58.09124062505279,1432.9202368162996,31.585862927584756,62.91682402236589,4,1,1,2,30,9780.0,26.03742131232828,58.15177844735599,1321.2714080486203,31.58272919859204,62.82719275453065,3.0
26.03742131232828,58.15177844735599,1321.2714080486203,31.58272919859204,62.82719275453065,3,0,1,2,24,9840.0,26.04343948925782,58.19853259042773,0.0,31.519338803914653,62.59331663277573,3.0
26.04343948925782,58.19853259042773,0.0,31.519338803914653,62.59331663277573,3,1,3,4,20,9900.0,25.963512002253758,58.24248043085121,1718.8670062910162,31.537500325394095,62.48756562935063,3.0
25.963512002253758,58.24248043085121,1718.8670062910162,31.537500325394095,62.48756562935063,3,1,2,6,23,9960.0,25.879973438389072,58.284931282836205,1791.1539361757932,31.505659967988684,62.851205317319206,2.0
25.879973438389072,58.284931282836205,1791.1539361757932,31.505659967988684,62.851205317319206,2,0,2,0,18,10020.0,25.88432762794006,58.330594023181035,0.0,31.48997787036049,62.30935629380071,2.0
25.88432762794006,58.330594023181035,0.0,31.48997787036049,62.30935629380071,2,0,1,6,18,10080.0,25.888681149614808,58.370381645887235,0.0,31.323930737380152,62.115644993740915,2.0
25.888681149614808,58.370381645887235,0.0,31.323930737380152,62.115644993740915,2,0,1,6,19,10140.0,25.893028991267734,58.40783427936577,0.0,31.38471877069213,61.518849211723904,2.0
25.893028991267734,58.40783427936577,0.0,31.38471877069213,61.518849211723904,2,1,2,5,21,10200.0,25.804029855543128,58.438944428689354,1866.9771743450801,31.34106337088997,61.490053715774486,2.0
25.804029855543128,58.438944428689354,1866.9771743450801,31.34106337088997,61.490053715774486,2,1,3,2,20,10260.0,25.73032389968062,58.46945552156021,1561.1438062603593,31.3588054630471,61.28699371652483,2.0
25.73032389968062,58.46945552156021,1561.1438062603593,31.3588054630471,61.28699371652483,2,1,1,6,28,10320.0,25.79257934026023,58.53171096213981,1447.5289465207597,31.38083516826664,60.550953769770054,2.0
25.79257934026023,58.53171096213981,1447.5289465207597,31.38083516826664,60.550953769770054,2,1,3,5,23,10380.0,25.71858279063902,58.55190339021611,1566.9898296428908,31.482939738945916,61.04471029501229,2.0
25.71858279063902,58.55190339021611,1566.9898296428908,31.482939738945916,61.04471029501229,2,1,1,6,27,10440.0,25.778273287281635,58.61159388685873,1383.2921186084639,31.629767264791646,60.86101865030151,2.0
25.778273287281635,58.61159388685873,1383.2921186084639,31.629767264791646,60.86101865030151,2,0,3,6,24,10500.0,25.78263500374755,58.634088134493155,0.0,31.73557782659125,61.03843872808666,2.0
25.78263500374755,58.634088134493155,0.0,31.73557782659125,61.03843872808666,2,1,1,1,18,10560.0,25.71407068495681,58.56552381570241,1458.5883376967463,31.835555784543,60.93241657190317,2.0
25.71407068495681,58.56552381570241,1458.5883376967463,31.835555784543,60.93241657190317,2,0,2,4,25,10620.0,25.718441401126796,58.58919274326442,0.0,32.05519795448789,60.946868529637676,2.0
25.718441401126796,58.58919274326442,0.0,32.05519795448789,60.946868529637676,2,1,2,5,26,10680.0,25.78366396880853,58.61276950112815,1521.1168949154903,32.035989430903584,61.17280865039512,2.0
25.78366396880853,58.61276950112815,1521.1168949154903,32.035989430903584,61.17280865039512,2,1,2,1,19,10740.0,25.703670504822185,58.638369892620815,1687.3708300349374,31.979168873482767,60.71095752265118,2.0
25.703670504822185,58.638369892620815,1687.3708300349374,31.979168873482767,60.71095752265118,2,1,3,3,26,10800.0,25.759396068390608,58.65909576892112,1283.7428405699968,31.83997960047323,60.47201060564278,1.0
25.759396068390608,58.65909576892112,1283.7428405699968,31.83997960047323,60.47201060564278,1,0,2,5,20,10860.0,25.762098754508344,58.677224917288335,0.0,31.851557025078787,60.03020215180544,1.0
25.762098754508344,58.677224917288335,0.0,31.851557025078787,60.03020215180544,1,1,3,4,27,10920.0,25.820869795738794,58.69075468963351,1401.7014822024494,31.865645141657005,60.12616621104222,1.0
25.820869795738794,58.69075468963351,1401.7014822024494,31.865645141657005,60.12616621104222,1,1,3,4,19,10980.0,25.735062417924386,58.7051088048476,1770.1774065187603,32.086966460175745,60.08065700791533,1.0
25.735062417924386,58.7051088048476,1770.1774065187603,32.086966460175745,60.08065700791533,1,0,1,4,18,11040.0,25.737774148059128,58.71886428687827,0.0,32.25231047105833,59.76205964928555,0.0
25.737774148059128,58.71886428687827,0.0,32.25231047105833,59.76205964928555,0,0,3,5,25,11100.0,25.738824632603226,58.72929624050234,0.0,32.188688931223176,58.827766528271646,0.0
25.738824632603226,58.72929624050234,0.0,32.188688931223176,58.827766528271646,0,0,3,3,19,11160.0,25.73987296141318,58.73028094338004,0.0,32.118927262507654,58.48419829409502,0.0
25.73987296141318,58.73028094338004,0.0,32.118927262507654,58.48419829409502,0,0,1,2,23,11220.0,25.740918929889883,58.72782011688719,0.0,32.12380538633743,59.12088301672785,0.0
25.740918929889883,58.72782011688719,0.0,32.12380538633743,59.12088301672785,0,0,3,2,23,11280.0,25.7419650261051,58.73175074588559,0.0,32.238319265699516,59.119757947520334,1.0
25.7419650261051,58.73175074588559,0.0,32.238319265699516,59.119757947520334,1,0,1,1,21,11340.0,25.744681571246417,58.73563081790194,0.0,32.13152222291967,58.51039173999747,1.0
25.744681571246417,58.73563081790194,0.0,32.13152222291967,58.51039173999747,1,0,1,1,22,11400.0,25.747394465934807,58.7333784271229,0.0,32.11383933317637,58.120518291132434,1.0
25.747394465934807,58.7333784271229,0.0,32.11383933317637,58.120518291132434,1,0,2,0,23,11460.0,25.750106680763714,58.727249825762996,0.0,32.180603320727705,58.237330977959516,0.0
25.750106680763714,58.727249825762996,0.0,32.180603320727705,58.237330977959516,0,1,2,2,24,11520.0,25.679379011938526,58.72235063728496,1435.507040930405,32.04506573229519,58.04814219059589,0.0
25.679379011938526,58.72235063728496,1435.507040930405,32.04506573229519,58.04814219059589,0,1,1,4,26,11580.0,25.729194025200552,58.77216565054699,1219.2372592836884,31.945193139420823,57.63891335393887,0.0
25.729194025200552,58.77216565054699,1219.2372592836884,31.945193139420823,57.63891335393887,0,0,3,4,30,11640.0,25.73023455850436,58.76083312758091,0.0,31.909164588662694,57.6989589380012,0.0
25.73023455850436,58.76083312758091,0.0,31.909164588662694,57.6989589380012,0,0,2,0,19,11700.0,25.73127385617203,58.75021438568511,0.0,31.963027246979017,57.29680280577676,0.0
25.73127385617203,58.75021438568511,0.0,31.963027246979017,57.29680280577676,0,0,3,6,27,11760.0,25.732314914618392,58.735680269886025,0.0,32.02445440273987,57.3040068890678,0.0
25.732314914618392,58.735680269886025,0.0,32.02445440273987,57.3040068890678,0,1,2,5,29,11820.0,25.80316104119081,58.721363536077845,1745.0763814036206,31.92608105041115,57.59719784754708,1.0
25.80316104119081,58.721363536077845,1745.0763814036206,31.92608105041115,57.59719784754708,1,1,2,4,19,11880.0,25.709373758776163,58.710121879192535,1929.8275949657382,31.86368963022666,57.186196587489626,1.0
25.709373758776163,58.710121879192535,1929.8275949657382,31.86368963022666,57.186196587489626,1,0,2,4,30,11940.0,25.712078902638545,58.69488262627551,0.0,31.916109887531377,56.209121467325204,1.0
25.712078902638545,58.69488262627551,0.0,31.916109887531377,56.209121467325204,1,0,2,6,29,12000.0,25.714785703671375,58.670025014686004,0.0,31.920428305153052,56.23447509425704,0.0
25.714785703671375,58.670025014686004,0.0,31.920428305153052,56.23447509425704,0,0,3,1,23,12060.0,25.71582589175809,58.645669515481714,0.0,31.929116819140834,56.79739118376292,0.0
25.71582589175809,58.645669515481714,0.0,31.929116819140834,56.79739118376292,0,1,3,6,26,12120.0,25.774879072738575,58.627186732164525,1450.3184487392964,31.920725729262433,56.782284820370776,0.0
25.774879072738575,58.627186732164525,1450.3184487392964,31.920725729262433,56.782284820370776,0,0,3,0,28,12180.0,25.775917267627126,58.60873771304659,0.0,31.803087543810882,56.455174689706894,0.0
25.775917267627126,58.60873771304659,0.0,31.803087543810882,56.455174689706894,0,1,2,5,24,12240.0,25.69529181688273,58.58720208281319,1633.1937950720346,31.809229370184475,55.36335973861096,0.0
25.69529181688273,58.58720208281319,1633.1937950720346,31.809229370184475,55.36335973861096,0,0,1,0,26,12300.0,25.696328948134507,58.55496365937117,0.0,31.915374236851708,55.49682202376063,0.0
25.696328948134507,58.55496365937117,0.0,31.915374236851708,55.49682202376063,0,1,2,2,20,12360.0,25.61257169744862,58.52438224301506,1695.9577105768776,31.93337716551548,55.87215813897732,0.0
25.61257169744862,58.52438224301506,1695.9577105768776,31.93337716551548,55.87215813897732,0,1,2,3,26,12420.0,25.669885026412597,58.497860001974686,1406.7325528760452,31.928199641238663,55.52149646808655,0.0
25.669885026412597,58.497860001974686,1406.7325528760452,31.928199641238663,55.52149646808655,0,0,3,2,22,12480.0,25.67092697023309,58.468096366635805,0.0,31.96782739522735,56.01177809758232,0.0
25.67092697023309,58.468096366635805,0.0,31.96782739522735,56.01177809758232,0,0,2,6,22,12540.0,25.671970200247255,58.44353318394527,0.0,31.913011107333336,55.67812329484684,0.0
25.671970200247255,58.44353318394527,0.0,31.913011107333336,55.67812329484684,0,0,2,1,18,12600.0,25.67301156827749,58.415879085054286,0.0,32.069235528397165,55.599342317069954,0.0
25.67301156827749,58.415879085054286,0.0,32.069235528397165,55.599342317069954,0,0,3,4,19,12660.0,25.674058109076164,58.387713717374446,0.0,32.04698332037136,55.546242631182864,0.0
25.674058109076164,58.387713717374446,0.0,32.04698332037136,55.546242631182864,0,1,1,6,18,12720.0,25.585163184395377,58.29881879269366,1798.8137770899507,32.06474942001826,55.459941007374454,0.0
25.585163184395377,58.29881879269366,1798.8137770899507,32.06474942001826,55.459941007374454,0,0,2,5,18,12780.0,25.586212503936565,58.270430014840464,0.0,32.04390015691623,55.29452924601235,0.0
25.586212503936565,58.270430014840464,0.0,32.04390015691623,55.29452924601235,0,0,3,5,28,12840.0,25.587261093524997,58.24067100715218,0.0,31.805484463502246,55.365382403327715,0.0
25.587261093524997,58.24067100715218,0.0,31.805484463502246,55.365382403327715,0,1,3,5,26,12900.0,25.64443673296347,58.21191812111393,1403.3757998201563,31.852096625427233,54.97758502208298,0.0
25.64443673296347,58.21191812111393,1403.3757998201563,31.852096625427233,54.97758502208298,0,0,1,0,22,12960.0,25.64547698829322,58.179574790123624,0.0,31.839993248781333,54.60882278155651,0.0
25.64547698829322,58.179574790123624,0.0,31.839993248781333,54.60882278155651,0,1,1,4,28,13020.0,25.70016766073,58.2342654625604,1341.271380702407,31.76447257168551,54.289050302886416,1.0
25.70016766073,58.2342654625604,1341.271380702407,31.76447257168551,54.289050302886416,1,1,2,4,23,13080.0,25.621149200648404,58.19481331096366,1634.4120715725599,31.749862166033925,54.213775497162636,1.0
25.621149200648404,58.19481331096366,1634.4120715725599,31.749862166033925,54.213775497162636,1,1,1,6,24,13140.0,25.553584756178477,58.12724886649373,1405.374698042146,31.733760230808276,53.735047778165665,1.0
25.553584756178477,58.12724886649373,1405.374698042146,31.733760230808276,53.735047778165665,1,0,2,3,22,13200.0,25.556290762027633,58.08332685561045,0.0,31.74694672459135,53.888223012322406,1.0
25.556290762027633,58.08332685561045,0.0,31.74694672459135,53.888223012322406,1,1,2,0,30,13260.0,25.617662019397518,58.041375817177574,1466.622554278342,31.70817909047677,53.24262324573689,1.0
25.617662019397518,58.041375817177574,1466.622554278342,31.70817909047677,53.24262324573689,1,0,2,0,28,13320.0,25.62036503663322,57.99338829146317,0.0,31.581216414280544,52.76299814718625,1.0
25.62036503663322,57.99338829146317,0.0,31.581216414280544,52.76299814718625,1,1,2,3,21,13380.0,25.538123472302757,57.9410843900204,1698.8051875276922,31.56930973589003,53.268316510900966,1.0
25.538123472302757,57.9410843900204,1698.8051875276922,31.56930973589003,53.268316510900966,1,1,2,4,25,13440.0,25.466887267344585,57.89435671122921,1478.7448900057987,31.56527658153025,53.25253901092564,1.0
25.466887267344585,57.89435671122921,1478.7448900057987,31.56527658153025,53.25253901092564,1,0,1,1,25,13500.0,25.469590546988393,57.847938534226174,0.0,31.685612779886068,52.30404535567613,1.0
25.469590546988393,57.847938534226174,0.0,31.685612779886068,52.30404535567613,1,0,2,1,30,13560.0,25.47229774772949,57.79249960244067,0.0,31.62709419462614,52.5001816190014,1.0
25.47229774772949,57.79249960244067,0.0,31.62709419462614,52.5001816190014,1,1,2,1,24,13620.0,25.407365169705702,57.73957642260628,1352.7547581069578,31.44474492112118,51.87496734648111,2.0
25.407365169705702,57.73957642260628,1352.7547581069578,31.44474492112118,51.87496734648111,2,1,3,1,24,13680.0,25.34991931543656,57.680930331845026,1236.2753385505043,31.560121775030037,51.90929307501825,2.0
25.34991931543656,57.680930331845026,1236.2753385505043,31.560121775030037,51.90929307501825,2,1,1,4,23,13740.0,25.28724323090557,57.61825424731404,1340.9951589261937,31.47913008935112,52.33372999016077,2.0
25.28724323090557,57.61825424731404,1340.9951589261937,31.47913008935112,52.33372999016077,2,1,2,5,22,13800.0,25.204289131684956,57.565409004742506,1746.543242317918,31.38667456740419,52.80089436352377,2.0
25.204289131684956,57.565409004742506,1746.543242317918,31.38667456740419,52.80089436352377,2,0,2,1,19,13860.0,25.208661877866145,57.51776385833032,0.0,31.17944763386439,52.732827861409554,2.0
25.208661877866145,57.51776385833032,0.0,31.17944763386439,52.732827861409554,2,0,3,5,25,13920.0,25.21302757072468,57.46991449836111,0.0,31.35838121672772,52.846142571595756,2.0
25.21302757072468,57.46991449836111,0.0,31.35838121672772,52.846142571595756,2,0,2,2,18,13980.0,25.21739908251288,57.42367677909346,0.0,31.302338534506067,54.22935339135353,2.0
25.21739908251288,57.42367677909346,0.0,31.302338534506067,54.22935339135353,2,1,2,1,28,14040.0,25.27918073480668,57.39173354521606,1435.3038578016885,31.143061885108317,53.77065739872189,3.0
25.27918073480668,57.39173354521606,1435.3038578016885,31.143061885108317,53.77065739872189,3,1,2,1,18,14100.0,25.19928011153038,57.35552278375112,1718.5883862928208,31.052562485758905,53.49724254566646,3.0
25.19928011153038,57.35552278375112,1718.5883862928208,31.052562485758905,53.49724254566646,3,0,3,6,19,14160.0,25.20530855427619,57.316939981370275,0.0,30.99531400510439,53.97450185162969,3.0
25.20530855427619,57.316939981370275,0.0,30.99531400510439,53.97450185162969,3,1,2,3,22,14220.0,25.131276573278964,57.28351560007287,1601.1662902450573,31.056655575329227,53.69372309424285,3.0
25.131276573278964,57.28351560007287,1601.1662902450573,31.056655575329227,53.69372309424285,3,1,3,5,20,14280.0,25.05091865602505,57.24761767501457,1727.775264412929,31.13856935673623,53.061539266165305,3.0
25.05091865602505,57.24761767501457,1727.775264412929,31.13856935673623,53.061539266165305,3,0,1,3,27,14340.0,25.056954911048408,57.205756890926075,0.0,31.12436133150732,53.238043172481774,3.0
25.056954911048408,57.205756890926075,0.0,31.12436133150732,53.238043172481774,3,0,3,5,23,14400.0,25.062990491262422,57.166079753741634,0.0,31.086432350148705,52.34270766642651,3.0
25.062990491262422,57.166079753741634,0.0,31.086432350148705,52.34270766642651,3,1,3,0,27,14460.0,25.117286026910275,57.117846032868485,1206.5355229805668,31.05589497653934,51.233884406066636,4.0
25.117286026910275,57.117846032868485,1206.5355229805668,31.05589497653934,51.233884406066636,4,1,1,6,29,14520.0,25.187079036871964,57.18763904283017,1552.3764082508321,31.124357476170527,51.11193293176621,5.0
25.187079036871964,57.18763904283017,1552.3764082508321,31.124357476170527,51.11193293176621,5,1,2,0,23,14580.0,25.129882375709325,57.12688198171953,1331.2247422123178,31.037339829157986,51.88855652511059,5.0
25.129882375709325,57.12688198171953,1331.2247422123178,31.037339829157986,51.88855652511059,5,1,1,1,24,14640.0,25.083780016388204,57.08077962239841,1109.3188247247394,31.198812759458676,51.548073107154096,5.0
25.083780016388204,57.08077962239841,1109.3188247247394,31.198812759458676,51.548073107154096,5,0,2,4,24,14700.0,25.09315051747964,57.02545255724597,0.0,31.10775113968822,51.947488824290836,5.0
25.09315051747964,57.02545255724597,0.0,31.10775113968822,51.947488824290836,5,0,2,6,18,14760.0,25.102517670833713,56.974672919916415,0.0,31.20801499291784,51.125466006213415,5.0
25.102517670833713,56.974672919916415,0.0,31.20801499291784,51.125466006213415,5,1,2,3,20,14820.0,25.025284168113405,56.916180850779384,1732.0737192875263,31.168000182278746,51.12716402415965,5.0
25.025284168113405,56.916180850779384,1732.0737192875263,31.168000182278746,51.12716402415965,5,0,2,3,18,14880.0,25.034655591980545,56.858290682513186,0.0,31.324868374162882,51.43062087930317,5.0
25.034655591980545,56.858290682513186,0.0,31.324868374162882,51.43062087930317,5,1,1,2,22,14940.0,24.980686629528673,56.80432172006131,1266.9060575589301,31.361327349012946,51.79156563779589,5.0
24.980686629528673,56.80432172006131,1266.9060575589301,31.361327349012946,51.79156563779589,5,1,2,1,21,15000.0,24.914526821336306,56.75419415923866,1510.7832576603064,31.46163748572833,53.064177021454505,5.0
24.914526821336306,56.75419415923866,1510.7832576603064,31.46163748572833,53.064177021454505,5,1,1,4,29,15060.0,24.98171686065391,56.82138419855626,1445.1283907198215,31.509295900426668,53.517848494485015,4.0
24.98171686065391,56.82138419855626,1445.1283907198215,31.509295900426668,53.517848494485015,4,1,1,2,18,15120.0,24.915234725255104,56.75490206315745,1483.9944273359652,31.52463801997706,52.918038018664674,4.0
24.915234725255104,56.75490206315745,1483.9944273359652,31.52463801997706,52.918038018664674,4,0,3,6,27,15180.0,24.922955038698262,56.71653342271252,0.0,31.535648778552694,52.35027899607018,4.0
24.922955038698262,56.71653342271252,0.0,31.535648778552694,52.35027899607018,4,0,1,2,28,15240.0,24.930675461822926,56.6728708784461,0.0,31.39151612462439,52.80985020223895,4.0
24.930675461822926,56.6728708784461,0.0,31.39151612462439,52.80985020223895,4,0,2,4,20,15300.0,24.938390823178352,56.634240671684026,0.0,31.570705002786205,53.06657221491463,4.0
24.938390823178352,56.634240671684026,0.0,31.570705002786205,53.06657221491463,4,1,2,5,19,15360.0,24.848842934730754,56.59856398711633,1945.3793117383764,31.578940283293118,51.98232436708426,4.0
24.848842934730754,56.59856398711633,1945.3793117383764,31.578940283293118,51.98232436708426,4,0,3,4,20,15420.0,24.85656727130904,56.552401590916006,0.0,31.455753427877458,51.34352195505623,4.0
24.85656727130904,56.552401590916006,0.0,31.455753427877458,51.34352195505623,4,0,1,3,18,15480.0,24.864287244180925,56.50031279455741,0.0,31.277013806128995,51.7545532831247,4.0
24.864287244180925,56.50031279455741,0.0,31.277013806128995,51.7545532831247,4,0,1,5,24,15540.0,24.87200100173299,56.452855199443086,0.0,31.331551364806863,51.452644204014305,4.0
24.87200100173299,56.452855199443086,0.0,31.331551364806863,51.452644204014305,4,1,2,2,30,15600.0,24.94605423743385,56.4028530894888,1658.4479338856227,31.27532802629973,51.621742614420846,4.0
24.94605423743385,56.4028530894888,1658.4479338856227,31.27532802629973,51.621742614420846,4,0,3,6,29,15660.0,24.95376521322681,56.35504198473812,0.0,31.221458758152917,51.42622945553807,4.0
24.95376521322681,56.35504198473812,0.0,31.221458758152917,51.42622945553807,4,0,3,1,21,15720.0,24.961474136344975,56.30575385944612,0.0,31.19637034019468,51.54515842255208,4.0
24.961474136344975,56.30575385944612,0.0,31.19637034019468,51.54515842255208,4,0,1,2,27,15780.0,24.969181966218436,56.25814790507718,0.0,31.11218300510297,51.33318777277169,5.0
24.969181966218436,56.25814790507718,0.0,31.11218300510297,51.33318777277169,5,0,3,1,26,15840.0,24.9785533995864,56.208898303754125,0.0,31.065607665795223,51.631919201712364,5.0
24.9785533995864,56.208898303754125,0.0,31.065607665795223,51.631919201712364,5,0,3,6,20,15900.0,24.98792296806194,56.16312851273371,0.0,31.024486984738143,50.970860230990496,5.0
24.98792296806194,56.16312851273371,0.0,31.024486984738143,50.970860230990496,5,0,2,0,26,15960.0,24.997290853529165,56.11120582991627,0.0,31.048933459073268,50.965311704937406,4.0
24.997290853529165,56.11120582991627,0.0,31.048933459073268,50.965311704937406,4,1,1,2,27,16020.0,25.053398535071587,56.167313511458694,1210.149003055896,30.975839522866238,50.29260275271381,5.0
25.053398535071587,56.167313511458694,1210.149003055896,30.975839522866238,50.29260275271381,5,1,3,3,20,16080.0,24.98353124357068,56.108566403871244,1584.6274573432777,30.983192894971133,50.79976298573583,5.0
24.98353124357068,56.108566403871244,1584.6274573432777,30.983192894971133,50.79976298573583,5,0,1,0,30,16140.0,24.99289789895906,56.05547836968989,0.0,30.913020160311543,50.638134509211525,5.0
24.99289789895906,56.05547836968989,0.0,30.913020160311543,50.638134509211525,5,0,1,0,27,16200.0,25.00226190303444,56.0013049310851,0.0,30.92305245588716,49.89454560193651,5.0
25.00226190303444,56.0013049310851,0.0,30.92305245588716,49.89454560193651,5,0,2,0,27,16260.0,25.011625929386202,55.94023733779362,0.0,30.762652694411663,49.483341913300436,5.0
25.011625929386202,55.94023733779362,0.0,30.762652694411663,49.483341913300436,5,1,2,5,27,16320.0,25.086949419156877,55.875668383548685,1649.128055296035,30.67075336305604,49.14418005360507,5.0
25.086949419156877,55.875668383548685,1649.128055296035,30.67075336305604,49.14418005360507,5,0,2,3,23,16380.0,25.096302212621673,55.80835350024925,0.0,30.907213011736587,48.74193369058305,5.0
25.096302212621673,55.80835350024925,0.0,30.907213011736587,48.74193369058305,5,0,3,3,20,16440.0,25.105662576314977,55.73768930215258,0.0,30.91053692357871,48.632692206024345,5.0
25.105662576314977,55.73768930215258,0.0,30.91053692357871,48.632692206024345,5,1,2,0,23,16500.0,25.048705751064276,55.6666393311913,1326.3397545788985,30.79050487835898,48.69436960212793,5.0
25.048705751064276,55.6666393311913,1326.3397545788985,30.79050487835898,48.69436960212793,5,0,2,2,29,16560.0,25.058063811035186,55.59691663390066,0.0,30.798757292491892,47.81883530934679,5.0
25.058063811035186,55.59691663390066,0.0,30.798757292491892,47.81883530934679,5,0,3,4,22,16620.0,25.067421834151236,55.51913582065512,0.0,30.78176633414876,46.826419196106876,6.0
25.067421834151236,55.51913582065512,0.0,30.78176633414876,46.826419196106876,6,1,1,0,30,16680.0,25.12831080196627,55.580024788470155,1246.6289082924382,30.91785024419677,47.027306672991756,6.0
25.12831080196627,55.580024788470155,1246.6289082924382,30.91785024419677,47.027306672991756,6,1,2,4,19,16740.0,25.045275201060598,55.494497607315374,1881.2383777415714,31.028665668127314,46.38284839203009,6.0
25.045275201060598,55.494497607315374,1881.2383777415714,31.028665668127314,46.38284839203009,6,0,2,0,24,16800.0,25.056307980742833,55.403381115162524,0.0,31.024727031635198,47.014344061061436,6.0
25.056307980742833,55.403381115162524,0.0,31.024727031635198,47.014344061061436,6,1,2,2,22,16860.0,24.991254445041413,55.31949074462151,1521.716326729027,30.97149146460858,47.49865595391435,6.0
24.991254445041413,55.31949074462151,1521.716326729027,30.97149146460858,47.49865595391435,6,1,1,1,29,16920.0,25.052705485274146,55.380941784854244,1260.4591416353258,30.891665243784665,47.07881733082626,6.0
25.052705485274146,55.380941784854244,1260.4591416353258,30.891665243784665,47.07881733082626,6,1,1,0,25,16980.0,25.013601686886243,55.341837986466345,1002.6352742637073,30.84228990459851,47.56668680321398,6.0
25.013601686886243,55.341837986466345,1002.6352742637073,30.84228990459851,47.56668680321398,6,1,3,4,28,17040.0,25.085313401373455,55.26408647463382,1517.102288665508,31.000466274894656,48.41719300848234,6.0
25.085313401373455,55.26408647463382,1517.102288665508,31.000466274894656,48.41719300848234,6,1,2,6,30,17100.0,25.174077728656954,55.195617539972304,1943.3455546928706,31.061098428231286,47.7011831928719,6.0
25.174077728656954,55.195617539972304,1943.3455546928706,31.061098428231286,47.7011831928719,6,0,2,2,22,17160.0,25.185107296013605,55.1206731965013,0.0,31.120310541786957,48.767003288675255,6.0
25.185107296013605,55.1206731965013,0.0,31.120310541786957,48.767003288675255,6,1,1,2,18,17220.0,25.121379424391094,55.05694532487879,1495.1809012807482,31.227202066723287,49.54578443253205,6.0
25.121379424391094,55.05694532487879,1495.1809012807482,31.227202066723287,49.54578443253205,6,1,1,1,19,17280.0,25.06384766415681,54.999413564644506,1371.3724197805325,31.290650322318278,49.91188560163475,6.0
25.06384766415681,54.999413564644506,1371.3724197805325,31.290650322318278,49.91188560163475,6,1,2,0,20,17340.0,24.99969701458628,54.94853828501441,1503.8308598494086,31.282774367834378,49.590740091896656,6.0
24.99969701458628,54.94853828501441,1503.8308598494086,31.282774367834378,49.590740091896656,6,1,3,4,22,17400.0,24.934840783683253,54.89496030308323,1517.9800029626945,31.364625105002826,48.81998629443832,6.0
24.934840783683253,54.89496030308323,1517.9800029626945,31.364625105002826,48.81998629443832,6,1,3,3,28,17460.0,25.00424329597791,54.83421056299678,1458.8713204320343,31.29122444466602,49.206636755798996,7.0
25.00424329597791,54.83421056299678,1458.8713204320343,31.29122444466602,49.206636755798996,7,1,3,6,21,17520.0,24.93113769223308,54.777934824924806,1716.3033956624206,31.430405961036794,49.41894879089177,7.0
24.93113769223308,54.777934824924806,1716.3033956624206,31.430405961036794,49.41894879089177,7,1,1,3,28,17580.0,24.99691271781657,54.8437098505083,1326.4595826965979,31.303420449918157,49.40210430191884,7.0
24.99691271781657,54.8437098505083,1326.4595826965979,31.303420449918157,49.40210430191884,7,0,2,2,20,17640.0,25.009622934740975,54.7892937950224,0.0,31.31565136901695,49.75727084525658,8.0
25.009622934740975,54.7892937950224,0.0,31.31565136901695,49.75727084525658,8,0,3,3,20,17700.0,25.02399980235545,54.738973565524745,0.0,31.326760010786646,49.9920002596891,8.0
25.02399980235545,54.738973565524745,0.0,31.326760010786646,49.9920002596891,8,1,2,3,22,17760.0,24.95894376171094,54.69150383246639,1588.6559863625262,31.2528329237243,49.59711553308144,7.0
24.95894376171094,54.69150383246639,1588.6559863625262,31.2528329237243,49.59711553308144,7,1,2,3,20,17820.0,24.88554520203844,54.64055994947254,1722.167119558055,31.26430103964995,49.174353837288756,8.0
24.88554520203844,54.64055994947254,1722.167119558055,31.26430103964995,49.174353837288756,8,1,3,1,27,17880.0,24.951008884482984,54.5858978883507,1277.1097645822801,31.088779042209854,49.444659439269735,8.0
24.951008884482984,54.5858978883507,1277.1097645822801,31.088779042209854,49.444659439269735,8,1,2,1,26,17940.0,25.018423601099347,54.53448550385989,1326.0864402775721,31.112375916262724,49.37001746945962,8.0
25.018423601099347,54.53448550385989,1326.0864402775721,31.112375916262724,49.37001746945962,8,1,2,1,18,18000.0,24.94768536516639,54.482840823515886,1702.160686869259,31.079075619064092,48.508740055519475,8.0
24.94768536516639,54.482840823515886,1702.160686869259,31.079075619064092,48.508740055519475,8,0,2,1,21,18060.0,24.962056411508186,54.42309981583592,0.0,31.03357474449198,49.052149070553924,8.0
24.962056411508186,54.42309981583592,0.0,31.03357474449198,49.052149070553924,8,0,3,6,26,18120.0,24.976425462119284,54.369390308383096,0.0,30.864798874605754,49.013828041135795,8.0
24.976425462119284,54.369390308383096,0.0,30.864798874605754,49.013828041135795,8,0,2,2,27,18180.0,24.9907884078997,54.31583468571062,0.0,30.910993616667493,49.39983241128054,8.0
24.9907884078997,54.31583468571062,0.0,30.910993616667493,49.39983241128054,8,0,3,0,24,18240.0,25.005152414739992,54.26667466296632,0.0,30.807602261936083,49.79173246212767,9.0
25.005152414739992,54.26667466296632,0.0,30.807602261936083,49.79173246212767,9,1,1,5,27,18300.0,25.076166282031384,54.33768853025771,1374.6779740787504,30.731115288437113,50.504179300447085,9.0
25.076166282031384,54.33768853025771,1374.6779740787504,30.731115288437113,50.504179300447085,9,0,1,1,20,18360.0,25.092188113664932,54.2993534379596,0.0,30.739704883002062,50.31477706340506,9.0
25.092188113664932,54.2993534379596,0.0,30.739704883002062,50.31477706340506,9,1,2,1,25,18420.0,25.044919304999198,54.259507674214056,1265.8078511608908,30.452558284154332,50.108337764007,8.0
25.044919304999198,54.259507674214056,1265.8078511608908,30.452558284154332,50.108337764007,8,1,3,3,29,18480.0,25.119872580456853,54.21799597511198,1515.1588539588008,30.492644877694158,49.93665212197099,8.0
25.119872580456853,54.21799597511198,1515.1588539588008,30.492644877694158,49.93665212197099,8,1,2,4,30,18540.0,25.205873106501713,54.17518253658057,1791.3691742071067,30.42518282525849,50.0219399127095,7.0
25.205873106501713,54.17518253658057,1791.3691742071067,30.42518282525849,50.0219399127095,7,1,1,6,21,18600.0,25.139877995896207,54.109187425975065,1573.3817519226113,30.38756261780666,49.610319893580396,7.0
25.139877995896207,54.109187425975065,1573.3817519226113,30.38756261780666,49.610319893580396,7,0,1,5,27,18660.0,25.152552918716935,54.064198750651116,0.0,30.481977836948968,48.98032575147891,7.0
25.152552918716935,54.064198750651116,0.0,30.481977836948968,48.98032575147891,7,1,1,5,21,18720.0,25.08975383834322,54.0013996702774,1509.5345574198086,30.457616109554277,49.70358580919024,7.0
25.08975383834322,54.0013996702774,1509.5345574198086,30.457616109554277,49.70358580919024,7,0,3,1,21,18780.0,25.102432767085595,53.95842153166653,0.0,30.350385738991097,49.56151896726815,7.0
25.102432767085595,53.95842153166653,0.0,30.350385738991097,49.56151896726815,7,1,2,2,24,18840.0,25.045469670719942,53.91445250602255,1392.7605626276495,30.399223720127136,48.75617986116177,7.0
25.045469670719942,53.91445250602255,1392.7605626276495,30.399223720127136,48.75617986116177,7,0,3,5,25,18900.0,25.058148129188258,53.86286977957394,0.0,30.2121789628295,48.750533749778775,7.0
25.058148129188258,53.86286977957394,0.0,30.2121789628295,48.750533749778775,7,1,2,0,18,18960.0,24.98964548582848,53.81174641927599,1623.4888877512954,30.183509118176904,48.64065790684997,7.0
24.98964548582848,53.81174641927599,1623.4888877512954,30.183509118176904,48.64065790684997,7,1,1,4,21,19020.0,24.930349678158738,53.75245061160625,1439.3787291497088,30.298363419679223,48.25234032687897,7.0
24.930349678158738,53.75245061160625,1439.3787291497088,30.298363419679223,48.25234032687897,7,0,3,5,29,19080.0,24.943028611950123,53.69744950875898,0.0,30.285598979386894,47.96858861534637,6.0
24.943028611950123,53.69744950875898,0.0,30.285598979386894,47.96858861534637,6,1,3,5,24,19140.0,24.88204837010879,53.64016089982485,1439.8332170715707,30.208808699078244,48.84047245346718,5.0
24.88204837010879,53.64016089982485,1439.8332170715707,30.208808699078244,48.84047245346718,5,0,1,5,26,19200.0,24.89139259545309,53.59216401536127,0.0,30.22895793139157,49.483871879830126,5.0
24.89139259545309,53.59216401536127,0.0,30.22895793139157,49.483871879830126,5,1,2,4,19,19260.0,24.807528167620656,53.55108109400596,1864.1802668726225,30.221265355813653,50.950674732915765,5.0
24.807528167620656,53.55108109400596,1864.1802668726225,30.221265355813653,50.950674732915765,5,1,1,1,28,19320.0,24.865579483041593,53.60913240942689,1217.6047711999156,30.28388072719597,51.97373183174998,6.0
24.865579483041593,53.60913240942689,1217.6047711999156,30.28388072719597,51.97373183174998,6,0,3,2,25,19380.0,24.8765934264164,53.59277840365012,0.0,30.429347156334476,51.620420953771834,6.0
24.8765934264164,53.59277840365012,0.0,30.429347156334476,51.620420953771834,6,0,3,6,20,19440.0,24.88761185154073,53.57305482915134,0.0,30.470295702122836,52.20832806547965,6.0
24.88761185154073,53.57305482915134,0.0,30.470295702122836,52.20832806547965,6,0,2,6,30,19500.0,24.89863127433575,53.559407561514625,0.0,30.500195855744472,52.84340227646287,6.0
24.89863127433575,53.559407561514625,0.0,30.500195855744472,52.84340227646287,6,1,3,1,23,19560.0,24.84641902868382,53.55224750866411,1264.6459560928895,30.55016848304294,53.26227538924044,6.0
24.84641902868382,53.55224750866411,1264.6459560928895,30.55016848304294,53.26227538924044,6,0,3,3,28,19620.0,24.857442486998963,53.54934778746987,0.0,30.572471508801453,53.02635307866269,6.0
24.857442486998963,53.54934778746987,0.0,30.572471508801453,53.02635307866269,6,0,2,2,21,19680.0,24.86846632129969,53.5441178403818,0.0,30.569232281601888,53.01478139020483,6.0
24.86846632129969,53.5441178403818,0.0,30.569232281601888,53.01478139020483,6,1,3,6,30,19740.0,24.951365866486114,53.538824475880034,1796.9046580270724,30.573761326331375,52.767735057066815,6.0
24.951365866486114,53.538824475880034,1796.9046580270724,30.573761326331375,52.767735057066815,6,1,3,3,23,19800.0,24.89296541844868,53.531113581691905,1388.4238910552465,30.60808249678813,52.48269633444091,6.0
24.89296541844868,53.531113581691905,1388.4238910552465,30.60808249678813,52.48269633444091,6,0,3,1,28,19860.0,24.903989255684625,53.520629409219396,0.0,30.602678315060107,52.74700644555013,6.0
24.903989255684625,53.520629409219396,0.0,30.602678315060107,52.74700644555013,6,0,1,1,18,19920.0,24.915012545319936,53.512893179582704,0.0,30.731965625253206,53.37953773688199,6.0
24.915012545319936,53.512893179582704,0.0,30.731965625253206,53.37953773688199,6,1,2,4,18,19980.0,24.829145731926115,53.5115596251557,1937.8809032630352,30.868705306634194,53.02486311396857,6.0
24.829145731926115,53.5115596251557,1937.8809032630352,30.868705306634194,53.02486311396857,6,0,3,4,21,20040.0,24.84018038391194,53.506692660043825,0.0,30.884814043526912,52.647823056601965,6.0
24.84018038391194,53.506692660043825,0.0,30.884814043526912,52.647823056601965,6,1,2,6,23,20100.0,24.76603850153667,53.49810396400941,1703.5340699451313,30.94374238682267,52.394348711472155,6.0
24.76603850153667,53.49810396400941,1703.5340699451313,30.94374238682267,52.394348711472155,6,0,3,6,24,20160.0,24.777077758332847,53.48706641148404,0.0,30.981320600191147,52.61437404181894,6.0
24.777077758332847,53.48706641148404,0.0,30.981320600191147,52.61437404181894,6,0,2,0,18,20220.0,24.78811789976091,53.47833948778739,0.0,31.0663696453803,53.259180348988835,5.0
24.78811789976091,53.47833948778739,0.0,31.0663696453803,53.259180348988835,5,1,3,4,19,20280.0,24.71239305241655,53.476147896399404,1702.01578138422,31.435116325530128,53.35026082621115,4.0
24.71239305241655,53.476147896399404,1702.01578138422,31.435116325530128,53.35026082621115,4,1,2,3,19,20340.0,24.631409387161487,53.47488902569752,1774.1551206167421,31.615909609425376,52.817752051603826,4.0
24.631409387161487,53.47488902569752,1774.1551206167421,31.615909609425376,52.817752051603826,4,1,2,6,26,20400.0,24.70581220654762,53.46831765595658,1666.750067801404,31.584608159885807,51.68319025049992,4.0
24.70581220654762,53.46831765595658,1666.750067801404,31.584608159885807,51.68319025049992,4,0,2,5,25,20460.0,24.713541499746064,53.45046638190202,0.0,31.478035486355026,51.58303559757096,4.0
24.713541499746064,53.45046638190202,0.0,31.478035486355026,51.58303559757096,4,1,2,6,28,20520.0,24.793920733399744,53.431792074058706,1816.3437630198068,31.531127462459324,52.51090033791563,5.0
24.793920733399744,53.431792074058706,1816.3437630198068,31.531127462459324,52.51090033791563,5,1,3,6,30,20580.0,24.875401360326524,53.42258315669727,1802.2346675619183,31.705249043179137,52.35552336385614,6.0
24.875401360326524,53.42258315669727,1802.2346675619183,31.705249043179137,52.35552336385614,6,0,1,6,28,20640.0,24.886462355249286,53.41191255876886,0.0,31.716176826700295,51.95809531990911,6.0
24.886462355249286,53.41191255876886,0.0,31.716176826700295,51.95809531990911,6,0,1,4,19,20700.0,24.897523345731667,53.397374386380264,0.0,31.721450782530443,51.916946604543305,6.0
24.897523345731667,53.397374386380264,0.0,31.721450782530443,51.916946604543305,6,0,1,0,30,20760.0,24.908584143312893,53.38257010856189,0.0,31.5572429064579,51.71838479953662,5.0
24.908584143312893,53.38257010856189,0.0,31.5572429064579,51.71838479953662,5,1,3,3,28,20820.0,24.97639371405575,53.36592825547164,1460.5320529354597,31.5139654629693,51.82910025848466,5.0
24.97639371405575,53.36592825547164,1460.5320529354597,31.5139654629693,51.82910025848466,5,0,2,2,24,20880.0,24.985778299780712,53.35055997550177,0.0,31.346237218861553,51.975196593364075,5.0
24.985778299780712,53.35055997550177,0.0,31.346237218861553,51.975196593364075,5,1,3,1,23,20940.0,24.931673046904066,53.33680634168039,1269.6786968123363,31.469091197897242,51.04882332874895,5.0
24.931673046904066,53.33680634168039,1269.6786968123363,31.469091197897242,51.04882332874895,5,0,1,4,28,21000.0,24.9410576275091,53.31392651155108,0.0,31.33575005928356,51.384721801342074,5.0
24.9410576275091,53.31392651155108,0.0,31.33575005928356,51.384721801342074,5,0,1,3,26,21060.0,24.950437450590158,53.29463446444899,0.0,31.354142991910717,51.32026194733898,5.0
24.950437450590158,53.29463446444899,0.0,31.354142991910717,51.32026194733898,5,0,3,5,25,21120.0,24.959817574108204,53.27489073927789,0.0,31.41981918974797,50.354935829971716,4.0
24.959817574108204,53.27489073927789,0.0,31.41981918974797,50.354935829971716,4,1,3,1,26,21180.0,25.0161357288992,53.24569119018483,1215.0705350952514,31.564376241726986,51.11133018409672,4.0
25.0161357288992,53.24569119018483,1215.0705350952514,31.564376241726986,51.11133018409672,4,1,1,0,29,21240.0,25.071821732125162,53.30137719341079,1199.19321355504,31.42643791461486,50.354248320807066,5.0
25.071821732125162,53.30137719341079,1199.19321355504,31.42643791461486,50.354248320807066,5,1,3,3,18,21300.0,24.9955855831034,53.27190590468475,1712.2927245569165,31.271280708143564,50.12847476999622,5.0
24.9955855831034,53.27190590468475,1712.2927245569165,31.271280708143564,50.12847476999622,5,0,3,0,22,21360.0,25.004961439607566,53.240471593337865,0.0,31.307516728778005,50.055011508759215,5.0
25.004961439607566,53.240471593337865,0.0,31.307516728778005,50.055011508759215,5,0,2,0,26,21420.0,25.014338191450538,53.20861699249208,0.0,31.303212735554347,49.751720499199685,5.0
25.014338191450538,53.20861699249208,0.0,31.303212735554347,49.751720499199685,5,1,1,0,28,21480.0,25.069685810885773,53.26396461192732,1149.283090427473,31.28214168749673,50.16021307077133,5.0
25.069685810885773,53.26396461192732,1149.283090427473,31.28214168749673,50.16021307077133,5,1,3,0,27,21540.0,25.127306250631044,53.23292709651576,1206.1672804012826,31.20990832511171,50.38074012717915,4.0
25.127306250631044,53.23292709651576,1206.1672804012826,31.20990832511171,50.38074012717915,4,0,3,4,21,21600.0,25.135009004033527,53.204405226822395,0.0,31.16191308983187,49.45908112630491,4.0
25.135009004033527,53.204405226822395,0.0,31.16191308983187,49.45908112630491,4,0,2,4,22,21660.0,25.142709900836387,53.16695198581722,0.0,31.14357546070058,49.63696440186497,4.0
25.142709900836387,53.16695198581722,0.0,31.14357546070058,49.63696440186497,4,1,3,0,22,21720.0,25.08676747746108,53.1316521099777,1272.8490445460013,31.107719500547507,49.40864665358954,4.0
25.08676747746108,53.1316521099777,1272.8490445460013,31.107719500547507,49.40864665358954,4,0,3,6,20,21780.0,25.09446817586185,53.094422055413816,0.0,31.116744889781973,50.09837711174038,3.0
25.09446817586185,53.094422055413816,0.0,31.116744889781973,50.09837711174038,3,0,3,6,23,21840.0,25.100502251752314,53.06446160597708,0.0,31.16837918983638,50.57705583929627,3.0
25.100502251752314,53.06446160597708,0.0,31.16837918983638,50.57705583929627,3,0,1,4,24,21900.0,25.10653784765025,53.03958754831027,0.0,31.252588786626223,51.50424365274468,3.0
25.10653784765025,53.03958754831027,0.0,31.252588786626223,51.50424365274468,3,1,1,1,26,21960.0,25.15645231986815,53.08950202052817,1096.9067629983617,31.175337039057784,52.491430230289325,3.0
25.15645231986815,53.08950202052817,1096.9067629983617,31.175337039057784,52.491430230289325,3,1,1,2,21,22020.0,25.09605603881249,53.02910573947251,1328.6048775927484,31.085962510846016,51.912102681627864,3.0
25.09605603881249,53.02910573947251,1328.6048775927484,31.085962510846016,51.912102681627864,3,1,3,1,27,22080.0,25.15268714624523,53.017935708894065,1264.9527637585788,31.11490800573193,52.37855351218266,3.0
25.15268714624523,53.017935708894065,1264.9527637585788,31.11490800573193,52.37855351218266,3,1,2,6,25,22140.0,25.080123740403526,53.01154188692695,1571.9095974071279,31.309697103712107,52.41348341067354,3.0
25.080123740403526,53.01154188692695,1571.9095974071279,31.309697103712107,52.41348341067354,3,0,1,6,29,22200.0,25.086164726182304,53.005561302164416,0.0,31.285587358813316,52.63403565285705,3.0
25.086164726182304,53.005561302164416,0.0,31.285587358813316,52.63403565285705,3,0,3,5,28,22260.0,25.092204706936723,53.00184604567134,0.0,31.17689497716326,53.54076758150633,3.0
25.092204706936723,53.00184604567134,0.0,31.17689497716326,53.54076758150633,3,0,3,3,22,22320.0,25.098240863279063,53.00723526102969,0.0,30.956360493495197,54.08437231239203,3.0
25.098240863279063,53.00723526102969,0.0,30.956360493495197,54.08437231239203,3,0,1,6,19,22380.0,25.104269467266736,53.018006631543315,0.0,31.0086498144381,54.48537911375701,3.0
25.104269467266736,53.018006631543315,0.0,31.0086498144381,54.48537911375701,3,0,3,4,25,22440.0,25.110299613278308,53.032680356365454,0.0,31.04785398250635,54.728333028879725,2.0
25.110299613278308,53.032680356365454,0.0,31.04785398250635,54.728333028879725,2,1,2,4,25,22500.0,25.042267119816145,53.0496368830906,1447.9415721560383,31.06248448400566,54.03342560395129,2.0
25.042267119816145,53.0496368830906,1447.9415721560383,31.06248448400566,54.03342560395129,2,0,1,1,24,22560.0,25.04663446039495,53.059474770299204,0.0,31.2471416490351,53.38201679682469,1.0
25.04663446039495,53.059474770299204,0.0,31.2471416490351,53.38201679682469,1,0,1,5,21,22620.0,25.049341143967908,53.062700190564456,0.0,31.31421199491896,52.065445274813676,1.0
25.049341143967908,53.062700190564456,0.0,31.31421199491896,52.065445274813676,1,1,2,6,27,22680.0,25.120536028627093,53.052727641406946,1712.151390770503,31.2567805695277,53.34091529241064,1.0
25.120536028627093,53.052727641406946,1712.151390770503,31.2567805695277,53.34091529241064,1,0,3,6,26,22740.0,25.12324057011179,53.055609517916984,0.0,31.278647131786887,53.77511390725441,1.0
25.12324057011179,53.055609517916984,0.0,31.278647131786887,53.77511390725441,1,0,2,4,18,22800.0,25.125945750330512,53.06280456181036,0.0,31.245591813050197,54.10666091792458,1.0
25.125945750330512,53.06280456181036,0.0,31.245591813050197,54.10666091792458,1,1,3,0,30,22860.0,25.183372657881876,53.073243125371505,1368.0729837318218,31.343221390702784,55.132988086133444,1.0
25.183372657881876,53.073243125371505,1368.0729837318218,31.343221390702784,55.132988086133444,1,1,2,6,29,22920.0,25.260385863480376,53.093840574979126,1857.6969326852138,31.396684681457305,55.32217771550607,1.0
25.260385863480376,53.093840574979126,1857.6969326852138,31.396684681457305,55.32217771550607,1,0,2,6,23,22980.0,25.26309040677431,53.1161239463844,0.0,31.21871713731155,55.71999653072905,1.0
25.26309040677431,53.1161239463844,0.0,31.21871713731155,55.71999653072905,1,1,1,3,28,23040.0,25.318083819729747,53.17111735933983,1307.3723016104773,31.144528115283627,54.70820158816927,1.0
25.318083819729747,53.17111735933983,1307.3723016104773,31.144528115283627,54.70820158816927,1,0,3,4,25,23100.0,25.3207780345396,53.18648820162812,0.0,31.181392429328604,54.36248090047354,1.0
25.3207780345396,53.18648820162812,0.0,31.181392429328604,54.36248090047354,1,1,1,1,23,23160.0,25.264881346012093,53.13059151310061,1171.840846813329,31.157754946940987,54.05415884858054,1.0
25.264881346012093,53.13059151310061,1171.840846813329,31.157754946940987,54.05415884858054,1,1,1,5,18,23220.0,25.182375020925836,53.048085188014355,1704.0550841257557,31.037807291081997,54.76723799893864,0.0
25.182375020925836,53.048085188014355,1704.0550841257557,31.037807291081997,54.76723799893864,0,0,2,2,25,23280.0,25.18340353533484,53.0652767161236,0.0,31.136514173593905,54.67228266992925,0.0
25.18340353533484,53.0652767161236,0.0,31.136514173593905,54.67228266992925,0,1,3,1,29,23340.0,25.239451643522823,53.08134677566166,1375.408445834413,30.929529351258694,54.64359256522124,0.0
25.239451643522823,53.08134677566166,1375.408445834413,30.929529351258694,54.64359256522124,0,1,1,3,26,23400.0,25.288223907332977,53.13011903947181,1193.7315304974377,30.920129566122387,54.773206005741436,0.0
25.288223907332977,53.13011903947181,1193.7315304974377,30.920129566122387,54.773206005741436,0,1,3,4,28,23460.0,25.349204059739577,53.14654990913451,1498.9772221160235,31.001631388189445,54.98215963967924,0.0
25.349204059739577,53.14654990913451,1498.9772221160235,31.001631388189445,54.98215963967924,0,0,2,5,27,23520.0,25.35022580731719,53.164906006439956,0.0,31.209297666704853,54.58684402748536,0.0
25.35022580731719,53.164906006439956,0.0,31.209297666704853,54.58684402748536,0,0,3,4,18,23580.0,25.351254443045836,53.17912538665041,0.0,31.318554855569303,53.63696008080688,0.0
25.351254443045836,53.17912538665041,0.0,31.318554855569303,53.63696008080688,0,0,1,0,20,23640.0,25.35228668639292,53.183703733591976,0.0,31.29910171414978,54.32375413547559,0.0
25.35228668639292,53.183703733591976,0.0,31.29910171414978,54.32375413547559,0,0,2,1,29,23700.0,25.353318246893846,53.19510423761081,0.0,31.435082825703383,53.72519129695994,0.0
25.353318246893846,53.19510423761081,0.0,31.435082825703383,53.72519129695994,0,0,3,6,27,23760.0,25.35435430571314,53.20040510820431,0.0,31.42191111742631,53.72477970252799,0.0
25.35435430571314,53.20040510820431,0.0,31.42191111742631,53.72477970252799,0,0,2,1,29,23820.0,25.3553898909402,53.20564885414755,0.0,31.506677266138386,54.3137259762704,0.0
25.3553898909402,53.20564885414755,0.0,31.506677266138386,54.3137259762704,0,0,1,3,20,23880.0,25.35642826718604,53.21672962536878,0.0,31.5606778766286,54.16617097073367,0.0
25.35642826718604,53.21672962536878,0.0,31.5606778766286,54.16617097073367,0,0,3,6,28,23940.0,25.357468408839686,53.22622403882243,0.0,31.549154167768535,54.506115808086705,1.0
25.357468408839686,53.22622403882243,0.0,31.549154167768535,54.506115808086705,1,0,3,5,23,24000.0,25.360174798364984,53.23902295651507,0.0,31.412918164379988,54.52710937068725,1.0
25.360174798364984,53.23902295651507,0.0,31.412918164379988,54.52710937068725,1,1,1,4,26,24060.0,25.41241213696111,53.2912602951112,1238.389512098101,31.512855711854886,54.300373212528264,1.0
25.41241213696111,53.2912602951112,1238.389512098101,31.512855711854886,54.300373212528264,1,1,3,6,20,24120.0,25.324266111690637,53.30135142428537,1816.9874677927194,31.47770691220884,54.48513588475701,1.0
25.324266111690637,53.30135142428537,1816.9874677927194,31.47770691220884,54.48513588475701,1,1,1,3,27,24180.0,25.3768254143271,53.35391072692184,1246.3546985777884,31.35934867586704,53.89512971705875,1.0
25.3768254143271,53.35391072692184,1246.3546985777884,31.35934867586704,53.89512971705875,1,1,2,4,25,24240.0,25.306168260277573,53.35932291682321,1467.1314298315513,31.412490594290222,53.73535573168458,1.0
25.306168260277573,53.35932291682321,1467.1314298315513,31.412490594290222,53.73535573168458,1,0,2,5,24,24300.0,25.308871804355373,53.363083244971826,0.0,31.26206352849531,54.97164768837837,1.0
25.308871804355373,53.363083244971826,0.0,31.26206352849531,54.97164768837837,1,0,2,2,20,24360.0,25.311570244079512,53.37916888940589,0.0,31.364692901308413,54.610822641376195,1.0
25.311570244079512,53.37916888940589,0.0,31.364692901308413,54.610822641376195,1,0,3,0,25,24420.0,25.314272014834753,53.39148542692559,0.0,31.58457660513454,54.782500315569344,1.0
25.314272014834753,53.39148542692559,0.0,31.58457660513454,54.782500315569344,1,0,3,5,27,24480.0,25.31698102498776,53.40539557581203,0.0,31.584303049525428,54.58520058219979,1.0
25.31698102498776,53.40539557581203,0.0,31.584303049525428,54.58520058219979,1,1,3,0,26,24540.0,25.36519257746694,53.41719362587591,1137.5660436256733,31.657755971367877,55.412721692934156,1.0
25.36519257746694,53.41719362587591,1137.5660436256733,31.657755971367877,55.412721692934156,1,1,3,1,18,24600.0,25.288885336012633,53.43714890654649,1580.3398713487156,31.493238561280474,55.087528277987246,1.0
25.288885336012633,53.43714890654649,1580.3398713487156,31.493238561280474,55.087528277987246,1,1,1,0,25,24660.0,25.240869934446778,53.389133504980634,1014.4442668006317,31.414068229712928,54.72176434571443,0.0
25.240869934446778,53.389133504980634,1014.4442668006317,31.414068229712928,54.72176434571443,0,1,3,5,29,24720.0,25.307246648736893,53.40245981338797,1633.440192006784,31.3919017390837,54.81195737927882,0.0
25.307246648736893,53.40245981338797,1633.440192006784,31.3919017390837,54.81195737927882,0,1,2,5,30,24780.0,25.38236106396036,53.41655478904688,1851.9565013447332,31.536346144102414,54.85499821382182,0.0
25.38236106396036,53.41655478904688,1851.9565013447332,31.536346144102414,54.85499821382182,0,0,2,5,24,24840.0,25.383399530129697,53.43093922329463,0.0,31.48322494776292,55.24787443928504,0.0
25.383399530129697,53.43093922329463,0.0,31.48322494776292,55.24787443928504,0,0,1,6,28,24900.0,25.384436190976952,53.44910857545453,0.0,31.51908306422141,54.22260213935271,0.0
25.384436190976952,53.44910857545453,0.0,31.51908306422141,54.22260213935271,0,1,2,6,29,24960.0,25.459154571623547,53.45684351109351,1842.0139771037975,31.335703990067323,54.11160020985703,0.0
25.459154571623547,53.45684351109351,1842.0139771037975,31.335703990067323,54.11160020985703,0,1,3,1,27,25020.0,25.509943142877045,53.463391078081145,1243.98382348874,31.466594970712023,53.72904482247408,0.0
25.509943142877045,53.463391078081145,1243.98382348874,31.466594970712023,53.72904482247408,0,1,3,0,23,25080.0,25.449072687628394,53.46604761552507,1238.0468728582375,31.54196213398854,54.253069015919294,0.0
25.449072687628394,53.46604761552507,1238.0468728582375,31.54196213398854,54.253069015919294,0,0,2,0,27,25140.0,25.450109117276607,53.473917829529015,0.0,31.479126607140852,54.25332685445808,0.0
25.450109117276607,53.473917829529015,0.0,31.479126607140852,54.25332685445808,0,0,1,5,27,25200.0,25.4511434178596,53.481711919778306,0.0,31.36199978612499,54.38018910601018,0.0
25.4511434178596,53.481711919778306,0.0,31.36199978612499,54.38018910601018,0,0,1,1,26,25260.0,25.452173779738544,53.49069669164062,0.0,31.27351751199086,54.847436503037514,0.0
25.452173779738544,53.49069669164062,0.0,31.27351751199086,54.847436503037514,0,1,1,1,29,25320.0,25.502651592925503,53.54117450482758,1236.2608765637262,31.306871542582225,54.58572607191594,0.0
25.502651592925503,53.54117450482758,1236.2608765637262,31.306871542582225,54.58572607191594,0,0,2,1,23,25380.0,25.503678400257158,53.55162002049846,0.0,31.25764200253406,54.56707759911415,0.0
25.503678400257158,53.55162002049846,0.0,31.25764200253406,54.56707759911415,0,0,2,5,18,25440.0,25.504703532377235,53.56177459628462,0.0,31.267063082084068,55.17607852095966,0.0
29.805023970013682,58.7663939660534,0.0,20.482879881503855,69.1464735867118,8,0,1,0,30,60.0,29.818879898544065,58.870194762259985,0.0,20.48026997787372,69.88934905654332,8.0
29.818879898544065,58.870194762259985,0.0,20.48026997787372,69.88934905654332,8,1,3,5,21,120.0,29.73367037856213,58.98038630520282,1981.2979930249044,20.63902693045104,70.25981290262156,8.0
29.73367037856213,58.98038630520282,1981.2979930249044,20.63902693045104,70.25981290262156,8,0,1,6,20,180.0,29.747533890447194,59.09318057117701,0.0,20.646606075300344,69.89744593140631,7.0
29.747533890447194,59.09318057117701,0.0,20.646606075300344,69.89744593140631,7,1,1,0,26,240.0,29.70036169146057,59.046008372190386,1187.3766945223597,20.720366751748042,70.8875441022511,6.0
29.70036169146057,59.046008372190386,1187.3766945223597,20.720366751748042,70.8875441022511,6,1,3,2,23,300.0,29.63012709751258,59.16442372949099,1615.3718823333647,20.725491102913345,70.81224993254678,6.0
26.143609437085114,42.44854597111271,0.0,22.57133700378273,57.84101277465207,8,0,2,2,25,60.0,26.157657028004003,42.6024706391481,0.0,22.655233029335218,57.6411263843887,8.0
26.157657028004003,42.6024706391481,0.0,22.655233029335218,57.6411263843887,8,0,1,0,23,120.0,26.171706947204047,42.75285719660051,0.0,22.74301968468959,57.64207858420926,8.0
26.171706947204047,42.75285719660051,0.0,22.74301968468959,57.64207858420926,8,1,3,6,22,180.0,26.099345471959044,42.9017494104766,1728.2770467250893,22.79928144795894,56.61172959347699,8.0
26.099345471959044,42.9017494104766,1728.2770467250893,22.79928144795894,56.61172959347699,8,1,1,2,21,240.0,26.04437893644369,42.84678287496124,1380.4640009577474,22.667950740097073,56.25369164248088,8.0
26.04437893644369,42.84678287496124,1380.4640009577474,22.667950740097073,56.25369164248088,8,0,1,1,21,300.0,26.058433055503812,42.980851962636436,0.0,22.51668786268432,55.85807805415739,8.0
26.058433055503812,42.980851962636436,0.0,22.51668786268432,55.85807805415739,8,1,1,3,22,360.0,26.00331366896281,42.925732576095434,1383.3599006914692,22.587827827636197,55.61507001645917,8.0
26.00331366896281,42.925732576095434,1383.3599006914692,22.587827827636197,55.61507001645917,8,1,2,6,28,420.0,26.08599614745427,43.05262595049907,1715.7415338209007,22.72296088234696,56.14452803440681,8.0
26.08599614745427,43.05262595049907,1715.7415338209007,22.72296088234696,56.14452803440681,8,1,2,0,27,480.0,26.150244322191543,43.18354497133815,1254.8402311527436,22.740073344853272,55.89854823666939,8.0
26.150244322191543,43.18354497133815,1254.8402311527436,22.740073344853272,55.89854823666939,8,0,1,0,26,540.0,26.1642973164923,43.31069500399146,0.0,22.652046780905568,55.81908740735805,8.0
26.1642973164923,43.31069500399146,0.0,22.652046780905568,55.81908740735805,8,0,1,5,28,600.0,26.178346908141112,43.43577892802513,0.0,22.681965902496408,56.11569108533927,9.0
26.178346908141112,43.43577892802513,0.0,22.681965902496408,56.11569108533927,9,0,3,4,30,660.0,26.194063695440924,43.56257804959827,0.0,22.715287932559622,56.939253168657345,9.0
26.194063695440924,43.56257804959827,0.0,22.715287932559622,56.939253168657345,9,0,3,0,27,720.0,26.20978106958216,43.696344800788864,0.0,22.846283378937997,57.45742499514158,9.0
26.20978106958216,43.696344800788864,0.0,22.846283378937997,57.45742499514158,9,1,1,4,22,780.0,26.15287294311706,43.63943667432376,1452.5868641749296,22.885101608210412,56.16324541336586,8.0
26.15287294311706,43.63943667432376,1452.5868641749296,22.885101608210412,56.16324541336586,8,1,3,4,21,840.0,26.083926203360278,43.76467476171418,1660.089614245726,23.025337873555436,57.63462173636857,8.0
26.083926203360278,43.76467476171418,1660.089614245726,23.025337873555436,57.63462173636857,8,0,2,5,19,900.0,26.09799091708262,43.903374231460724,0.0,23.037025570547293,57.53190707162197,8.0
26.09799091708262,43.903374231460724,0.0,23.037025570547293,57.53190707162197,8,0,3,6,21,960.0,26.112055551571068,44.039659559862336,0.0,23.158811922047516,56.8966273181528,9.0
26.112055551571068,44.039659559862336,0.0,23.158811922047516,56.8966273181528,9,0,1,0,24,1020.0,26.127790443450085,44.16822923744524,0.0,23.077373149874074,57.11167028462627,9.0
26.127790443450085,44.16822923744524,0.0,23.077373149874074,57.11167028462627,9,1,1,6,30,1080.0,26.205589841053996,44.24602863504915,1551.6936211757445,23.236902690581925,58.539765378374284,9.0
26.205589841053996,44.24602863504915,1551.6936211757445,23.236902690581925,58.539765378374284,9,0,2,6,19,1140.0,26.22132421814898,44.3889660024824,0.0,23.208614903720925,57.92243063098373,9.0
26.22132421814898,44.3889660024824,0.0,23.208614903720925,57.92243063098373,9,1,2,6,30,1200.0,26.311246596277872,44.52430064876741,1854.7367109843797,23.231323403038424,57.587284169592614,9.0
26.311246596277872,44.52430064876741,1854.7367109843797,23.231323403038424,57.587284169592614,9,1,1,5,28,1260.0,26.38119914901407,44.594253201503605,1355.5470877326331,23.131092276257927,57.96651224094404,9.0
26.38119914901407,44.594253201503605,1355.5470877326331,23.131092276257927,57.96651224094404,9,1,2,1,25,1320.0,26.329573368132248,44.72797579189801,1347.0155463878862,23.119981004850654,57.80893308778641,9.0
26.329573368132248,44.72797579189801,1347.0155463878862,23.119981004850654,57.80893308778641,9,1,3,5,27,1380.0,26.40214338829111,44.85878536485689,1421.0918309409078,23.009766457619982,58.38536664496662,9.0
26.40214338829111,44.85878536485689,1421.0918309409078,23.009766457619982,58.38536664496662,9,1,3,2,22,1440.0,26.34404715864384,44.99405117765799,1476.329674991612,23.05958643564739,58.90188826810416,9.0
26.34404715864384,44.99405117765799,1476.329674991612,23.05958643564739,58.90188826810416,9,0,3,6,30,1500.0,26.35977100995307,45.13312954856245,0.0,23.10591800768589,59.08500614469603,9.0
26.35977100995307,45.13312954856245,0.0,23.10591800768589,59.08500614469603,9,1,3,4,22,1560.0,26.295108637186818,45.272648314523785,1607.7448866569027,22.92936587879431,59.47482807087679,9.0
26.295108637186818,45.272648314523785,1607.7448866569027,22.92936587879431,59.47482807087679,9,0,2,5,28,1620.0,26.31082977909487,45.414670112087315,0.0,22.80118745928285,59.50510198105889,9.0
26.31082977909487,45.414670112087315,0.0,22.80118745928285,59.50510198105889,9,0,3,5,18,1680.0,26.326546124350877,45.55557443077703,0.0,22.923996595322045,58.98440064323095,9.0
26.326546124350877,45.55557443077703,0.0,22.923996595322045,58.98440064323095,9,1,1,5,20,1740.0,26.259995582727978,45.489023889154126,1645.4091327719298,22.915372063508165,59.324324850019444,9.0
26.259995582727978,45.489023889154126,1645.4091327719298,22.915372063508165,59.324324850019444,9,0,3,5,30,1800.0,26.27571742861067,45.627376898762776,0.0,23.025438076916675,58.72237531853096,9.0
26.27571742861067,45.627376898762776,0.0,23.025438076916675,58.72237531853096,9,1,3,4,30,1860.0,26.354074525287412,45.75832688296046,1565.8026497116957,22.90454175271813,58.682970705447964,9.0
26.354074525287412,45.75832688296046,1565.8026497116957,22.90454175271813,58.682970705447964,9,1,2,2,30,1920.0,26.432218117448233,45.887573321185336,1560.6310813310306,22.826692596206296,59.22260955182123,9.0
26.432218117448233,45.887573321185336,1560.6310813310306,22.826692596206296,59.22260955182123,9,1,1,5,18,1980.0,26.3590805849805,45.8144357887176,1777.0136323405145,22.9443284850225,58.99257760716034,9.0
26.3590805849805,45.8144357887176,1777.0136323405145,22.9443284850225,58.99257760716034,9,1,3,6,20,2040.0,26.28056638015253,45.94621720690203,1884.6742618261057,23.094980159143976,59.01285812879456,9.0
26.28056638015253,45.94621720690203,1884.6742618261057,23.094980159143976,59.01285812879456,9,1,1,3,24,2100.0,26.232236898935557,45.89788772568505,1281.1325668587704,23.148651517773857,59.33468044179217,9.0
26.232236898935557,45.89788772568505,1281.1325668587704,23.148651517773857,59.33468044179217,9,1,1,3,24,2160.0,26.184049765005078,45.84970059175457,1278.3536216887944,23.233725222629765,58.986238340392255,10.0
26.184049765005078,45.84970059175457,1278.3536216887944,23.233725222629765,58.986238340392255,10,0,2,0,24,2220.0,26.201451420853665,45.981065969240944,0.0,23.145477086125048,58.82773760586143,9.0
26.201451420853665,45.981065969240944,0.0,23.145477086125048,58.82773760586143,9,1,1,0,24,2280.0,26.161679259823707,45.941293808210986,1110.0725710426834,23.211915392070733,58.83026243334744,10.0
26.161679259823707,45.941293808210986,1110.0725710426834,23.211915392070733,58.83026243334744,10,0,3,5,22,2340.0,26.179080934361448,46.07018349446235,0.0,23.087079245774017,58.120086290820474,11.0
26.179080934361448,46.07018349446235,0.0,23.087079245774017,58.120086290820474,11,1,1,5,30,2400.0,26.25769683196926,46.14879939207016,1488.8074416024094,23.222387775843032,57.37081426402175,12.0
26.25769683196926,46.14879939207016,1488.8074416024094,23.222387775843032,57.37081426402175,12,0,3,1,23,2460.0,26.278428988334056,46.261019540789675,0.0,23.112769088215156,57.55188337446904,12.0
26.262648040753334,51.50716590052478,0.0,21.362744384816423,65.71686509510612,8,1,2,2,20,60.0,26.18998463876365,51.649262892470595,1733.33477068972,21.33701602094904,66.24898200229806,8.0
26.18998463876365,51.649262892470595,1733.33477068972,21.33701602094904,66.24898200229806,8,1,2,5,19,120.0,26.10202709741436,51.79526008356887,2039.2488479072738,21.537880125039045,66.45881731971616,8.0
26.10202709741436,51.79526008356887,2039.2488479072738,21.537880125039045,66.45881731971616,8,1,2,2,26,180.0,26.049704936427148,51.941895655930345,1326.7337884293477,21.599424050168167,65.39135637433566,8.0
26.049704936427148,51.941895655930345,1326.7337884293477,21.599424050168167,65.39135637433566,8,0,1,4,21,240.0,26.063723260397605,52.0763902631144,0.0,21.40957140914591,66.00870401393279,8.0
26.063723260397605,52.0763902631144,0.0,21.40957140914591,66.00870401393279,8,1,2,2,19,300.0,25.98842450190992,52.21571340062258,1786.205735186242,21.464072244387694,66.247470553815,8.0
25.98842450190992,52.21571340062258,1786.205735186242,21.464072244387694,66.247470553815,8,0,1,2,24,360.0,26.00244035683467,52.35603097215451,0.0,21.545077384060196,65.49655729435794,8.0
26.00244035683467,52.35603097215451,0.0,21.545077384060196,65.49655729435794,8,1,2,2,22,420.0,25.93725039155802,52.48743623537654,1584.161063551088,21.463216793619406,64.9471952059672,7.0
25.93725039155802,52.48743623537654,1584.161063551088,21.463216793619406,64.9471952059672,7,0,2,1,18,480.0,25.949601257104757,52.61203382508245,0.0,21.622093315942386,64.31565738070424,7.0
25.949601257104757,52.61203382508245,0.0,21.622093315942386,64.31565738070424,7,1,3,0,27,540.0,26.00826788407442,52.72907006063867,1157.7719308592384,21.654043392583937,64.5578995002691,7.0
26.00826788407442,52.72907006063867,1157.7719308592384,21.654043392583937,64.5578995002691,7,1,3,5,23,600.0,25.94153182240653,52.84735835503497,1581.8184170301165,21.664946958346132,64.88950590529925,6.0
25.94153182240653,52.84735835503497,1581.8184170301165,21.664946958346132,64.88950590529925,6,1,3,3,25,660.0,25.885995008522702,52.967779830537616,1324.5518877672132,21.593946248541762,64.92783724696741,6.0
25.885995008522702,52.967779830537616,1324.5518877672132,21.593946248541762,64.92783724696741,6,0,1,5,28,720.0,25.896685273564035,53.08738040470191,0.0,21.703534314500736,63.80648739323193,6.0
25.896685273564035,53.08738040470191,0.0,21.703534314500736,63.80648739323193,6,1,3,2,23,780.0,25.8381163622462,53.194571474587214,1385.2494590506242,21.814794157556317,64.06228682048025,6.0
25.8381163622462,53.194571474587214,1385.2494590506242,21.814794157556317,64.06228682048025,6,0,2,4,18,840.0,25.84881558483938,53.30324862804614,0.0,21.953027165586754,64.62775621676118,6.0
25.84881558483938,53.30324862804614,0.0,21.953027165586754,64.62775621676118,6,0,2,0,23,900.0,25.859519058558735,53.41649370393329,0.0,22.012930507315126,64.4740371762161,6.0
25.859519058558735,53.41649370393329,0.0,22.012930507315126,64.4740371762161,6,0,3,5,23,960.0,25.870224172273694,53.52706913865612,0.0,22.00640560171501,65.09775699056645,7.0
25.870224172273694,53.52706913865612,0.0,22.00640560171501,65.09775699056645,7,0,2,6,26,1020.0,25.88259537832134,53.64277601717522,0.0,22.051291047105842,64.76306868645833,7.0
25.88259537832134,53.64277601717522,0.0,22.051291047105842,64.76306868645833,7,1,1,0,30,1080.0,25.943202477420325,53.70338311627421,1205.8702310839328,22.171122726059597,65.13124171326533,7.0
25.943202477420325,53.70338311627421,1205.8702310839328,22.171122726059597,65.13124171326533,7,0,1,3,20,1140.0,25.95557674142861,53.81766170224412,0.0,22.224106321086268,65.98591178247761,6.0
25.95557674142861,53.81766170224412,0.0,22.224106321086268,65.98591178247761,6,1,3,3,21,1200.0,25.887363680969834,53.93934420304646,1578.4402288953597,22.143802706097734,66.27911318761352,6.0
25.887363680969834,53.93934420304646,1578.4402288953597,22.143802706097734,66.27911318761352,6,1,3,0,27,1260.0,25.944520028839204,54.06274189289213,1161.1949975466591,22.12132719790925,67.4233506913992,7.0
25.944520028839204,54.06274189289213,1161.1949975466591,22.12132719790925,67.4233506913992,7,1,3,3,18,1320.0,25.86851804448697,54.1963479808772,1767.4908918240797,22.07087844611088,67.66055850789931,7.0
25.86851804448697,54.1963479808772,1767.4908918240797,22.07087844611088,67.66055850789931,7,0,3,4,23,1380.0,25.880891456500358,54.33099008614742,0.0,22.060816471286152,67.54294063629848,7.0
25.880891456500358,54.33099008614742,0.0,22.060816471286152,67.54294063629848,7,0,3,3,28,1440.0,25.893264120667517,54.46310959164894,0.0,22.184118694320347,68.17343667668344,7.0
25.893264120667517,54.46310959164894,0.0,22.184118694320347,68.17343667668344,7,0,1,6,19,1500.0,25.90564048248664,54.60021286249928,0.0,22.210135627196575,68.7634501461623,8.0
25.90564048248664,54.60021286249928,0.0,22.210135627196575,68.7634501461623,8,0,3,5,21,1560.0,25.91968396565813,54.741845235335916,0.0,22.284573064113285,67.38853770970417,8.0
25.91968396565813,54.741845235335916,0.0,22.284573064113285,67.38853770970417,8,1,3,1,23,1620.0,25.867548874510575,54.8683121600796,1323.611749016757,22.43920731550729,68.29584007099528,8.0
25.867548874510575,54.8683121600796,1323.611749016757,22.43920731550729,68.29584007099528,8,0,2,0,26,1680.0,25.881601263125276,55.00258743918875,0.0,22.373243510055296,68.30119477571499,8.0
25.881601263125276,55.00258743918875,0.0,22.373243510055296,68.30119477571499,8,1,2,0,26,1740.0,25.943935141502006,55.13557351255401,1207.1039242124834,22.42331606812313,67.88658306586203,8.0
25.943935141502006,55.13557351255401,1207.1039242124834,22.42331606812313,67.88658306586203,8,1,3,2,30,1800.0,26.016200131157124,55.26308360808709,1455.3919239391284,22.560939622196095,68.0120750645356,8.0
26.016200131157124,55.26308360808709,1455.3919239391284,22.560939622196095,68.0120750645356,8,1,2,0,24,1860.0,25.96420302208002,55.39057352265158,1320.9720078694272,22.64193738939264,66.94592704661162,8.0
25.96420302208002,55.39057352265158,1320.9720078694272,22.64193738939264,66.94592704661162,8,0,1,6,25,1920.0,25.97825894655893,55.50612705789118,0.0,22.56450229068671,66.75284567915773,8.0
25.97825894655893,55.50612705789118,0.0,22.56450229068671,66.75284567915773,8,1,3,6,29,1980.0,26.05815400074991,55.618594244103846,1646.0544853210363,22.556253000891978,66.85307493015512,8.0
26.05815400074991,55.618594244103846,1646.0544853210363,22.556253000891978,66.85307493015512,8,0,3,0,19,2040.0,26.072203937383247,55.73093905096436,0.0,22.462058551388782,66.44910406261118,8.0
26.072203937383247,55.73093905096436,0.0,22.462058551388782,66.44910406261118,8,0,2,5,30,2100.0,26.08625026587038,55.838120701080825,0.0,22.392493766241437,65.63849257154114,8.0
26.08625026587038,55.838120701080825,0.0,22.392493766241437,65.63849257154114,8,1,2,3,20,2160.0,26.010296243903138,55.93612441978543,1799.9512683450562,22.381403437133294,65.57150025112166,8.0
26.010296243903138,55.93612441978543,1799.9512683450562,22.381403437133294,65.57150025112166,8,1,3,3,21,2220.0,25.945246885604902,56.03247817809879,1581.9012374268734,22.52277461621079,65.29972074044922,8.0
25.945246885604902,56.03247817809879,1581.9012374268734,22.52277461621079,65.29972074044922,8,0,3,0,18,2280.0,25.95929946986259,56.1251506037223,0.0,22.45715625311811,66.13047138505851,9.0
25.95929946986259,56.1251506037223,0.0,22.45715625311811,66.13047138505851,9,1,1,4,18,2340.0,25.89113816667911,56.05698930053882,1677.5579681917552,22.43319420496764,66.1058484986891,9.0
25.89113816667911,56.05698930053882,1677.5579681917552,22.43319420496764,66.1058484986891,9,1,1,2,23,2400.0,25.84390560525535,56.00975673911506,1259.012599167351,22.513017031933078,66.59112110223248,9.0
25.84390560525535,56.00975673911506,1259.012599167351,22.513017031933078,66.59112110223248,9,1,3,4,28,2460.0,25.9181199981717,56.115570382746235,1462.3022300531468,22.552413354306537,66.61359558074284,9.0
25.9181199981717,56.115570382746235,1462.3022300531468,22.552413354306537,66.61359558074284,9,1,3,3,24,2520.0,25.864525086789353,56.2205506347262,1386.32108988436,22.466334133931333,66.34761485204572,9.0
25.864525086789353,56.2205506347262,1386.32108988436,22.466334133931333,66.34761485204572,9,1,3,5,23,2580.0,25.801648342105086,56.3218212768994,1571.9360997167678,22.40646751586355,65.71736806071009,9.0
25.801648342105086,56.3218212768994,1571.9360997167678,22.40646751586355,65.71736806071009,9,1,3,2,21,2640.0,25.742343516509344,56.41577674473751,1500.4997246973576,22.405704787971803,65.3089947378401,9.0
25.742343516509344,56.41577674473751,1500.4997246973576,22.405704787971803,65.3089947378401,9,0,3,1,20,2700.0,25.758065628551726,56.504708924668535,0.0,22.425365243892003,64.91406041007455,8.0
25.758065628551726,56.504708924668535,0.0,22.425365243892003,64.91406041007455,8,1,2,6,25,2760.0,25.69116474925422,56.588802439522595,1619.1291190270347,22.478593869333395,64.4076967783681,8.0
25.69116474925422,56.588802439522595,1619.1291190270347,22.478593869333395,64.4076967783681,8,0,1,2,29,2820.0,25.70522433022489,56.66699138291105,0.0,22.498623525813123,63.88624943156525,8.0
25.70522433022489,56.66699138291105,0.0,22.498623525813123,63.88624943156525,8,0,2,2,19,2880.0,25.71928411019808,56.73918396339759,0.0,22.571169355622516,63.281467322517784,7.0
25.71928411019808,56.73918396339759,0.0,22.571169355622516,63.281467322517784,7,1,1,6,25,2940.0,25.66434149968145,56.68424135288096,1346.753467162875,22.786860882006803,63.36832320968806,7.0
25.66434149968145,56.68424135288096,1346.753467162875,22.786860882006803,63.36832320968806,7,0,1,3,22,3000.0,25.67674558366086,56.75108217144903,0.0,22.85229298127694,63.92653554733522,7.0
25.67674558366086,56.75108217144903,0.0,22.85229298127694,63.92653554733522,7,1,2,0,21,3060.0,25.6151211984898,56.82283670520789,1480.6047350196516,22.98600582742066,63.50398091239434,8.0
25.6151211984898,56.82283670520789,1480.6047350196516,22.98600582742066,63.50398091239434,8,1,3,5,28,3120.0,25.690758644681583,56.88964814727976,1538.9604176038263,22.900246504727864,63.206497884736315,8.0
25.690758644681583,56.88964814727976,1538.9604176038263,22.900246504727864,63.206497884736315,8,0,3,2,30,3180.0,25.70483229427692,56.95281664465432,0.0,22.842570137997374,63.29143759730353,7.0
25.659276445453308,52.58759339233809,0.0,16.009246064664573,58.71454654292117,0,1,2,5,29,60.0,25.729810281770924,52.64886292384392,1750.5542665910018,15.965334494565608,59.398002588706326,0.0
25.729810281770924,52.64886292384392,1750.5542665910018,15.965334494565608,59.398002588706326,0,1,3,4,26,120.0,25.78383143343414,52.71635432049255,1337.832521403119,16.050352725572736,59.15849994960216,0.0
25.78383143343414,52.71635432049255,1337.832521403119,16.050352725572736,59.15849994960216,0,0,3,0,28,180.0,25.784340317477213,52.78077577678364,0.0,16.098202534048596,59.696039521553814,0.0
25.784340317477213,52.78077577678364,0.0,16.098202534048596,59.696039521553814,0,1,3,3,18,240.0,25.696982803297075,52.84992841423134,1757.3595250804337,16.212169690282202,59.895053978514916,0.0
25.696982803297075,52.84992841423134,1757.3595250804337,16.212169690282202,59.895053978514916,0,1,1,0,29,300.0,25.744106010586712,52.89705162152098,1165.1508598351463,16.20662082984548,59.76037707017827,0.0
25.744106010586712,52.89705162152098,1165.1508598351463,16.20662082984548,59.76037707017827,0,1,1,5,30,360.0,25.80526116272089,52.95820677365516,1515.9933743383306,16.2500486459116,59.0658260802187,0.0
25.80526116272089,52.95820677365516,1515.9933743383306,16.2500486459116,59.0658260802187,0,0,3,2,21,420.0,25.80577598897033,53.019282966720795,0.0,16.19155103561578,58.173734756619076,0.0
25.80577598897033,53.019282966720795,0.0,16.19155103561578,58.173734756619076,0,1,2,0,23,480.0,25.737871520171637,53.07082748461978,1368.3465593382198,16.221057321989015,57.810556299274005,0.0
25.737871520171637,53.07082748461978,1368.3465593382198,16.221057321989015,57.810556299274005,0,0,1,0,20,540.0,25.738387626365032,53.11822477276632,0.0,16.233217087164842,56.954586795589485,0.0
25.738387626365032,53.11822477276632,0.0,16.233217087164842,56.954586795589485,0,0,1,2,23,600.0,25.73890412068039,53.15658839299455,0.0,16.10365593526581,57.18083987588594,0.0
25.73890412068039,53.15658839299455,0.0,16.10365593526581,57.18083987588594,0,1,2,1,26,660.0,25.790474240690095,53.19683090782346,1276.4490403971354,16.010048613702246,56.95366841629423,0.0
25.790474240690095,53.19683090782346,1276.4490403971354,16.010048613702246,56.95366841629423,0,1,1,1,26,720.0,25.83342156393041,53.23977823106378,1061.0001023637699,15.804478636306625,57.02617157497491,0.0
25.83342156393041,53.23977823106378,1061.0001023637699,15.804478636306625,57.02617157497491,0,0,2,4,22,780.0,25.833920599166156,53.27764216450289,0.0,15.688409590356649,57.63430926412468,0.0
25.833920599166156,53.27764216450289,0.0,15.688409590356649,57.63430926412468,0,1,3,0,20,840.0,25.763372467151488,53.321208835499114,1420.8656329541386,15.637005175658713,57.63672444793963,0.0
25.763372467151488,53.321208835499114,1420.8656329541386,15.637005175658713,57.63672444793963,0,0,2,5,24,900.0,25.763868254908438,53.36436399162352,0.0,15.59276659921955,57.377211941786555,0.0
25.763868254908438,53.36436399162352,0.0,15.59276659921955,57.377211941786555,0,0,2,2,24,960.0,25.764362551519916,53.40449247112515,0.0,15.699162183724134,57.169734002220146,0.0
25.764362551519916,53.40449247112515,0.0,15.699162183724134,57.169734002220146,0,0,1,0,24,1020.0,25.764860378174323,53.442144886436104,0.0,15.648829030384864,56.22139829733485,0.0
25.764860378174323,53.442144886436104,0.0,15.648829030384864,56.22139829733485,0,1,1,5,24,1080.0,25.697341321780936,53.37462583004272,1360.3037736358954,15.642591701709335,57.31241057157232,1.0
25.697341321780936,53.37462583004272,1360.3037736358954,15.642591701709335,57.31241057157232,1,1,2,3,27,1140.0,25.758301501412152,53.41400367745801,1469.8834487971155,15.819662782371585,57.50559858698492,2.0
25.758301501412152,53.41400367745801,1469.8834487971155,15.819662782371585,57.50559858698492,2,0,2,6,21,1200.0,25.762136880121517,53.454919626553284,0.0,15.794497170211185,57.381082320728154,2.0
25.762136880121517,53.454919626553284,0.0,15.794497170211185,57.381082320728154,2,1,2,2,25,1260.0,25.697456240426785,53.494181253495036,1370.3010340880203,15.787569058178272,57.22065937356061,2.0
25.697456240426785,53.494181253495036,1370.3010340880203,15.787569058178272,57.22065937356061,2,0,2,4,22,1320.0,25.70129257752071,53.53144603469569,0.0,15.730810222679798,57.34232915619269,2.0
25.70129257752071,53.53144603469569,0.0,15.730810222679798,57.34232915619269,2,0,3,6,25,1380.0,25.70512689477555,53.56955486591066,0.0,15.598081818891984,56.75381896218134,2.0
25.70512689477555,53.56955486591066,0.0,15.598081818891984,56.75381896218134,2,0,2,2,29,1440.0,25.708956659939687,53.60139750687337,0.0,15.76743311954319,57.23702259582594,2.0
25.708956659939687,53.60139750687337,0.0,15.76743311954319,57.23702259582594,2,1,1,4,26,1500.0,25.761490446504485,53.65393129343816,1217.4626004036186,15.696954472551297,57.49941679437063,2.0
25.761490446504485,53.65393129343816,1217.4626004036186,15.696954472551297,57.49941679437063,2,0,1,4,27,1560.0,25.765321628638688,53.69238614844749,0.0,15.735124300702411,57.734528047388025,2.0
25.765321628638688,53.69238614844749,0.0,15.735124300702411,57.734528047388025,2,1,2,3,20,1620.0,25.68026359577562,53.73280756743689,1777.8071923760695,15.842434008669459,57.8577303729175,2.0
25.68026359577562,53.73280756743689,1777.8071923760695,15.842434008669459,57.8577303729175,2,1,2,0,21,1680.0,25.610061544002058,53.7740567954917,1480.8158157465373,15.822755825331186,57.091639164876774,1.0
25.610061544002058,53.7740567954917,1480.8158157465373,15.822755825331186,57.091639164876774,1,0,2,3,21,1740.0,25.6122353004781,53.807232619185555,0.0,15.873908392542974,57.13226270299668,1.0
25.6122353004781,53.807232619185555,0.0,15.873908392542974,57.13226270299668,1,0,3,5,19,1800.0,25.61441068958117,53.84048292002367,0.0,15.651785042465463,57.10013013878187,1.0
25.61441068958117,53.84048292002367,0.0,15.651785042465463,57.10013013878187,1,0,2,6,26,1860.0,25.6165786020596,53.87307939221125,0.0,15.608121781289947,57.39730353950222,0.0
25.6165786020596,53.87307939221125,0.0,15.608121781289947,57.39730353950222,0,0,3,3,22,1920.0,25.617078320165575,53.90832163368416,0.0,15.597259184367227,56.98346990776884,0.0
25.617078320165575,53.90832163368416,0.0,15.597259184367227,56.98346990776884,0,1,2,5,30,1980.0,25.69072642456722,53.93907311642501,1828.7191259875817,15.646988502580548,56.402026552707476,0.0
25.69072642456722,53.93907311642501,1828.7191259875817,15.646988502580548,56.402026552707476,0,0,1,3,27,2040.0,25.691224966636486,53.96370265078783,0.0,15.702521317300938,56.55477429574388,0.0
25.691224966636486,53.96370265078783,0.0,15.702521317300938,56.55477429574388,0,0,2,0,25,2100.0,25.69172534318151,53.98961336723739,0.0,15.796971302663355,56.769001636524045,0.0
25.69172534318151,53.98961336723739,0.0,15.796971302663355,56.769001636524045,0,1,2,1,19,2160.0,25.608149916549138,54.01740724993026,1681.5786966204353,15.65296149492937,56.53177617476509,0.0
25.608149916549138,54.01740724993026,1681.5786966204353,15.65296149492937,56.53177617476509,0,1,2,3,22,2220.0,25.527203293056324,54.042550939178604,1628.9623442418904,15.70045348230875,57.32246415935081,0.0
25.527203293056324,54.042550939178604,1628.9623442418904,15.70045348230875,57.32246415935081,0,1,3,4,22,2280.0,25.450069297195547,54.07535007138033,1552.7954173417172,15.74678151648779,57.71257114545093,0.0
25.450069297195547,54.07535007138033,1552.7954173417172,15.74678151648779,57.71257114545093,0,0,2,6,24,2340.0,25.450579187602855,54.111722282121036,0.0,15.723009625511112,57.640296603152336,0.0
25.450579187602855,54.111722282121036,0.0,15.723009625511112,57.640296603152336,0,1,2,3,24,2400.0,25.37708377042022,54.14700802533135,1480.089963944597,15.72223077450129,57.53033690434105,0.0
25.37708377042022,54.14700802533135,1480.089963944597,15.72223077450129,57.53033690434105,0,0,2,1,29,2460.0,25.377595275320356,54.18084131412145,0.0,15.843105215857998,57.57748624998496,0.0
25.377595275320356,54.18084131412145,0.0,15.843105215857998,57.57748624998496,0,0,3,0,22,2520.0,25.378110792318374,54.21480776348009,0.0,15.909062611598664,58.50893402654188,0.0
25.378110792318374,54.21480776348009,0.0,15.909062611598664,58.50893402654188,0,0,3,4,23,2580.0,25.37862849071235,54.25774902611071,0.0,15.886351394896696,58.45789824413639,1.0
25.37862849071235,54.25774902611071,0.0,15.886351394896696,58.45789824413639,1,1,3,1,24,2640.0,25.319081291708894,54.29975051829096,1234.6157953386385,15.724564110321246,58.474168294780014,1.0
25.319081291708894,54.29975051829096,1234.6157953386385,15.724564110321246,58.474168294780014,1,0,1,3,28,2700.0,25.321261474469516,54.341494696055854,0.0,15.728715934250673,58.22616858066548,1.0
25.321261474469516,54.341494696055854,0.0,15.728715934250673,58.22616858066548,1,0,1,1,23,2760.0,25.323441722951507,54.38034143490195,0.0,15.843064550136642,57.64473582167532,1.0
25.323441722951507,54.38034143490195,0.0,15.843064550136642,57.64473582167532,1,0,2,3,29,2820.0,25.32562571037908,54.41298537876968,0.0,15.768029081661687,58.082270792343664,1.0
25.32562571037908,54.41298537876968,0.0,15.768029081661687,58.082270792343664,1,1,3,3,22,2880.0,25.254039832515716,54.44967823290542,1475.3458261814767,15.778606499486916,58.49279599244508,0.0
25.254039832515716,54.44967823290542,1475.3458261814767,15.778606499486916,58.49279599244508,0,0,1,2,23,2940.0,25.25455731807128,54.490109410500814,0.0,15.75752049785925,58.16641398251468,1.0
25.25455731807128,54.490109410500814,0.0,15.75752049785925,58.16641398251468,1,0,2,0,21,3000.0,25.256740750177276,54.52687245622095,0.0,15.82237885489764,58.129835416830666,1.0
25.256740750177276,54.52687245622095,0.0,15.82237885489764,58.129835416830666,1,0,2,6,23,3060.0,25.258926271447432,54.56290208582705,0.0,15.924627264287224,57.828179379131036,2.0
25.258926271447432,54.56290208582705,0.0,15.924627264287224,57.828179379131036,2,1,1,5,24,3120.0,25.196347650215586,54.5003234645952,1328.6828919654645,16.06693366346838,57.62351548336038,2.0
25.196347650215586,54.5003234645952,1328.6828919654645,16.06693366346838,57.62351548336038,2,0,3,1,19,3180.0,25.200210003082695,54.53155538478285,0.0,16.000511376356368,58.12826798745227,3.0
25.200210003082695,54.53155538478285,0.0,16.000511376356368,58.12826798745227,3,1,2,0,24,3240.0,25.14213604978589,54.56752251080954,1272.0126001849617,16.04806628544382,58.36414500064149,2.0
25.14213604978589,54.56752251080954,1272.0126001849617,16.04806628544382,58.36414500064149,2,1,3,5,20,3300.0,25.059573488122606,54.60548873570786,1728.5218534227797,16.0646465491689,59.07970898588975,2.0
25.059573488122606,54.60548873570786,1728.5218534227797,16.0646465491689,59.07970898588975,2,1,3,1,23,3360.0,24.999743305444355,54.650230938209674,1273.9403689390804,16.036910835743715,57.91147731376861,2.0
24.999743305444355,54.650230938209674,1273.9403689390804,16.036910835743715,57.91147731376861,2,1,1,0,30,3420.0,25.05361172441781,54.704099357183125,1250.0128347277823,15.916150981245197,58.121743575115744,2.0
25.05361172441781,54.704099357183125,1250.0128347277823,15.916150981245197,58.121743575115744,2,1,2,5,22,3480.0,24.971022765093135,54.73827579936245,1729.0208793313357,15.877462351131376,57.586755097803795,2.0
24.971022765093135,54.73827579936245,1729.0208793313357,15.877462351131376,57.586755097803795,2,0,2,3,30,3540.0,24.974886313079338,54.76676059234686,0.0,15.916296279753277,57.76745458343676,2.0
24.974886313079338,54.76676059234686,0.0,15.916296279753277,57.76745458343676,2,0,2,0,27,3600.0,24.978751026744895,54.79676753225776,0.0,15.825222292594335,58.11518790400606,2.0
24.978751026744895,54.79676753225776,0.0,15.825222292594335,58.11518790400606,2,0,1,0,29,3660.0,24.98261257578709,54.82995173597524,0.0,15.798476079872893,58.112732000998285,1.0
24.98261257578709,54.82995173597524,0.0,15.798476079872893,58.112732000998285,1,1,2,0,22,3720.0,24.91585860017653,54.862779538625475,1378.9567545472255,15.893670511518527,58.78830475475986,2.0
24.91585860017653,54.862779538625475,1378.9567545472255,15.893670511518527,58.78830475475986,2,1,3,0,20,3780.0,24.851205916089757,54.90203479078682,1370.3722230097094,16.086863650960723,58.28644185583827,2.0
24.851205916089757,54.90203479078682,1370.3722230097094,16.086863650960723,58.28644185583827,2,1,2,6,19,3840.0,24.754260734941504,54.93587886143734,2016.3940614550013,16.08187414013327,58.195180855729014,2.0
24.754260734941504,54.93587886143734,2016.3940614550013,16.08187414013327,58.195180855729014,2,0,2,4,18,3900.0,24.75813832205501,54.96847188138025,0.0,15.988985894292252,57.86068363950916,2.0
24.75813832205501,54.96847188138025,0.0,15.988985894292252,57.86068363950916,2,1,3,3,29,3960.0,24.823344593685952,54.99739399896154,1533.2977511300205,16.103238176242666,58.12744363608036,2.0
24.823344593685952,54.99739399896154,1533.2977511300205,16.103238176242666,58.12744363608036,2,1,3,2,18,4020.0,24.746079972742805,55.02869449533273,1622.8123479180001,16.128457391312477,57.69819783595763,2.0
24.746079972742805,55.02869449533273,1622.8123479180001,16.128457391312477,57.69819783595763,2,1,1,1,26,4080.0,24.794592617380665,55.07720713997059,1115.8308014310028,16.09504406742814,57.774482460328095,2.0
24.794592617380665,55.07720713997059,1115.8308014310028,16.09504406742814,57.774482460328095,2,0,3,5,18,4140.0,24.798469299095668,55.10417989317416,0.0,16.064555529668457,58.12922639716376,2.0
24.798469299095668,55.10417989317416,0.0,16.064555529668457,58.12922639716376,2,1,2,3,20,4200.0,24.716790116221475,55.13443035821406,1711.0943816376011,15.956173545987332,57.799529872154665,3.0
24.716790116221475,55.13443035821406,1711.0943816376011,15.956173545987332,57.799529872154665,3,1,3,4,19,4260.0,24.637466021618938,55.16108135335347,1697.3081476706172,15.947341482292853,58.54973044956309,3.0
24.637466021618938,55.16108135335347,1697.3081476706172,15.947341482292853,58.54973044956309,3,0,3,5,26,4320.0,24.643009684134295,55.19496784431556,0.0,15.952507419657273,58.92567771470487,3.0
24.643009684134295,55.19496784431556,0.0,15.952507419657273,58.92567771470487,3,1,2,2,29,4380.0,24.7128557884927,55.232274943019455,1607.5613608471365,15.977434885712979,59.85569860513449,3.0
24.7128557884927,55.232274943019455,1607.5613608471365,15.977434885712979,59.85569860513449,3,0,1,2,20,4440.0,24.718397941129275,55.27850917964061,0.0,15.82017388011511,60.848008675535944,3.0
24.718397941129275,55.27850917964061,0.0,15.82017388011511,60.848008675535944,3,0,2,5,24,4500.0,24.72393466699391,55.33420417459956,0.0,15.73259115071249,62.04105675121979,3.0
24.72393466699391,55.33420417459956,0.0,15.73259115071249,62.04105675121979,3,0,1,3,25,4560.0,24.7294682888767,55.401272700365766,0.0,15.695971986847628,62.82236466355518,3.0
24.7294682888767,55.401272700365766,0.0,15.695971986847628,62.82236466355518,3,1,1,3,23,4620.0,24.67252828433611,55.34433269582517,1249.4444266104103,15.544791512379788,62.26631371658117,4.0
24.67252828433611,55.34433269582517,1249.4444266104103,15.544791512379788,62.26631371658117,4,1,1,4,24,4680.0,24.617706441590702,55.28951085307976,1240.3516970601665,15.491627695367091,62.47501335534944,3.0
24.617706441590702,55.28951085307976,1240.3516970601665,15.491627695367091,62.47501335534944,3,0,2,3,21,4740.0,24.623235572299162,55.36136587810246,0.0,15.450189718796336,61.620129451684605,3.0
24.623235572299162,55.36136587810246,0.0,15.450189718796336,61.620129451684605,3,0,1,2,26,4800.0,24.628763137437378,55.423953513838285,0.0,15.515785281018216,61.65162834447388,3.0
20.76878213282125,49.254165922032584,0.0,29.13864059604647,67.42290809951567,1,1,3,1,24,60.0,20.82522524137654,49.435853343807416,1341.6028318295728,29.188158640131334,67.119767475091,1.0
20.82522524137654,49.435853343807416,1341.6028318295728,29.188158640131334,67.119767475091,1,1,1,1,20,120.0,20.77333778956455,49.38396589199543,1093.3243251722683,29.16434168589374,66.4265779389831,1.0
20.77333778956455,49.38396589199543,1093.3243251722683,29.16434168589374,66.4265779389831,1,0,2,6,29,180.0,20.77611748969443,49.55439201246531,0.0,29.055572759863946,67.21971820913157,1.0
20.77611748969443,49.55439201246531,0.0,29.055572759863946,67.21971820913157,1,1,1,2,19,240.0,20.719009148440108,49.49728367121099,1197.6864619331934,29.10572660067601,66.96174107867178,1.0
20.719009148440108,49.49728367121099,1197.6864619331934,29.10572660067601,66.96174107867178,1,1,3,6,19,300.0,20.644143247982843,49.67192824528559,1552.9091541134676,29.11300338141144,66.86263599447014,0.0
20.644143247982843,49.67192824528559,1552.9091541134676,29.11300338141144,66.86263599447014,0,1,2,4,23,360.0,20.70964374409977,49.84383532277744,1609.6216861452353,29.153484314012537,66.20892111415343,0.0
20.70964374409977,49.84383532277744,1609.6216861452353,29.153484314012537,66.20892111415343,0,0,2,5,21,420.0,20.71075853878543,50.007486180691195,0.0,29.233085311013124,66.68976514011811,0.0
20.71075853878543,50.007486180691195,0.0,29.233085311013124,66.68976514011811,0,1,2,6,26,480.0,20.790778383036827,50.174308970285466,1972.5608339747366,29.188091848147725,66.43476018078384,0.0
20.790778383036827,50.174308970285466,1972.5608339747366,29.188091848147725,66.43476018078384,0,1,2,1,18,540.0,20.72010067491243,50.33691348239045,1435.81903813132,29.402942861061394,66.99352142437483,0.0
20.72010067491243,50.33691348239045,1435.81903813132,29.402942861061394,66.99352142437483,0,0,3,3,27,600.0,20.721223436318635,50.503479561810295,0.0,29.35831952438295,66.70294666883888,0.0
20.721223436318635,50.503479561810295,0.0,29.35831952438295,66.70294666883888,0,1,1,6,20,660.0,20.65500069668687,50.437256822178526,1346.8795233607113,29.30542312566811,67.16432377801628,0.0
20.65500069668687,50.437256822178526,1346.8795233607113,29.30542312566811,67.16432377801628,0,0,1,5,20,720.0,20.656122377434503,50.6045274917369,0.0,29.246841795143858,67.074557903906,0.0
20.656122377434503,50.6045274917369,0.0,29.246841795143858,67.074557903906,0,1,3,3,19,780.0,20.588754581063125,50.76922779585859,1369.7497403727323,29.156103809585083,66.70589387839611,0.0
20.588754581063125,50.76922779585859,1369.7497403727323,29.156103809585083,66.70589387839611,0,0,3,0,24,840.0,20.589873492704076,50.92859445668397,0.0,29.044109282527362,66.84148598091805,0.0
20.589873492704076,50.92859445668397,0.0,29.044109282527362,66.84148598091805,0,0,3,0,19,900.0,20.59098863389707,51.08772337192631,0.0,29.124258701290316,66.65634819472683,0.0
20.59098863389707,51.08772337192631,0.0,29.124258701290316,66.65634819472683,0,1,3,5,30,960.0,20.672981190822764,51.24340962015432,2021.8695314195766,29.285688487109297,67.25389063954383,0.0
20.672981190822764,51.24340962015432,2021.8695314195766,29.285688487109297,67.25389063954383,0,0,2,5,27,1020.0,20.674101614399305,51.40351443034821,0.0,29.204682923805944,67.14739818381808,0.0
20.674101614399305,51.40351443034821,0.0,29.204682923805944,67.14739818381808,0,1,3,2,27,1080.0,20.738927974536107,51.56095326788291,1592.7168523288422,29.098677043259993,66.93009981906361,0.0
20.738927974536107,51.56095326788291,1592.7168523288422,29.098677043259993,66.93009981906361,0,1,3,0,28,1140.0,20.800014324627753,51.714644733394714,1499.358961400514,29.103936707180026,66.52976607190364,0.0
20.800014324627753,51.714644733394714,1499.358961400514,29.103936707180026,66.52976607190364,0,0,2,0,18,1200.0,20.801124455373838,51.862795946779805,0.0,29.08226019814691,66.50833824467037,1.0
20.801124455373838,51.862795946779805,0.0,29.08226019814691,66.50833824467037,1,1,3,1,25,1260.0,20.859799895740018,52.00925136975871,1397.485062702161,29.142173408284396,65.7958322529592,2.0
20.859799895740018,52.00925136975871,1397.485062702161,29.142173408284396,65.7958322529592,2,1,3,5,27,1320.0,20.936128191810486,52.14711717859071,1797.1387571678738,29.132994423603115,66.05290570677636,2.0
20.936128191810486,52.14711717859071,1797.1387571678738,29.132994423603115,66.05290570677636,2,1,2,3,28,1380.0,21.01526437354215,52.28617506387257,1867.4071547650763,29.18000009641935,66.26596293286464,2.0
21.01526437354215,52.28617506387257,1867.4071547650763,29.18000009641935,66.26596293286464,2,0,3,4,21,1440.0,21.019703198066246,52.42597294256249,0.0,29.150620477413725,65.83057572812277,2.0
21.019703198066246,52.42597294256249,0.0,29.150620477413725,65.83057572812277,2,0,1,3,27,1500.0,21.02414089530889,52.56001897041809,0.0,29.33597477861291,66.81190777707734,2.0
21.02414089530889,52.56001897041809,0.0,29.33597477861291,66.81190777707734,2,1,3,4,25,1560.0,21.091880891141383,52.70253785848468,1582.4067009096134,29.48704407184673,66.88570656149392,2.0
21.091880891141383,52.70253785848468,1582.4067009096134,29.48704407184673,66.88570656149392,2,1,2,6,28,1620.0,21.18028072820038,52.84436954551477,2098.833290490972,29.343043018214725,67.07405398583211,2.0
21.18028072820038,52.84436954551477,2098.833290490972,29.343043018214725,67.07405398583211,2,1,2,4,19,1680.0,21.10487047632186,52.98666638991795,1596.9802124304272,29.27444829282425,67.21129543964632,1.0
21.10487047632186,52.98666638991795,1596.9802124304272,29.27444829282425,67.21129543964632,1,1,2,3,24,1740.0,21.170833353067763,53.12891268041523,1579.7639371337918,29.272894476950597,68.09287149697131,1.0
21.170833353067763,53.12891268041523,1579.7639371337918,29.272894476950597,68.09287149697131,1,0,3,6,20,1800.0,21.173603421771894,53.278552268580796,0.0,29.336796524497494,67.34307344869163,1.0
21.173603421771894,53.278552268580796,0.0,29.336796524497494,67.34307344869163,1,1,2,3,21,1860.0,21.106776596403538,53.419197480381904,1391.9786361022607,29.258668302816535,67.73799435596707,1.0
21.106776596403538,53.419197480381904,1391.9786361022607,29.258668302816535,67.73799435596707,1,0,1,5,30,1920.0,21.109548326127086,53.56238544913776,0.0,29.181361596545592,67.84514632594488,1.0
21.109548326127086,53.56238544913776,0.0,29.181361596545592,67.84514632594488,1,1,1,2,21,1980.0,21.057016128672583,53.50985325168325,1106.0251579369897,29.17962984831774,68.02307213052036,0.0
21.057016128672583,53.50985325168325,1106.0251579369897,29.17962984831774,68.02307213052036,0,1,3,0,30,2040.0,21.12179478031349,53.65498544047163,1591.864112923008,29.366458073319507,68.06402146368966,0.0
21.12179478031349,53.65498544047163,1591.864112923008,29.366458073319507,68.06402146368966,0,1,2,5,24,2100.0,21.19153755141565,53.799075800703804,1715.8653914764882,29.313464691577625,68.57518307574911,0.0
21.19153755141565,53.799075800703804,1715.8653914764882,29.313464691577625,68.57518307574911,0,0,1,2,30,2160.0,21.192641615653656,53.94683687345426,0.0,29.177682290914294,68.88625356259944,0.0
21.192641615653656,53.94683687345426,0.0,29.177682290914294,68.88625356259944,0,1,3,4,30,2220.0,21.269792543144174,54.096231040345714,1901.2856533668585,29.221876729295133,68.66333882211167,0.0
21.269792543144174,54.096231040345714,1901.2856533668585,29.221876729295133,68.66333882211167,0,1,2,0,19,2280.0,21.204081568320948,54.241902118163374,1336.1875525886505,29.2727929973028,68.28304938546711,0.0
21.204081568320948,54.241902118163374,1336.1875525886505,29.2727929973028,68.28304938546711,0,0,3,0,20,2340.0,21.205183858701915,54.38231359083641,0.0,29.26090143215514,67.62372143085817,1.0
21.205183858701915,54.38231359083641,0.0,29.26090143215514,67.62372143085817,1,1,1,0,28,2400.0,21.261542014903625,54.43867174703812,1339.7408070649042,29.33715249342441,68.40469179945156,1.0
21.261542014903625,54.43867174703812,1339.7408070649042,29.33715249342441,68.40469179945156,1,1,1,1,20,2460.0,21.208499654130453,54.38562938626495,1116.2309557824403,29.434177344891225,68.88022697532101,1.0
21.208499654130453,54.38562938626495,1116.2309557824403,29.434177344891225,68.88022697532101,1,1,3,1,28,2520.0,21.27316220918577,54.53057536215551,1547.2091449739662,29.269239086566635,69.31415657441786,2.0
21.27316220918577,54.53057536215551,1547.2091449739662,29.269239086566635,69.31415657441786,2,1,1,5,27,2580.0,21.341912506225384,54.599325659195124,1607.9273619258893,29.331213605502775,69.35640487154619,2.0
21.341912506225384,54.599325659195124,1607.9273619258893,29.331213605502775,69.35640487154619,2,1,3,3,20,2640.0,21.278851684627757,54.746896451318634,1349.8759660187554,29.235276018301604,69.06683398588815,2.0
21.278851684627757,54.746896451318634,1349.8759660187554,29.235276018301604,69.06683398588815,2,1,1,1,29,2700.0,21.34149797690116,54.80954274359203,1455.3602865570426,29.17021244894494,69.85110583083214,2.0
21.34149797690116,54.80954274359203,1455.3602865570426,29.17021244894494,69.85110583083214,2,0,3,6,18,2760.0,21.345925600716892,54.959958374464435,0.0,29.23736010339116,69.93496046822837,2.0
21.345925600716892,54.959958374464435,0.0,29.23736010339116,69.93496046822837,2,1,3,5,21,2820.0,21.28041619594785,55.10970839540207,1398.7823850492864,29.078583623886008,69.94040335351244,2.0
21.28041619594785,55.10970839540207,1398.7823850492864,29.078583623886008,69.94040335351244,2,1,3,4,27,2880.0,21.35274250277148,55.25801534498318,1697.4925310674419,29.029290325641337,69.62440305121028,1.0
21.35274250277148,55.25801534498318,1697.4925310674419,29.029290325641337,69.62440305121028,1,0,1,2,28,2940.0,21.35549838769891,55.40167922204545,0.0,28.918484869911747,68.97695310595525,1.0
21.35549838769891,55.40167922204545,0.0,28.918484869911747,68.97695310595525,1,0,1,6,23,3000.0,21.358250487248316,55.53743196088455,0.0,28.757952341776374,69.2805286263449,1.0
21.358250487248316,55.53743196088455,0.0,28.757952341776374,69.2805286263449,1,1,3,6,25,3060.0,21.42861254758327,55.67486292753915,1690.3850901617452,28.76310980087164,69.53724483209457,1.0
21.42861254758327,55.67486292753915,1690.3850901617452,28.76310980087164,69.53724483209457,1,1,3,3,27,3120.0,21.49605264107966,55.81348674658471,1617.3902563653583,28.79165575013978,70.03780081696266,1.0
21.49605264107966,55.81348674658471,1617.3902563653583,28.79165575013978,70.03780081696266,1,0,2,4,20,3180.0,21.498795827849964,55.955729887288484,0.0,28.990905291008776,69.90682300133335,1.0
21.498795827849964,55.955729887288484,0.0,28.990905291008776,69.90682300133335,1,0,2,6,19,3240.0,21.50154556483207,56.095240818428934,0.0,29.014333805618993,70.03061724271863,1.0
21.50154556483207,56.095240818428934,0.0,29.014333805618993,70.03061724271863,1,0,2,5,18,3300.0,21.504295991106765,56.23459458267183,0.0,29.08232779290247,69.60187906944714,1.0
21.504295991106765,56.23459458267183,0.0,29.08232779290247,69.60187906944714,1,1,1,3,23,3360.0,21.55648871138728,56.28678730295235,1236.0029805113609,29.215983310077693,69.86794335523476,1.0
21.55648871138728,56.28678730295235,1236.0029805113609,29.215983310077693,69.86794335523476,1,1,2,3,18,3420.0,21.47797414181962,56.42259886347517,1625.3977210857224,29.378270908524815,70.21605519651618,1.0
21.47797414181962,56.42259886347517,1625.3977210857224,29.378270908524815,70.21605519651618,1,0,3,3,18,3480.0,21.480737485045175,56.560533426805584,0.0,29.377696548973223,70.25160712517486,1.0
21.480737485045175,56.560533426805584,0.0,29.377696548973223,70.25160712517486,1,1,1,6,22,3540.0,21.536850799552855,56.61664674131326,1333.7520634720636,29.438102349584014,70.28284947105078,1.0
21.536850799552855,56.61664674131326,1333.7520634720636,29.438102349584014,70.28284947105078,1,0,1,6,22,3600.0,21.539614174604523,56.75330876861064,0.0,29.394623756702398,69.78333981360771,1.0
21.539614174604523,56.75330876861064,0.0,29.394623756702398,69.78333981360771,1,1,1,3,28,3660.0,21.60323489565567,56.81692948966179,1521.47218496024,29.253995185621,69.96909853013773,2.0
21.60323489565567,56.81692948966179,1521.47218496024,29.253995185621,69.96909853013773,2,1,1,4,24,3720.0,21.661408823915764,56.87510341792188,1343.8059062606596,29.271794678338804,70.2766869799208,2.0
21.661408823915764,56.87510341792188,1343.8059062606596,29.271794678338804,70.2766869799208,2,1,2,6,25,3780.0,21.738645574580293,57.00911925354187,1820.4101117345706,29.188874132413794,69.95346729831103,1.0
21.738645574580293,57.00911925354187,1820.4101117345706,29.188874132413794,69.95346729831103,1,1,2,1,19,3840.0,21.669767181972293,57.13856273398956,1432.5346711985583,29.155188297484845,69.7574933447139,1.0
21.669767181972293,57.13856273398956,1432.5346711985583,29.155188297484845,69.7574933447139,1,1,2,0,28,3900.0,21.735709254772743,57.2647520400968,1579.8139690816624,29.073075101436036,70.4351114330998,1.0
21.735709254772743,57.2647520400968,1579.8139690816624,29.073075101436036,70.4351114330998,1,0,3,1,27,3960.0,21.7384538336343,57.39645563402683,0.0,28.99914710676327,70.39865350342924,1.0
21.7384538336343,57.39645563402683,0.0,28.99914710676327,70.39865350342924,1,0,1,4,24,4020.0,21.741195856743403,57.52647761272085,0.0,28.93175967717494,71.34033229900042,1.0
21.741195856743403,57.52647761272085,0.0,28.93175967717494,71.34033229900042,1,1,2,5,28,4080.0,21.822711954633853,57.66461615958365,1969.4103107442447,28.83976057605706,71.46763203579583,1.0
21.822711954633853,57.66461615958365,1969.4103107442447,28.83976057605706,71.46763203579583,1,1,2,2,23,4140.0,21.881353896694332,57.80264631834577,1397.7010109941657,28.75687049413991,70.81644416147327,1.0
21.881353896694332,57.80264631834577,1397.7010109941657,28.75687049413991,70.81644416147327,1,0,3,0,30,4200.0,21.884083080580915,57.932784296777044,0.0,28.76233878549686,69.77328209468158,0.0
21.884083080580915,57.932784296777044,0.0,28.76233878549686,69.77328209468158,0,1,3,1,18,4260.0,21.816180399209234,58.05118927475609,1379.305797903548,28.914188703158132,70.73577040905352,0.0
21.816180399209234,58.05118927475609,1379.305797903548,28.914188703158132,70.73577040905352,0,0,3,2,28,4320.0,21.817250332819366,58.178035086099065,0.0,28.80817104603819,70.26121408169328,0.0
21.817250332819366,58.178035086099065,0.0,28.80817104603819,70.26121408169328,0,0,3,0,19,4380.0,21.81831669684314,58.29886687605501,0.0,28.81756176382928,70.10455055787949,0.0
21.81831669684314,58.29886687605501,0.0,28.81756176382928,70.10455055787949,0,0,2,3,29,4440.0,21.819383338345375,58.416923712873256,0.0,28.960812745811534,70.60898530926306,0.0
21.819383338345375,58.416923712873256,0.0,28.960812745811534,70.60898530926306,0,0,2,6,28,4500.0,21.820454719325625,58.53884432883716,0.0,28.890728447257906,70.87800449122552,0.0
21.820454719325625,58.53884432883716,0.0,28.890728447257906,70.87800449122552,0,0,3,4,26,4560.0,21.82152372844989,58.662235930461044,0.0,28.881938031077436,70.96913371301655,0.0
21.82152372844989,58.662235930461044,0.0,28.881938031077436,70.96913371301655,0,1,3,4,27,4620.0,21.889063586283537,58.7853049082866,1661.7794339223074,28.91048672539735,70.20462620080916,0.0
21.889063586283537,58.7853049082866,1661.7794339223074,28.91048672539735,70.20462620080916,0,0,1,5,21,4680.0,21.89013096705484,58.89949812121182,0.0,29.047547563546363,69.35271053322604,0.0
21.89013096705484,58.89949812121182,0.0,29.047547563546363,69.35271053322604,0,0,1,6,29,4740.0,21.89120288094139,59.00403024533196,0.0,29.0857159376739,69.03020696499375,0.0
21.89120288094139,59.00403024533196,0.0,29.0857159376739,69.03020696499375,0,1,1,0,27,4800.0,21.94249362561473,59.0553209900053,1255.4398559529304,29.110581788256127,69.68275519146573,1.0
21.94249362561473,59.0553209900053,1255.4398559529304,29.110581788256127,69.68275519146573,1,1,3,4,26,4860.0,22.008744378715196,59.16159533201991,1587.7954207094278,29.244715171243904,70.07211933328519,1.0
22.008744378715196,59.16159533201991,1587.7954207094278,29.244715171243904,70.07211933328519,1,0,3,0,19,4920.0,22.011485577741613,59.27070057203256,0.0,29.324980045470173,68.70999145069366,1.0
22.011485577741613,59.27070057203256,0.0,29.324980045470173,68.70999145069366,1,1,1,0,27,4980.0,22.064206389735055,59.323421384026005,1249.4257211129193,29.433123975096773,68.05203956546548,1.0
22.064206389735055,59.323421384026005,1249.4257211129193,29.433123975096773,68.05203956546548,1,1,3,1,27,5040.0,22.124553703560945,59.4107075658404,1440.0420809928005,29.311909442862778,67.71591042845735,1.0
22.124553703560945,59.4107075658404,1440.0420809928005,29.311909442862778,67.71591042845735,1,0,3,5,21,5100.0,22.12729328208559,59.49375959446657,0.0,29.426288891530014,67.54328150473462,1.0
22.12729328208559,59.49375959446657,0.0,29.426288891530014,67.54328150473462,1,1,1,6,19,5160.0,22.054872878772457,59.421339191153436,1503.2740633355634,29.567395997764567,66.90247238368178,1.0
22.054872878772457,59.421339191153436,1503.2740633355634,29.567395997764567,66.90247238368178,1,1,3,3,28,5220.0,22.123264467826463,59.49615052307872,1641.0292904176422,29.551740297089612,67.32308613704775,2.0
22.123264467826463,59.49615052307872,1641.0292904176422,29.551740297089612,67.32308613704775,2,1,2,0,29,5280.0,22.19218291563132,59.57441987921841,1612.6041319304124,29.500951589653585,68.00360893587771,3.0
22.19218291563132,59.57441987921841,1612.6041319304124,29.500951589653585,68.00360893587771,3,1,3,1,28,5340.0,22.257875932052013,59.658711769785,1490.4014366222912,29.58954602201362,68.15748421398082,3.0
22.257875932052013,59.658711769785,1490.4014366222912,29.58954602201362,68.15748421398082,3,0,3,5,19,5400.0,22.263953654388345,59.74369949422696,0.0,29.619999761865216,67.78018742946412,2.0
22.263953654388345,59.74369949422696,0.0,29.619999761865216,67.78018742946412,2,0,3,1,29,5460.0,22.268365522591928,59.82406437357933,0.0,29.622646370826782,67.72642252556008,2.0
22.268365522591928,59.82406437357933,0.0,29.622646370826782,67.72642252556008,2,1,2,0,23,5520.0,22.322533254699316,59.90308795509914,1243.8980686444843,29.718584094159205,66.9109889484766,1.0
22.322533254699316,59.90308795509914,1243.8980686444843,29.718584094159205,66.9109889484766,1,1,2,1,21,5580.0,22.258113809974994,59.97316696503292,1343.3195950460567,29.695635538112352,67.03379089163614,2.0
22.258113809974994,59.97316696503292,1343.3195950460567,29.695635538112352,67.03379089163614,2,0,1,3,26,5640.0,22.262528394032596,60.04377320429895,0.0,29.794867754779407,67.54467438613102,2.0
22.262528394032596,60.04377320429895,0.0,29.794867754779407,67.54467438613102,2,0,2,1,27,5700.0,22.266946138677955,60.118782216117275,0.0,29.788980769255176,67.40559009935409,2.0
22.266946138677955,60.118782216117275,0.0,29.788980769255176,67.40559009935409,2,0,2,5,25,5760.0,22.271363539832308,60.191650294949646,0.0,29.803432363101443,67.58784566712275,2.0
22.271363539832308,60.191650294949646,0.0,29.803432363101443,67.58784566712275,2,0,3,2,30,5820.0,22.27578127545975,60.265612248671374,0.0,29.846367330150645,67.77126310153882,2.0
22.27578127545975,60.265612248671374,0.0,29.846367330150645,67.77126310153882,2,1,1,5,23,5880.0,22.332010841806255,60.321841815017876,1295.2636702837656,29.96254156020122,67.89725250699185,2.0
22.332010841806255,60.321841815017876,1295.2636702837656,29.96254156020122,67.89725250699185,2,1,3,1,22,5940.0,22.277723178191152,60.397595921937615,1174.1736261143112,29.813642809937427,67.886886742984,2.0
22.277723178191152,60.397595921937615,1174.1736261143112,29.813642809937427,67.886886742984,2,0,1,2,27,6000.0,22.28214104217888,60.47248883014808,0.0,29.64315130186453,67.46044268006882,2.0
22.28214104217888,60.47248883014808,0.0,29.64315130186453,67.46044268006882,2,0,1,0,29,6060.0,22.2865530758542,60.54236836864729,0.0,29.55088726508311,67.5001995387542,2.0
22.2865530758542,60.54236836864729,0.0,29.55088726508311,67.5001995387542,2,0,3,5,19,6120.0,22.29096188699384,60.61194668034836,0.0,29.44363214339013,67.3243470654798,2.0
22.29096188699384,60.61194668034836,0.0,29.44363214339013,67.3243470654798,2,0,3,4,30,6180.0,22.295366976002388,60.67907068419967,0.0,29.437464933355443,67.25400173103759,2.0
22.295366976002388,60.67907068419967,0.0,29.437464933355443,67.25400173103759,2,1,1,4,30,6240.0,22.36626283185856,60.749966540055844,1662.2779814398566,29.486100253937913,66.75113211162908,2.0
22.36626283185856,60.749966540055844,1662.2779814398566,29.486100253937913,66.75113211162908,2,1,3,4,24,6300.0,22.42777989256319,60.80997819577158,1427.826653097335,29.418512210327123,66.49324007786913,2.0
22.42777989256319,60.80997819577158,1427.826653097335,29.418512210327123,66.49324007786913,2,1,3,4,21,6360.0,22.361467909994992,60.866810814592554,1414.2334729091706,29.398036707994784,66.22983949514774,2.0
22.361467909994992,60.866810814592554,1414.2334729091706,29.398036707994784,66.22983949514774,2,1,1,3,27,6420.0,22.422537752761937,60.927880657359495,1416.715595175288,29.36364813302004,66.53195432208685,2.0
22.422537752761937,60.927880657359495,1416.715595175288,29.36364813302004,66.53195432208685,2,1,3,3,18,6480.0,22.3496995141315,60.98392139400677,1544.7255128621923,29.173910399967756,66.77874856502395,2.0
22.3496995141315,60.98392139400677,1544.7255128621923,29.173910399967756,66.77874856502395,2,1,1,5,21,6540.0,22.287375843512702,60.921597723387976,1334.3562196332186,29.26437614815874,66.54408447436516,2.0
22.287375843512702,60.921597723387976,1334.3562196332186,29.26437614815874,66.54408447436516,2,0,3,5,29,6600.0,22.29177507685619,60.977822590897745,0.0,29.32441945583184,65.8916915986359,2.0
22.29177507685619,60.977822590897745,0.0,29.32441945583184,65.8916915986359,2,1,3,6,19,6660.0,22.212908069102394,61.02696128097513,1665.3619179952175,29.262430254966006,66.00487904689398,1.0
22.212908069102394,61.02696128097513,1665.3619179952175,29.262430254966006,66.00487904689398,1,1,3,5,19,6720.0,22.135848681687715,61.07674045863432,1595.8874297507896,29.238224571094918,65.59223892208642,1.0
22.135848681687715,61.07674045863432,1595.8874297507896,29.238224571094918,65.59223892208642,1,0,2,6,22,6780.0,22.138585427550694,61.12189544326884,0.0,29.185682167167005,66.19857682854696,1.0
22.138585427550694,61.12189544326884,0.0,29.185682167167005,66.19857682854696,1,0,2,5,30,6840.0,22.141320330775347,61.17266225712162,0.0,29.31080986966315,66.18558702685596,2.0
22.141320330775347,61.17266225712162,0.0,29.31080986966315,66.18558702685596,2,0,3,5,19,6900.0,22.145725980426644,61.222791504818964,0.0,29.390326447416804,66.85246268457449,2.0
22.145725980426644,61.222791504818964,0.0,29.390326447416804,66.85246268457449,2,1,1,2,27,6960.0,22.204813536618605,61.281879061010926,1366.9850710765345,29.36530710894941,66.29651938633755,2.0
22.204813536618605,61.281879061010926,1366.9850710765345,29.36530710894941,66.29651938633755,2,1,3,5,27,7020.0,22.277405649178647,61.33202546426419,1704.669069357471,29.27038576087374,66.4091819761078,2.0
22.277405649178647,61.33202546426419,1704.669069357471,29.27038576087374,66.4091819761078,2,0,2,5,27,7080.0,22.28180541518237,61.38279702938263,0.0,29.269328198374026,66.16819526064563,3.0
22.28180541518237,61.38279702938263,0.0,29.269328198374026,66.16819526064563,3,1,3,5,24,7140.0,22.34759670105006,61.43065101169526,1493.1258777062121,29.354768820782407,66.77019543682256,3.0
22.34759670105006,61.43065101169526,1493.1258777062121,29.354768820782407,66.77019543682256,3,0,1,3,30,7200.0,22.353663606787382,61.48404645594653,0.0,29.449335565570898,67.31487958130175,3.0
22.353663606787382,61.48404645594653,0.0,29.449335565570898,67.31487958130175,3,1,3,6,26,7260.0,22.42736198460393,61.54235478720008,1690.7130521147021,29.364766483594405,67.69084008111571,4.0
22.42736198460393,61.54235478720008,1690.7130521147021,29.364766483594405,67.69084008111571,4,1,3,5,24,7320.0,22.4944179859629,61.60383964013924,1483.11886355848,29.367973916350124,67.68434324177392,5.0
22.4944179859629,61.60383964013924,1483.11886355848,29.367973916350124,67.68434324177392,5,1,2,6,26,7380.0,22.577151187044375,61.66464467615559,1833.435397094894,29.48644946669123,67.71032910513166,5.0
22.577151187044375,61.66464467615559,1833.435397094894,29.48644946669123,67.71032910513166,5,0,2,6,29,7440.0,22.586548163653696,61.72510152044535,0.0,29.55397070973258,67.20777535471265,5.0
22.586548163653696,61.72510152044535,0.0,29.55397070973258,67.20777535471265,5,1,3,4,25,7500.0,22.655118590586518,61.779928258788026,1479.2878211988561,29.57253766563703,67.18809504230758,6.0
22.655118590586518,61.779928258788026,1479.2878211988561,29.57253766563703,67.18809504230758,6,0,2,0,21,7560.0,22.666182504555685,61.834009926623224,0.0,29.462151246615814,67.11198956680478,6.0
22.666182504555685,61.834009926623224,0.0,29.462151246615814,67.11198956680478,6,1,1,3,27,7620.0,22.733210150419943,61.90103757248748,1399.1945059880481,29.509463634255678,67.05246278710617,6.0
22.733210150419943,61.90103757248748,1399.1945059880481,29.509463634255678,67.05246278710617,6,1,2,6,21,7680.0,22.659509839282766,61.952551824633666,1695.1903917327556,29.52719647056979,67.66773528971044,6.0
22.659509839282766,61.952551824633666,1695.1903917327556,29.52719647056979,67.66773528971044,6,0,2,2,18,7740.0,22.670572095503807,62.00970365928443,0.0,29.471361869740736,66.9719471738118,6.0
22.670572095503807,62.00970365928443,0.0,29.471361869740736,66.9719471738118,6,0,1,4,30,7800.0,22.681632121829615,62.05932609442971,0.0,29.49794492220392,67.94734002558482,6.0
22.681632121829615,62.05932609442971,0.0,29.49794492220392,67.94734002558482,6,1,3,6,18,7860.0,22.604455830754087,62.11820623374126,1764.7366967108176,29.39718693067774,67.2397828208244,6.0
22.604455830754087,62.11820623374126,1764.7366967108176,29.39718693067774,67.2397828208244,6,1,1,3,20,7920.0,22.550527777944,62.064278180931176,1299.75621026836,29.15516518353177,66.98070017591046,6.0
22.550527777944,62.064278180931176,1299.75621026836,29.15516518353177,66.98070017591046,6,0,1,4,18,7980.0,22.56158126585752,62.11344240088097,0.0,29.053495088256575,66.83167808881221,6.0
22.56158126585752,62.11344240088097,0.0,29.053495088256575,66.83167808881221,6,0,3,1,26,8040.0,22.572630996318267,62.16062475776028,0.0,29.131435925119874,67.25716374777808,5.0
22.572630996318267,62.16062475776028,0.0,29.131435925119874,67.25716374777808,5,0,2,3,23,8100.0,22.582016289815893,62.21159014766046,0.0,29.288049451121548,66.96451906328612,5.0
22.582016289815893,62.21159014766046,0.0,29.288049451121548,66.96451906328612,5,0,2,0,21,8160.0,22.59140649092127,62.25911943681672,0.0,29.25224395409796,66.29038626998107,4.0
22.59140649092127,62.25911943681672,0.0,29.25224395409796,66.29038626998107,4,0,2,2,27,8220.0,22.599128518836707,62.29943210514836,0.0,29.439630108975035,66.77463077037558,4.0
22.599128518836707,62.29943210514836,0.0,29.439630108975035,66.77463077037558,4,1,1,5,18,8280.0,22.529984258935013,62.230287845246664,1537.4455324272942,29.376628183600815,67.46012323428565,4.0
22.529984258935013,62.230287845246664,1537.4455324272942,29.376628183600815,67.46012323428565,4,1,1,5,26,8340.0,22.59638751975183,62.29669110606348,1466.8759838165618,29.288534382073347,67.07898455110376,4.0
22.59638751975183,62.29669110606348,1466.8759838165618,29.288534382073347,67.07898455110376,4,1,3,4,18,8400.0,22.522942512498727,62.34451404051388,1623.3615763036207,29.281330181837706,67.76601222826676,4.0
22.522942512498727,62.34451404051388,1623.3615763036207,29.281330181837706,67.76601222826676,4,0,2,5,21,8460.0,22.530667792087705,62.39872902239141,0.0,29.269105410682872,67.9687869181769,3.0
22.530667792087705,62.39872902239141,0.0,29.269105410682872,67.9687869181769,3,0,1,2,27,8520.0,22.536725740008325,62.45442960134926,0.0,29.373826848704073,67.8371107845787,3.0
22.536725740008325,62.45442960134926,0.0,29.373826848704073,67.8371107845787,3,1,1,2,29,8580.0,22.60100618008393,62.51871004142487,1455.480084299542,29.33163527467352,68.9389391810234,2.0
22.60100618008393,62.51871004142487,1455.480084299542,29.33163527467352,68.9389391810234,2,1,3,4,23,8640.0,22.65925054473833,62.582912332820854,1346.3335921144605,29.481310870915088,69.44183997013388,2.0
22.65925054473833,62.582912332820854,1346.3335921144605,29.481310870915088,69.44183997013388,2,1,3,1,21,8700.0,22.601103527467938,62.651501609193986,1250.8217189586387,29.341268594498246,69.23982498124978,2.0
22.601103527467938,62.651501609193986,1250.8217189586387,29.341268594498246,69.23982498124978,2,1,1,1,21,8760.0,22.548791969543903,62.59919005126995,1134.057935192067,29.482926976832715,69.39152116884867,2.0
22.548791969543903,62.59919005126995,1134.057935192067,29.482926976832715,69.39152116884867,2,0,3,1,30,8820.0,22.553189774044146,62.66711336244574,0.0,29.563669961862274,68.35321316274937,2.0
22.553189774044146,62.66711336244574,0.0,29.563669961862274,68.35321316274937,2,1,1,1,24,8880.0,22.602628424858246,62.71655201325984,1125.9575368626822,29.590601685646917,67.99699886778107,2.0
22.602628424858246,62.71655201325984,1125.9575368626822,29.590601685646917,67.99699886778107,2,0,2,4,20,8940.0,22.60702802396694,62.769356481805055,0.0,29.420007660675058,67.85413704484344,1.0
22.60702802396694,62.769356481805055,0.0,29.420007660675058,67.85413704484344,1,0,1,1,21,9000.0,22.609755123288164,62.82020428743544,0.0,29.425965573008074,68.02271173709732,1.0
22.609755123288164,62.82020428743544,0.0,29.425965573008074,68.02271173709732,1,1,2,2,29,9060.0,22.682152576777675,62.87222936193206,1741.7561618629811,29.420639317008707,68.23643943944579,2.0
22.682152576777675,62.87222936193206,1741.7561618629811,29.420639317008707,68.23643943944579,2,0,1,4,24,9120.0,22.686543859669015,62.92587146270719,0.0,29.498824352767006,68.96410390688689,2.0
22.686543859669015,62.92587146270719,0.0,29.498824352767006,68.96410390688689,2,1,2,1,24,9180.0,22.744647511825754,62.98625378714899,1342.7477368408522,29.583502252519573,68.60240030248046,2.0
22.744647511825754,62.98625378714899,1342.7477368408522,29.583502252519573,68.60240030248046,2,0,1,2,26,9240.0,22.749042140317112,63.042415252302305,0.0,29.61715983206888,67.82859500404064,2.0
22.749042140317112,63.042415252302305,0.0,29.61715983206888,67.82859500404064,2,0,2,5,28,9300.0,22.75343774424017,63.09027704981969,0.0,29.661156301242734,67.98657452796292,3.0
22.75343774424017,63.09027704981969,0.0,29.661156301242734,67.98657452796292,3,0,3,6,28,9360.0,22.759501334858736,63.13924002460112,0.0,29.811414576327817,67.42517152502181,3.0
22.759501334858736,63.13924002460112,0.0,29.811414576327817,67.42517152502181,3,0,1,6,18,9420.0,22.765569731966785,63.18209933960533,0.0,29.808454428216873,67.18598396414689,3.0
22.765569731966785,63.18209933960533,0.0,29.808454428216873,67.18598396414689,3,1,1,4,18,9480.0,22.697341118927426,63.11387072656597,1485.934183918007,29.810705163151972,67.30294246031231,3.0
22.697341118927426,63.11387072656597,1485.934183918007,29.810705163151972,67.30294246031231,3,1,1,1,19,9540.0,22.641206043958384,63.05773565159693,1244.1104087436897,29.854262561439516,66.92461231459478,3.0
22.641206043958384,63.05773565159693,1244.1104087436897,29.854262561439516,66.92461231459478,3,1,2,0,29,9600.0,22.710540918003467,63.09640441822691,1581.527637362497,29.820755734246745,66.2678606179599,3.0
22.710540918003467,63.09640441822691,1581.527637362497,29.820755734246745,66.2678606179599,3,1,3,5,22,9660.0,22.645418774091706,63.128118980224244,1423.8496881127382,29.99784395501279,66.3548886376314,3.0
22.645418774091706,63.128118980224244,1423.8496881127382,29.99784395501279,66.3548886376314,3,0,2,6,23,9720.0,22.651497188264404,63.16038667679832,0.0,29.964373808215154,65.94811735127864,3.0
22.651497188264404,63.16038667679832,0.0,29.964373808215154,65.94811735127864,3,1,3,5,29,9780.0,22.730032666884007,63.18826398354312,1811.4595683068223,29.93845448675902,66.14539424042482,3.0
22.730032666884007,63.18826398354312,1811.4595683068223,29.93845448675902,66.14539424042482,3,1,3,6,20,9840.0,22.65484641416056,63.21783528611194,1625.1973356822066,29.809887001479115,65.28544685702661,3.0
22.65484641416056,63.21783528611194,1625.1973356822066,29.809887001479115,65.28544685702661,3,1,3,3,25,9900.0,22.717451487418977,63.238511401821086,1413.3309643043444,29.99849986854432,65.5891219585629,3.0
22.717451487418977,63.238511401821086,1413.3309643043444,29.99849986854432,65.5891219585629,3,0,1,0,26,9960.0,22.723527522365014,63.26201750738851,0.0,29.994959576361243,65.29708624647321,3.0
22.723527522365014,63.26201750738851,0.0,29.994959576361243,65.29708624647321,3,1,2,6,28,10020.0,22.808465830897035,63.28236819477935,1971.564853255529,29.91857691954755,65.43490273041508,3.0
22.808465830897035,63.28236819477935,1971.564853255529,29.91857691954755,65.43490273041508,3,1,3,5,30,10080.0,22.889312886898356,63.30389354013571,1869.4179741258288,30.140947795023802,66.03044194796475,3.0
22.889312886898356,63.30389354013571,1869.4179741258288,30.140947795023802,66.03044194796475,3,0,3,2,26,10140.0,22.895387941395292,63.331159024214,0.0,30.070422664009268,66.31567073186721,3.0
22.895387941395292,63.331159024214,0.0,30.070422664009268,66.31567073186721,3,1,2,0,18,10200.0,22.826774278728525,63.361004141290536,1493.7232764837177,29.996941002064627,66.7244935949064,3.0
22.826774278728525,63.361004141290536,1493.7232764837177,29.996941002064627,66.7244935949064,3,0,1,2,26,10260.0,22.832846617619303,63.39463903582669,0.0,29.962417119491413,66.3947053492787,3.0
22.832846617619303,63.39463903582669,0.0,29.962417119491413,66.3947053492787,3,1,3,3,20,10320.0,22.766708725874476,63.424639698961215,1444.177548564421,29.944111346701497,66.8844132224055,3.0
22.766708725874476,63.424639698961215,1444.177548564421,29.944111346701497,66.8844132224055,3,0,1,4,28,10380.0,22.77278130596184,63.45923743419566,0.0,29.856962539883835,66.75588127109243,3.0
22.77278130596184,63.45923743419566,0.0,29.856962539883835,66.75588127109243,3,0,1,6,19,10440.0,22.778850778669636,63.49220387256462,0.0,29.798966813452417,66.45612624285849,3.0
22.778850778669636,63.49220387256462,0.0,29.798966813452417,66.45612624285849,3,0,2,4,24,10500.0,22.784918115870795,63.52184309626756,0.0,29.693007062951356,66.33681138542258,3.0
22.784918115870795,63.52184309626756,0.0,29.693007062951356,66.33681138542258,3,0,2,4,23,10560.0,22.7909817188357,63.54999277915911,0.0,29.766025848470136,65.84734135545415,3.0
22.7909817188357,63.54999277915911,0.0,29.766025848470136,65.84734135545415,3,0,3,3,19,10620.0,22.79704755364002,63.572966264922066,0.0,29.78824775980998,66.04076226522088,3.0
22.79704755364002,63.572966264922066,0.0,29.78824775980998,66.04076226522088,3,0,2,2,29,10680.0,22.803113926980227,63.597644224925055,0.0,29.8729331291499,66.38257214074615,3.0
22.803113926980227,63.597644224925055,0.0,29.8729331291499,66.38257214074615,3,0,3,1,24,10740.0,22.80918292095363,63.625493504083266,0.0,29.807825101903667,66.52335949881245,3.0
22.80918292095363,63.625493504083266,0.0,29.807825101903667,66.52335949881245,3,0,1,0,18,10800.0,22.815249542359663,63.65447216403056,0.0,29.704923017066186,66.91611832148462,2.0
22.815249542359663,63.65447216403056,0.0,29.704923017066186,66.91611832148462,2,0,1,4,21,10860.0,22.81964586480882,63.6870886256051,0.0,29.72352416157676,65.77654723086802,3.0
22.81964586480882,63.6870886256051,0.0,29.72352416157676,65.77654723086802,3,0,1,4,22,10920.0,22.82570932741871,63.70798321165773,0.0,29.706392293620727,66.12145369496393,3.0
22.82570932741871,63.70798321165773,0.0,29.706392293620727,66.12145369496393,3,0,2,2,21,10980.0,22.831772016850916,63.732117916490786,0.0,29.532155370995604,65.5235454765119,3.0
22.831772016850916,63.732117916490786,0.0,29.532155370995604,65.5235454765119,3,1,3,5,30,11040.0,22.912541323249716,63.750032192091,1867.8156738414996,29.608026753478793,64.64026322275177,3.0
22.912541323249716,63.750032192091,1867.8156738414996,29.608026753478793,64.64026322275177,3,1,3,1,23,11100.0,22.964999868974015,63.75893450239761,1160.050738582329,29.554895171546203,64.89283875797909,3.0
22.964999868974015,63.75893450239761,1160.050738582329,29.554895171546203,64.89283875797909,3,1,3,4,21,11160.0,22.898568365916486,63.770273544953426,1449.6899913522848,29.650951306894527,64.62659520992919,3.0
22.898568365916486,63.770273544953426,1449.6899913522848,29.650951306894527,64.62659520992919,3,0,2,4,19,11220.0,22.904626778681184,63.77883676160318,0.0,29.631139483283597,64.37466326428101,4.0
22.904626778681184,63.77883676160318,0.0,29.631139483283597,64.37466326428101,4,1,3,4,29,11280.0,22.98124278107562,63.78479502662996,1722.2946326070419,29.622367832637757,65.09708102049437,4.0
22.98124278107562,63.78479502662996,1722.2946326070419,29.622367832637757,65.09708102049437,4,1,1,5,28,11340.0,23.05151104495798,63.85506329051232,1563.672326182774,29.512692682214688,65.08921385972305,5.0
23.05151104495798,63.85506329051232,1563.672326182774,29.512692682214688,65.08921385972305,5,0,1,0,24,11400.0,23.06089308434589,63.867404796204426,0.0,29.589872982242106,65.0101064543142,5.0
23.06089308434589,63.867404796204426,0.0,29.589872982242106,65.0101064543142,5,1,3,0,20,11460.0,23.006859927693867,63.87883181278552,1268.349119639024,29.39607565079327,64.73055916826172,5.0
23.006859927693867,63.87883181278552,1268.349119639024,29.39607565079327,64.73055916826172,5,1,2,6,26,11520.0,23.087978165243566,63.88734908634028,1793.4649256398784,29.528788506343307,64.69217966188036,5.0
23.087978165243566,63.88734908634028,1793.4649256398784,29.528788506343307,64.69217966188036,5,1,1,1,26,11580.0,23.145474771441258,63.94484569253797,1202.8811463247127,29.488343538096395,64.82641061181373,5.0
23.145474771441258,63.94484569253797,1202.8811463247127,29.488343538096395,64.82641061181373,5,0,2,2,21,11640.0,23.15485286706681,63.95366134173072,0.0,29.517758126485305,65.2130412225238,4.0
23.15485286706681,63.95366134173072,0.0,29.517758126485305,65.2130412225238,4,1,2,5,20,11700.0,23.075734265657292,63.96625514053865,1736.613965030011,29.546064081136194,64.60848557802953,4.0
23.075734265657292,63.96625514053865,1736.613965030011,29.546064081136194,64.60848557802953,4,0,3,1,24,11760.0,23.08344994331781,63.97267744491356,0.0,29.483252505516198,64.79917290562463,4.0
23.08344994331781,63.97267744491356,0.0,29.483252505516198,64.79917290562463,4,1,2,0,20,11820.0,23.02191292023993,63.98094239952067,1385.0069965990685,29.612317856853288,65.56463547864972,4.0
23.02191292023993,63.98094239952067,1385.0069965990685,29.612317856853288,65.56463547864972,4,1,2,6,29,11880.0,23.110684232093337,63.99677933031196,2026.2907922212853,29.669731667774748,65.30358198269523,4.0
23.110684232093337,63.99677933031196,2026.2907922212853,29.669731667774748,65.30358198269523,4,1,2,1,24,11940.0,23.171043942742983,64.00984735683579,1316.02689337812,29.65793490935788,65.03299743430249,4.0
23.171043942742983,64.00984735683579,1316.02689337812,29.65793490935788,65.03299743430249,4,1,1,1,24,12000.0,23.22250098016211,64.06130439425492,1093.5201930059934,29.668249727180022,65.14991533573034,3.0
23.22250098016211,64.06130439425492,1093.5201930059934,29.668249727180022,65.14991533573034,3,0,1,6,22,12060.0,23.22854917178701,64.07219050366967,0.0,29.793266362475393,64.49942262800195,4.0
23.22854917178701,64.07219050366967,0.0,29.793266362475393,64.49942262800195,4,1,3,0,26,12120.0,23.286365187515432,64.076462824913,1252.4297955517145,29.729740434586777,64.42928674886527,4.0
23.286365187515432,64.076462824913,1252.4297955517145,29.729740434586777,64.42928674886527,4,0,1,5,26,12180.0,23.294079966690337,64.07999106415252,0.0,29.874508125626296,64.4619836258091,3.0
23.294079966690337,64.07999106415252,0.0,29.874508125626296,64.4619836258091,3,1,2,3,20,12240.0,23.219768071743886,64.08381098976909,1607.2915177016332,29.979277890780295,64.38138329875848,4.0
23.219768071743886,64.08381098976909,1607.2915177016332,29.979277890780295,64.38138329875848,4,1,1,2,29,12300.0,23.284209898980016,64.14825281700521,1417.9127560540862,30.263862711749205,64.44289963135442,3.0
23.284209898980016,64.14825281700521,1417.9127560540862,30.263862711749205,64.44289963135442,3,1,2,1,21,12360.0,23.22008062622532,64.1511992851487,1403.905223635741,30.17371584665689,64.85475031011464,3.0
23.22008062622532,64.1511992851487,1403.905223635741,30.17371584665689,64.85475031011464,3,0,3,2,19,12420.0,23.226145747399336,64.15823479539837,0.0,30.077166627557087,65.06599262108178,3.0
23.226145747399336,64.15823479539837,0.0,30.077166627557087,65.06599262108178,3,1,2,1,18,12480.0,23.152745088991033,64.16731237365521,1589.2471820861583,30.262958483833682,64.79804892441268,3.0
23.152745088991033,64.16731237365521,1589.2471820861583,30.262958483833682,64.79804892441268,3,0,3,3,20,12540.0,23.158815429437528,64.17361973916279,0.0,30.222184935991372,65.00377712298186,3.0
23.158815429437528,64.17361973916279,0.0,30.222184935991372,65.00377712298186,3,1,2,0,25,12600.0,23.21730305139043,64.18192131300098,1310.4710742337484,30.386622964561496,63.99513263434237,3.0
23.21730305139043,64.18192131300098,1310.4710742337484,30.386622964561496,63.99513263434237,3,0,3,4,24,12660.0,23.223375362054202,64.1800534262144,0.0,30.29904763207017,63.35327550550437,3.0
23.223375362054202,64.1800534262144,0.0,30.29904763207017,63.35327550550437,3,1,2,2,28,12720.0,23.294854840174047,64.1717856470073,1635.2572261044227,30.31166594779553,63.38197749401402,4.0
23.294854840174047,64.1717856470073,1635.2572261044227,30.31166594779553,63.38197749401402,4,1,2,4,20,12780.0,23.218727256453008,64.16388756547737,1677.2295484925314,30.21852541933794,63.67341891721447,4.0
23.218727256453008,64.16388756547737,1677.2295484925314,30.21852541933794,63.67341891721447,4,1,1,3,25,12840.0,23.276557510368594,64.22171781939295,1252.423182753952,30.28548326238845,63.430846784500396,5.0
23.276557510368594,64.22171781939295,1252.423182753952,30.28548326238845,63.430846784500396,5,0,2,0,28,12900.0,23.285957807893663,64.21380910904402,0.0,30.30907913272744,63.41211829089168,5.0
23.285957807893663,64.21380910904402,0.0,30.30907913272744,63.41211829089168,5,0,2,4,21,12960.0,23.29535857860449,64.2057922008625,0.0,30.374503208205763,63.94738507767062,5.0
23.29535857860449,64.2057922008625,0.0,30.374503208205763,63.94738507767062,5,1,2,6,18,13020.0,23.20610931830225,64.20320812963058,1973.0379691311502,30.465364429722463,64.34296866479846,5.0
23.20610931830225,64.20320812963058,1973.0379691311502,30.465364429722463,64.34296866479846,5,0,3,4,24,13080.0,23.215517960139298,64.20460573498227,0.0,30.324848043728483,64.18511588868498,4.0
23.215517960139298,64.20460573498227,0.0,30.324848043728483,64.18511588868498,4,1,3,3,28,13140.0,23.285959677369597,64.20441083651929,1567.6184890211894,30.228789520497,64.08675171871249,4.0
23.285959677369597,64.20441083651929,1567.6184890211894,30.228789520497,64.08675171871249,4,0,3,6,29,13200.0,23.293691105031034,64.20323424534122,0.0,30.144621298656,65.36271619750724,4.0
23.293691105031034,64.20323424534122,0.0,30.144621298656,65.36271619750724,4,0,3,5,26,13260.0,23.30141946937082,64.21482906486288,0.0,29.92565431864827,65.75470395805557,4.0
23.30141946937082,64.21482906486288,0.0,29.92565431864827,65.75470395805557,4,1,1,2,25,13320.0,23.356877154366515,64.27028674985857,1193.421929184605,29.835071442366562,66.50434783729341,4.0
23.356877154366515,64.27028674985857,1193.421929184605,29.835071442366562,66.50434783729341,4,0,2,0,26,13380.0,23.364593094176115,64.29262736073292,0.0,29.80252518919232,67.12764599443774,4.0
23.364593094176115,64.29262736073292,0.0,29.80252518919232,67.12764599443774,4,1,2,0,21,13440.0,23.305213912630087,64.32097754706997,1341.8755856505668,29.853094439322064,68.22563252088572,4.0
23.305213912630087,64.32097754706997,1341.8755856505668,29.853094439322064,68.22563252088572,4,1,3,3,18,13500.0,23.232904436315618,64.36002409680813,1600.554779973853,29.839063623894372,67.83529471852428,4.0
23.232904436315618,64.36002409680813,1600.554779973853,29.839063623894372,67.83529471852428,4,0,1,2,25,13560.0,23.24062464162187,64.3947768030253,0.0,29.818640275287887,67.78784906617874,4.0
23.24062464162187,64.3947768030253,0.0,29.818640275287887,67.78784906617874,4,1,3,5,30,13620.0,23.3219321910452,64.42870752565683,1839.7070558884964,29.799856025845045,67.34136843315663,3.0
23.3219321910452,64.42870752565683,1839.7070558884964,29.799856025845045,67.34136843315663,3,0,2,3,29,13680.0,23.327981455173028,64.45783413473183,0.0,29.8442738582837,67.72335308626253,3.0
23.327981455173028,64.45783413473183,0.0,29.8442738582837,67.72335308626253,3,0,2,1,25,13740.0,23.33403199825313,64.49048932424714,0.0,29.831203825610444,67.34464875827283,3.0
23.33403199825313,64.49048932424714,0.0,29.831203825610444,67.34464875827283,3,1,1,6,29,13800.0,23.40681342078525,64.56327074677925,1668.2879201135465,29.78797549269745,67.37222603694362,4.0
23.40681342078525,64.56327074677925,1668.2879201135465,29.78797549269745,67.37222603694362,4,0,1,1,24,13860.0,23.41452612618765,64.5913602996809,0.0,29.548151473216375,67.7558663639795,5.0
23.41452612618765,64.5913602996809,0.0,29.548151473216375,67.7558663639795,5,1,3,3,18,13920.0,23.34352380815848,64.62300536032389,1607.468777481369,29.484346656282057,68.04793052470909,5.0
23.34352380815848,64.62300536032389,1607.468777481369,29.484346656282057,68.04793052470909,5,0,1,6,30,13980.0,23.352895168920085,64.65725461196774,0.0,29.47676916687286,68.24989460931053,5.0
23.352895168920085,64.65725461196774,0.0,29.47676916687286,68.24989460931053,5,1,2,3,19,14040.0,23.278248476387244,64.69318101194118,1680.3497666554858,29.28302869930339,69.0260129562677,5.0
23.278248476387244,64.69318101194118,1680.3497666554858,29.28302869930339,69.0260129562677,5,1,3,6,26,14100.0,23.352599511752206,64.73650933138444,1624.605233938312,29.386937741501065,68.75915557624536,4.0
23.352599511752206,64.73650933138444,1624.605233938312,29.386937741501065,68.75915557624536,4,0,3,3,22,14160.0,23.360300656359865,64.77673579383305,0.0,29.27329880642783,69.54401536995579,4.0
23.360300656359865,64.77673579383305,0.0,29.27329880642783,69.54401536995579,4,1,1,5,28,14220.0,23.4295970046573,64.8460321421305,1539.9812089775082,29.328565703130106,70.12058280929539,4.0
23.4295970046573,64.8460321421305,1539.9812089775082,29.328565703130106,70.12058280929539,4,1,2,4,25,14280.0,23.499416397573835,64.89877764880215,1553.0690156646745,29.468012768605874,70.01814916080019,4.0
23.499416397573835,64.89877764880215,1553.0690156646745,29.468012768605874,70.01814916080019,4,0,1,5,24,14340.0,23.507115350786204,64.94997136392213,0.0,29.407318152301077,69.34788791621442,4.0
23.507115350786204,64.94997136392213,0.0,29.407318152301077,69.34788791621442,4,1,2,2,22,14400.0,23.443838543555326,64.99395052944506,1419.4696131518895,29.405615266694433,69.45057832398281,4.0
23.443838543555326,64.99395052944506,1419.4696131518895,29.405615266694433,69.45057832398281,4,0,2,1,30,14460.0,23.4515372694461,65.03851680739044,0.0,29.56311555392407,69.04188501339038,3.0
23.4515372694461,65.03851680739044,0.0,29.56311555392407,69.04188501339038,3,1,3,5,19,14520.0,23.37352216269186,65.07855048945044,1681.043187274419,29.617526319275758,68.35204388382729,3.0
23.37352216269186,65.07855048945044,1681.043187274419,29.617526319275758,68.35204388382729,3,0,1,0,27,14580.0,23.379563629497078,65.11128542339421,0.0,29.404916741685835,67.73535108764946,2.0
23.379563629497078,65.11128542339421,0.0,29.404916741685835,67.73535108764946,2,1,1,0,28,14640.0,23.43317201400849,65.16489380790563,1231.021818525146,29.480231608113623,67.64889932998993,2.0
23.43317201400849,65.16489380790563,1231.021818525146,29.480231608113623,67.64889932998993,2,1,1,6,21,14700.0,23.36463244028277,65.0963542341799,1458.156180910552,29.51348504825604,67.33123026345902,2.0
23.36463244028277,65.0963542341799,1458.156180910552,29.51348504825604,67.33123026345902,2,0,3,3,30,14760.0,23.369004068703035,65.11870299447268,0.0,29.585956393270866,67.575534687096,2.0
23.369004068703035,65.11870299447268,0.0,29.585956393270866,67.575534687096,2,0,2,6,23,14820.0,23.373377967113854,65.14327131139892,0.0,29.455610237547923,68.23420081104192,2.0
23.373377967113854,65.14327131139892,0.0,29.455610237547923,68.23420081104192,2,0,1,2,29,14880.0,23.377747374856202,65.17418060639535,0.0,29.58141697290845,68.45625837003026,3.0
23.377747374856202,65.17418060639535,0.0,29.58141697290845,68.45625837003026,3,0,1,0,30,14940.0,23.383787497176137,65.2070013840317,0.0,29.533321699939606,69.67545804261559,3.0
23.383787497176137,65.2070013840317,0.0,29.533321699939606,69.67545804261559,3,0,1,4,19,15000.0,23.389825814982895,65.25168595061754,0.0,29.595570033395763,70.67945209585066,3.0
23.389825814982895,65.25168595061754,0.0,29.595570033395763,70.67945209585066,3,1,3,1,25,15060.0,23.445785508824233,65.30596361206987,1247.9875591847378,29.6077501656271,70.82936732791454,2.0
23.445785508824233,65.30596361206987,1247.9875591847378,29.6077501656271,70.82936732791454,2,1,1,2,26,15120.0,23.49977684619338,65.35995494943901,1240.481797014667,29.62783414949521,70.82315165182364,2.0
23.49977684619338,65.35995494943901,1240.481797014667,29.62783414949521,70.82315165182364,2,0,2,6,26,15180.0,23.504147781436824,65.41458691646287,0.0,29.686374478249512,70.97136748527545,2.0
23.504147781436824,65.41458691646287,0.0,29.686374478249512,70.97136748527545,2,0,2,4,22,15240.0,23.50852052232672,65.470154722151,0.0,29.799878916027016,71.52835039609091,2.0
23.50852052232672,65.470154722151,0.0,29.799878916027016,71.52835039609091,2,0,3,2,24,15300.0,23.512896900939843,65.53073667889039,0.0,29.70932076638234,72.21340013943491,2.0
23.512896900939843,65.53073667889039,0.0,29.70932076638234,72.21340013943491,2,1,2,0,21,15360.0,23.449731424365872,65.59756331349584,1350.7738140563906,29.67895140677171,70.67790566632105,2.0
23.449731424365872,65.59756331349584,1350.7738140563906,29.67895140677171,70.67790566632105,2,1,3,3,28,15420.0,23.516217911194975,65.64836673702409,1552.8044874088587,29.63320952832011,70.12262005873416,2.0
23.516217911194975,65.64836673702409,1552.8044874088587,29.63320952832011,70.12262005873416,2,1,2,0,19,15480.0,23.447039823848627,65.6931092702412,1470.9730746716984,29.733198399585337,70.25517580913478,2.0
23.447039823848627,65.6931092702412,1470.9730746716984,29.733198399585337,70.25517580913478,2,1,2,4,26,15540.0,23.5163685544418,65.73872993563013,1623.8131326828989,29.811732567278696,70.72110321817628,2.0
23.5163685544418,65.73872993563013,1623.8131326828989,29.811732567278696,70.72110321817628,2,1,1,1,29,15600.0,23.574260692611233,65.79662207379957,1337.8906508918055,29.76468174673678,70.46335242391191,2.0
23.574260692611233,65.79662207379957,1337.8906508918055,29.76468174673678,70.46335242391191,2,1,2,3,27,15660.0,23.643288747134765,65.84328937730069,1616.3760122098251,29.849047996933407,70.57166112121531,1.0
23.643288747134765,65.84328937730069,1616.3760122098251,29.849047996933407,70.57166112121531,1,1,2,1,24,15720.0,23.697294518133646,65.89057309473984,1282.47280893051,29.980806608060192,70.10186704407228,1.0
23.697294518133646,65.89057309473984,1282.47280893051,29.980806608060192,70.10186704407228,1,1,3,4,28,15780.0,23.76416311100877,65.93268603423316,1603.9785618031792,30.14665413987894,69.51515893514434,1.0
23.76416311100877,65.93268603423316,1603.9785618031792,30.14665413987894,69.51515893514434,1,1,1,2,18,15840.0,23.696024412154458,65.86454733537884,1417.0289711054825,30.14939997817806,69.14235782907342,1.0
23.696024412154458,65.86454733537884,1417.0289711054825,30.14939997817806,69.14235782907342,1,0,1,3,28,15900.0,23.698739524673325,65.8973254403158,0.0,30.1069086243172,70.08814799827022,1.0
23.698739524673325,65.8973254403158,0.0,30.1069086243172,70.08814799827022,1,1,2,1,20,15960.0,23.626802100807257,65.93923366589534,1493.0205900544197,30.13954042709145,70.15487569542614,1.0
23.626802100807257,65.93923366589534,1493.0205900544197,30.13954042709145,70.15487569542614,1,0,3,1,19,16020.0,23.6295191920848,65.98139008619066,0.0,30.18583612068728,70.71328051699777,1.0
23.6295191920848,65.98139008619066,0.0,30.18583612068728,70.71328051699777,1,1,1,1,22,16080.0,23.575460248103198,65.92733114220906,1135.549757584452,30.216577773605508,70.30576488492568,2.0
23.575460248103198,65.92733114220906,1135.549757584452,30.216577773605508,70.30576488492568,2,1,2,0,27,16140.0,23.6360671807586,65.97111547963623,1405.472385113808,29.988290387093546,70.91111330494721,2.0
23.6360671807586,65.97111547963623,1405.472385113808,29.988290387093546,70.91111330494721,2,0,1,3,19,16200.0,23.640445588198812,66.02051545788933,0.0,29.901972752895375,71.2575724723759,2.0
23.640445588198812,66.02051545788933,0.0,29.901972752895375,71.2575724723759,2,1,3,0,24,16260.0,23.689611992143597,66.07288602803419,1119.7754926490652,29.941255398981312,70.87254712949724,2.0
23.689611992143597,66.07288602803419,1119.7754926490652,29.941255398981312,70.87254712949724,2,1,3,3,25,16320.0,23.747902328583702,66.12088263904882,1347.8820414969175,29.94872237883377,70.08677933735288,2.0
23.747902328583702,66.12088263904882,1347.8820414969175,29.94872237883377,70.08677933735288,2,1,1,3,24,16380.0,23.798855513896303,66.17183582436141,1164.495616106437,29.87520162324822,69.57289921188168,1.0
23.798855513896303,66.17183582436141,1164.495616106437,29.87520162324822,69.57289921188168,1,1,3,1,22,16440.0,23.73861386347024,66.2058464582366,1258.8839059275117,29.796660060454855,69.13106552408225,1.0
23.73861386347024,66.2058464582366,1258.8839059275117,29.796660060454855,69.13106552408225,1,0,3,3,23,16500.0,23.74131579834347,66.23509864889506,0.0,29.730798574054226,68.14888005189687,1.0
23.74131579834347,66.23509864889506,0.0,29.730798574054226,68.14888005189687,1,0,3,5,24,16560.0,23.74401544776933,66.25423646292508,0.0,29.716610901415926,67.67884632420095,1.0
23.74401544776933,66.25423646292508,0.0,29.716610901415926,67.67884632420095,1,1,3,4,22,16620.0,23.674959283306812,66.26848256153784,1435.1050195527757,29.88981300880347,67.43398903278661,1.0
23.674959283306812,66.26848256153784,1435.1050195527757,29.88981300880347,67.43398903278661,1,1,2,3,21,16680.0,23.599437835570253,66.28013762625032,1564.5721905481698,29.8590767203995,67.81727016534788,1.0
23.599437835570253,66.28013762625032,1564.5721905481698,29.8590767203995,67.81727016534788,1,0,2,5,26,16740.0,23.602146490199747,66.2955089516413,0.0,29.95251848128665,67.91305568238953,0.0
23.602146490199747,66.2955089516413,0.0,29.95251848128665,67.91305568238953,0,0,3,0,20,16800.0,23.60319150259945,66.31168441894877,0.0,30.015740345927846,67.70051896710783,0.0
23.60319150259945,66.31168441894877,0.0,30.015740345927846,67.70051896710783,0,0,3,5,20,16860.0,23.604238587560896,66.32557276443036,0.0,30.053142145964813,67.54185859576813,0.0
23.604238587560896,66.32557276443036,0.0,30.053142145964813,67.54185859576813,0,0,3,6,27,16920.0,23.605286884346178,66.33773562274374,0.0,30.103268359101385,69.00152825021169,0.0
23.605286884346178,66.33773562274374,0.0,30.103268359101385,69.00152825021169,0,0,1,5,27,16980.0,23.606336817062004,66.36437354901841,0.0,30.063879626293758,68.84853402267447,1.0
23.606336817062004,66.36437354901841,0.0,30.063879626293758,68.84853402267447,1,0,3,5,26,17040.0,23.609052068488978,66.38921515375498,0.0,30.06306700154304,68.4992431646029,1.0
21.832946448988668,44.37551030980916,0.0,20.770127090621877,76.32606731130053,5,1,2,1,25,60.0,21.90045866329194,44.69501587982407,1459.5243737137139,20.827350763316332,76.12592307063599,5.0
21.90045866329194,44.69501587982407,1459.5243737137139,20.827350763316332,76.12592307063599,5,0,1,2,19,120.0,21.909589559695274,45.00932495173219,0.0,20.818732997637976,75.68872028910376,6.0
21.909589559695274,45.00932495173219,0.0,20.818732997637976,75.68872028910376,6,0,2,3,25,180.0,21.920386531143205,45.3161189051059,0.0,20.839719919348507,75.9350442738661,5.0
21.920386531143205,45.3161189051059,0.0,20.839719919348507,75.9350442738661,5,1,2,2,20,240.0,21.857179900036705,45.6223081587935,1446.7455110554515,20.905749364116442,75.44236060182206,5.0
21.857179900036705,45.6223081587935,1446.7455110554515,20.905749364116442,75.44236060182206,5,1,3,5,22,300.0,21.921707607627074,45.92050868322379,1384.8188818724766,20.85820691813764,75.97514249378771,5.0
21.921707607627074,45.92050868322379,1384.8188818724766,20.85820691813764,75.97514249378771,5,1,3,5,18,360.0,21.848607954369538,46.22105502132943,1644.6173980243611,21.00850220553683,75.54811529442092,5.0
21.848607954369538,46.22105502132943,1644.6173980243611,21.00850220553683,75.54811529442092,5,0,3,4,24,420.0,21.857746617511243,46.51432562406034,0.0,20.9774106836002,75.26955329558099,5.0
21.857746617511243,46.51432562406034,0.0,20.9774106836002,75.26955329558099,5,0,1,1,19,480.0,21.86688393964678,46.801877900775544,0.0,20.916480744149563,75.92768090370856,4.0
22.039938406939232,49.877531600675866,0.0,24.15819956370303,67.55877729694782,3,1,1,1,22,60.0,21.993237510659576,49.830830704396206,1052.0967663643098,24.134354522906033,67.94575848182805,3.0
21.993237510659576,49.830830704396206,1052.0967663643098,24.134354522906033,67.94575848182805,3,1,1,4,29,120.0,22.0639584445344,49.90155163827103,1620.4057493604255,24.043704910998386,67.94927438075283,4.0
22.0639584445344,49.90155163827103,1620.4057493604255,24.043704910998386,67.94927438075283,4,1,2,3,30,180.0,22.148627910776366,50.08202886569585,1927.5868673271264,24.039783529605952,67.42391278315567,4.0
22.148627910776366,50.08202886569585,1927.5868673271264,24.039783529605952,67.42391278315567,4,0,2,5,27,240.0,22.15619094929699,50.25544770487045,0.0,24.04808363481124,67.98301521303537,4.0
22.15619094929699,50.25544770487045,0.0,24.04808363481124,67.98301521303537,4,0,3,6,25,300.0,22.16375401238651,50.4327233799521,0.0,23.987281371192346,68.45584674531888,4.0
22.16375401238651,50.4327233799521,0.0,23.987281371192346,68.45584674531888,4,1,3,0,20,360.0,22.11036447309774,50.612954613605766,1219.006470681258,23.9351481863369,68.45266842683722,4.0
22.11036447309774,50.612954613605766,1219.006470681258,23.9351481863369,68.45266842683722,4,0,1,3,22,420.0,22.117925299221515,50.79135175173808,0.0,23.886946926473836,68.17288669380238,4.0
22.117925299221515,50.79135175173808,0.0,23.886946926473836,68.17288669380238,4,0,2,1,26,480.0,22.12548426660909,50.96516710115872,0.0,23.89244211583665,67.98862080531693,4.0
22.12548426660909,50.96516710115872,0.0,23.89244211583665,67.98862080531693,4,1,3,0,20,540.0,22.072198083470887,51.1354016382003,1216.9016346634999,23.869288173524904,67.97907643019896,4.0
22.072198083470887,51.1354016382003,1216.9016346634999,23.869288173524904,67.97907643019896,4,0,3,1,22,600.0,22.07975798647389,51.30383838612028,0.0,23.804823296713487,67.34947356513732,5.0
22.07975798647389,51.30383838612028,0.0,23.804823296713487,67.34947356513732,5,1,3,3,22,660.0,22.025479920685342,51.46429473791046,1270.0446926444736,23.747164204164907,68.1852794114675,5.0
22.025479920685342,51.46429473791046,1270.0446926444736,23.747164204164907,68.1852794114675,5,0,3,0,22,720.0,22.034703976828126,51.63150458464603,0.0,23.91773598030272,68.64682788499877,5.0
22.034703976828126,51.63150458464603,0.0,23.91773598030272,68.64682788499877,5,1,3,3,25,780.0,22.102035610166865,51.801657817649556,1452.554973465621,23.928897066027186,68.18244638477334,5.0
22.102035610166865,51.801657817649556,1452.554973465621,23.928897066027186,68.18244638477334,5,0,1,6,26,840.0,22.111263172215395,51.965465703320795,0.0,23.98017044834014,68.268878752063,5.0
22.111263172215395,51.965465703320795,0.0,23.98017044834014,68.268878752063,5,1,3,5,27,900.0,22.188936162067673,52.12849983380822,1711.1006569101914,24.04107026355513,68.44103127080025,5.0
22.188936162067673,52.12849983380822,1711.1006569101914,24.04107026355513,68.44103127080025,5,0,2,4,24,960.0,22.198164566537724,52.29162514817814,0.0,24.09707405284075,68.41222705513098,5.0
22.198164566537724,52.29162514817814,0.0,24.09707405284075,68.41222705513098,5,0,3,5,30,1020.0,22.207394530187266,52.45283116724767,0.0,23.95799348606323,67.76722665601257,5.0
22.207394530187266,52.45283116724767,0.0,23.95799348606323,67.76722665601257,5,0,1,2,27,1080.0,22.216619550152462,52.60597512213532,0.0,23.944917119202923,67.17665146046173,6.0
22.216619550152462,52.60597512213532,0.0,23.944917119202923,67.17665146046173,6,1,1,1,24,1140.0,22.273255592349443,52.662611164332304,1143.6274736169958,23.964249130224207,66.830089114296,6.0
22.273255592349443,52.662611164332304,1143.6274736169958,23.964249130224207,66.830089114296,6,0,1,2,29,1200.0,22.28414529213404,52.80428594383194,0.0,23.799188601092172,66.323877710619,6.0
22.28414529213404,52.80428594383194,0.0,23.799188601092172,66.323877710619,6,1,3,0,20,1260.0,22.233747727357635,52.939481861499814,1225.627991067372,23.753406297372578,66.4268489197642,6.0
22.233747727357635,52.939481861499814,1225.627991067372,23.753406297372578,66.4268489197642,6,1,3,1,28,1320.0,22.30415175872644,53.07435553208246,1488.0010687450967,23.719387576999978,66.18490931941052,6.0
22.30415175872644,53.07435553208246,1488.0010687450967,23.719387576999978,66.18490931941052,6,1,2,0,19,1380.0,22.24511981131087,53.20546106995574,1398.2491055235864,23.68390426216442,66.69357859039626,6.0
22.24511981131087,53.20546106995574,1398.2491055235864,23.68390426216442,66.69357859039626,6,1,1,1,29,1440.0,22.312186352522147,53.272527611167014,1404.6312099061793,23.557977191066968,66.70583453268179,6.0
22.312186352522147,53.272527611167014,1404.6312099061793,23.557977191066968,66.70583453268179,6,0,3,6,26,1500.0,22.323061212216764,53.40686068038216,0.0,23.7026458080157,66.12421461830665,6.0
22.323061212216764,53.40686068038216,0.0,23.7026458080157,66.12421461830665,6,0,3,0,25,1560.0,22.33394053170329,53.5340342197614,0.0,23.722416552086578,66.46146421752394,6.0
22.33394053170329,53.5340342197614,0.0,23.722416552086578,66.46146421752394,6,1,1,4,18,1620.0,22.271818325975527,53.471912014033634,1460.0364319021976,23.646565091327762,67.4020887468434,7.0
22.271818325975527,53.471912014033634,1460.0364319021976,23.646565091327762,67.4020887468434,7,0,1,6,29,1680.0,22.284364150867706,53.611213781361734,0.0,23.622406745713192,67.12312222088072,7.0
22.284364150867706,53.611213781361734,0.0,23.622406745713192,67.12312222088072,7,1,2,1,27,1740.0,22.359192154627348,53.746332865756926,1557.0850584953346,23.433212833646678,66.36092283088556,8.0
22.359192154627348,53.746332865756926,1557.0850584953346,23.433212833646678,66.36092283088556,8,1,3,3,27,1800.0,22.435735865832108,53.87247876540821,1558.5310962198205,23.191884496534463,66.58370832784176,8.0
22.435735865832108,53.87247876540821,1558.5310962198205,23.191884496534463,66.58370832784176,8,1,2,5,27,1860.0,22.523620529855634,53.99959106103255,1842.3198100625918,23.29019434551556,65.90064722283483,9.0
21.339290274296904,42.395463169997115,0.0,33.46410605785708,69.88243066887844,4,1,3,5,27,60.0,21.417761386568706,42.67033284498593,1764.1737936420877,33.42611576662453,69.33967415754107,4.0
21.417761386568706,42.67033284498593,1764.1737936420877,33.42611576662453,69.33967415754107,4,1,1,5,27,120.0,21.48961726158162,42.74218871999884,1598.8899133394557,33.36759324839039,68.80245809324732,4.0
21.48961726158162,42.74218871999884,1598.8899133394557,33.36759324839039,68.80245809324732,4,0,2,4,22,180.0,21.497513194114514,43.00279141373133,0.0,33.57705839370101,69.34004345938932,4.0
21.497513194114514,43.00279141373133,0.0,33.57705839370101,69.34004345938932,4,1,2,4,28,240.0,21.581743007622116,43.26616393418791,1908.179050023755,33.54932963522565,69.39254706683539,4.0
21.581743007622116,43.26616393418791,1908.179050023755,33.54932963522565,69.39254706683539,4,0,1,3,23,300.0,21.58964192717637,43.52742776551438,0.0,33.74156421899231,70.01736222392046,4.0
21.58964192717637,43.52742776551438,0.0,33.74156421899231,70.01736222392046,4,0,2,0,25,360.0,21.597546991252763,43.79232711009844,0.0,33.865887133288545,70.0264089647007,4.0
21.597546991252763,43.79232711009844,0.0,33.865887133288545,70.0264089647007,4,0,2,6,26,420.0,21.605455935924166,44.05466792864446,0.0,33.79570268055139,70.17705750385399,3.0
21.605455935924166,44.05466792864446,0.0,33.79570268055139,70.17705750385399,3,1,1,4,24,480.0,21.665442516569435,44.114654509289736,1343.67264384455,33.66285418529205,70.20084294078762,3.0
21.665442516569435,44.114654509289736,1343.67264384455,33.66285418529205,70.20084294078762,3,1,2,5,28,540.0,21.75067943607535,44.37551639360471,1975.0918112572924,33.520621693581084,69.82857443125707,3.0
21.75067943607535,44.37551639360471,1975.0918112572924,33.520621693581084,69.82857443125707,3,0,1,4,27,600.0,21.756905100817267,44.63004697398124,0.0,33.67558857575652,69.23919608023371,3.0
21.756905100817267,44.63004697398124,0.0,33.67558857575652,69.23919608023371,3,1,2,2,19,660.0,21.688037936767067,44.87613846504376,1501.9557366539395,33.69003577757226,69.90285055932698,3.0
21.688037936767067,44.87613846504376,1501.9557366539395,33.69003577757226,69.90285055932698,3,1,1,3,30,720.0,21.75938884944053,44.94748937771722,1627.9378186358938,33.598996009210346,70.19739359681428,3.0
21.75938884944053,44.94748937771722,1627.9378186358938,33.598996009210346,70.19739359681428,3,0,2,2,22,780.0,21.765616836345856,45.19998841990819,0.0,33.513170196964026,69.94872314301305,3.0
21.765616836345856,45.19998841990819,0.0,33.513170196964026,69.94872314301305,3,0,2,2,30,840.0,21.77184175479121,45.44747576713924,0.0,33.4205126581339,70.01909168743792,4.0
21.77184175479121,45.44747576713924,0.0,33.4205126581339,70.01909168743792,4,0,2,6,26,900.0,21.779730043821324,45.69319192634222,0.0,33.43204188509092,70.12117146755894,4.0
21.779730043821324,45.69319192634222,0.0,33.43204188509092,70.12117146755894,4,1,3,1,26,960.0,21.843567277814806,45.93747172175439,1398.7205899693186,33.33683305460101,70.35817045592663,4.0
21.843567277814806,45.93747172175439,1398.7205899693186,33.33683305460101,70.35817045592663,4,0,2,2,29,1020.0,21.85145038667403,46.18167870909611,0.0,33.45792485933251,69.70483584043839,4.0
21.85145038667403,46.18167870909611,0.0,33.45792485933251,69.70483584043839,4,0,2,5,24,1080.0,21.859337269156452,46.41691028040953,0.0,33.597967969512474,69.37959045028043,4.0
21.859337269156452,46.41691028040953,0.0,33.597967969512474,69.37959045028043,4,0,2,1,25,1140.0,21.867228556846463,46.64653708210824,0.0,33.61182170429289,68.73148166095896,4.0
21.867228556846463,46.64653708210824,0.0,33.61182170429289,68.73148166095896,4,0,1,4,26,1200.0,21.87512004328471,46.86738652789675,0.0,33.59768738374542,68.14022164984515,4.0
21.87512004328471,46.86738652789675,0.0,33.59768738374542,68.14022164984515,4,0,3,2,22,1260.0,21.88301079552939,47.08011487911623,0.0,33.50959244274567,69.14623666363107,4.0
21.88301079552939,47.08011487911623,0.0,33.50959244274567,69.14623666363107,4,0,1,5,30,1320.0,21.890898348250964,47.30077609696138,0.0,33.55666880140491,69.34176664739168,4.0
21.890898348250964,47.30077609696138,0.0,33.55666880140491,69.34176664739168,4,1,1,1,27,1380.0,21.951516320734743,47.361394069445154,1318.2278367168244,33.64241344022257,69.694272933015,4.0
21.951516320734743,47.361394069445154,1318.2278367168244,33.64241344022257,69.694272933015,4,1,1,1,20,1440.0,21.901783286963465,47.31166103567388,1152.4546068385741,33.68495099834822,68.96772563073407,4.0
21.901783286963465,47.31166103567388,1152.4546068385741,33.68495099834822,68.96772563073407,4,0,1,3,25,1500.0,21.909676059220512,47.52822168162448,0.0,33.854807791333315,68.84294703169994,4.0
21.909676059220512,47.52822168162448,0.0,33.854807791333315,68.84294703169994,4,0,1,2,20,1560.0,21.917574230278248,47.74136893512524,0.0,33.94100850427145,69.37848602338615,4.0
21.917574230278248,47.74136893512524,0.0,33.94100850427145,69.37848602338615,4,1,2,6,27,1620.0,22.003732179822247,47.95774010600785,1956.4292100382966,34.20953903515504,69.59183344453834,4.0
22.003732179822247,47.95774010600785,1956.4292100382966,34.20953903515504,69.59183344453834,4,1,3,6,19,1680.0,21.929400697507894,48.17408103939315,1644.7668508572906,34.1430201810817,69.54339508094367,4.0
21.929400697507894,48.17408103939315,1644.7668508572906,34.1430201810817,69.54339508094367,4,0,3,0,21,1740.0,21.937307818157347,48.38777417980866,0.0,34.21969200934373,70.80306147656547,4.0
21.937307818157347,48.38777417980866,0.0,34.21969200934373,70.80306147656547,4,0,1,2,25,1800.0,21.94521723096372,48.611927052776224,0.0,34.082097977002206,70.64502999074675,3.0
21.94521723096372,48.611927052776224,0.0,34.082097977002206,70.64502999074675,3,1,1,2,25,1860.0,22.002175649080467,48.668885470892974,1268.0130522969953,33.97564463496604,70.96259551023687,3.0
22.002175649080467,48.668885470892974,1268.0130522969953,33.97564463496604,70.96259551023687,3,0,1,3,23,1920.0,22.00840809804666,48.89182257128641,0.0,34.02759562377687,70.91732489036268,3.0
22.00840809804666,48.89182257128641,0.0,34.02759562377687,70.91732489036268,3,0,2,1,27,1980.0,22.014642070964186,49.11207759447717,0.0,33.99812985358084,71.64201992407469,3.0
22.014642070964186,49.11207759447717,0.0,33.99812985358084,71.64201992407469,3,0,2,1,29,2040.0,22.020874853890273,49.33737701777314,0.0,33.92712742891042,70.94143342115524,3.0
22.020874853890273,49.33737701777314,0.0,33.92712742891042,70.94143342115524,3,1,3,3,21,2100.0,21.960626545584013,49.55341758180696,1329.5703345085597,33.85820907977279,70.54229603350365,3.0
21.960626545584013,49.55341758180696,1329.5703345085597,33.85820907977279,70.54229603350365,3,0,2,5,23,2160.0,21.96685646500182,49.76330636632393,0.0,33.83384338896366,70.1346703557984,3.0
21.96685646500182,49.76330636632393,0.0,33.83384338896366,70.1346703557984,3,1,2,6,21,2220.0,21.891314624352443,49.967020006218675,1635.4148042701418,33.87574542389096,70.9206895764543,3.0
21.891314624352443,49.967020006218675,1635.4148042701418,33.87574542389096,70.9206895764543,3,0,3,1,29,2280.0,21.89754743871243,50.17655670192103,0.0,33.98200817362976,71.38190345176345,3.0
21.89754743871243,50.17655670192103,0.0,33.98200817362976,71.38190345176345,3,1,3,6,18,2340.0,21.818349855310196,50.38861016941945,1708.6746418679386,33.92499753734024,71.43457952458645,3.0
21.818349855310196,50.38861016941945,1708.6746418679386,33.92499753734024,71.43457952458645,3,1,3,6,20,2400.0,21.74658614283353,50.59906986297112,1560.0120146546792,33.92400128893617,70.84098170254343,3.0
21.74658614283353,50.59906986297112,1560.0120146546792,33.92400128893617,70.84098170254343,3,0,3,0,29,2460.0,21.752825390005064,50.801488981366845,0.0,34.06104146905006,71.6245793596783,3.0
21.752825390005064,50.801488981366845,0.0,34.06104146905006,71.6245793596783,3,0,3,6,28,2520.0,21.7590689972077,51.00971988514996,0.0,34.0725998448676,71.98830277394187,4.0
21.7590689972077,51.00971988514996,0.0,34.0725998448676,71.98830277394187,4,0,2,0,20,2580.0,21.766979448235954,51.21950571403788,0.0,34.29911469849377,72.28567220923843,4.0
21.766979448235954,51.21950571403788,0.0,34.29911469849377,72.28567220923843,4,0,1,0,18,2640.0,21.77489718607763,51.430167378989886,0.0,34.31880921161174,72.25686435867293,3.0
21.77489718607763,51.430167378989886,0.0,34.31880921161174,72.25686435867293,3,0,1,6,23,2700.0,21.781148649811815,51.63843434878672,0.0,34.311377978890675,72.75222186475118,3.0
21.781148649811815,51.63843434878672,0.0,34.311377978890675,72.75222186475118,3,0,2,1,24,2760.0,21.787399657456117,51.84957222394636,0.0,34.34118096234351,73.09571363040345,3.0
21.787399657456117,51.84957222394636,0.0,34.34118096234351,73.09571363040345,3,1,2,0,27,2820.0,21.854161690988384,52.06203363801093,1512.7560205526331,34.19690145296534,72.78176630691301,4.0
21.854161690988384,52.06203363801093,1512.7560205526331,34.19690145296534,72.78176630691301,4,1,1,5,28,2880.0,21.927437711419646,52.135309658442196,1634.1148943132262,34.21106724327747,72.30511607169579,3.0
21.927437711419646,52.135309658442196,1634.1148943132262,34.21106724327747,72.30511607169579,3,0,1,2,29,2940.0,21.933680499070707,52.33700772257473,0.0,34.14734149381721,72.73528573816611,3.0
23.960419159248644,44.759203355685905,0.0,33.74232691886972,62.1616703516948,8,0,2,5,28,60.0,23.974911889507297,44.933228025645995,0.0,33.782866883005106,61.50256884708359,8.0
23.974911889507297,44.933228025645995,0.0,33.782866883005106,61.50256884708359,8,0,3,3,18,120.0,23.98940548800708,45.09892143386037,0.0,33.77067828714259,61.089878165956584,8.0
23.98940548800708,45.09892143386037,0.0,33.77067828714259,61.089878165956584,8,0,2,0,23,180.0,24.003898197100384,45.25883100118133,0.0,33.865722295796054,61.23127542901631,8.0
24.003898197100384,45.25883100118133,0.0,33.865722295796054,61.23127542901631,8,1,2,0,19,240.0,23.943381896645704,45.418555445459674,1500.233891826023,34.00271248799655,61.22065118034278,8.0
23.943381896645704,45.418555445459674,1500.233891826023,34.00271248799655,61.22065118034278,8,1,1,0,23,300.0,23.905525419590468,45.38069896840444,1047.169094832285,34.03716033208125,61.83192325680927,8.0
23.905525419590468,45.38069896840444,1047.169094832285,34.03716033208125,61.83192325680927,8,1,1,4,27,360.0,23.975456546413866,45.45063009522784,1385.6684748245718,33.96497247859549,61.5877200402357,8.0
23.975456546413866,45.45063009522784,1385.6684748245718,33.96497247859549,61.5877200402357,8,1,3,3,22,420.0,23.920458815616904,45.61200099467791,1389.947626560677,34.02041586867569,61.67724967084368,9.0
23.920458815616904,45.61200099467791,1389.947626560677,34.02041586867569,61.67724967084368,9,1,2,6,23,480.0,23.855039024804434,45.77265348143957,1631.7957876181185,34.11374964572189,62.44027184207372,9.0
23.855039024804434,45.77265348143957,1631.7957876181185,34.11374964572189,62.44027184207372,9,1,3,1,19,540.0,23.79944538997434,45.93932966504591,1435.378503682456,34.00734815653369,62.300498917344825,9.0
23.79944538997434,45.93932966504591,1435.378503682456,34.00734815653369,62.300498917344825,9,1,2,0,18,600.0,23.738220650563303,46.1029413575689,1547.9667233984603,34.00433142098612,62.359309283046066,9.0
23.738220650563303,46.1029413575689,1547.9667233984603,34.00433142098612,62.359309283046066,9,1,1,6,23,660.0,23.686996970474652,46.051717677480255,1347.9843422866147,33.94258754055081,62.45479458648505,9.0
23.686996970474652,46.051717677480255,1347.9843422866147,33.94258754055081,62.45479458648505,9,1,3,2,26,720.0,23.75716962415844,46.2157484465703,1349.9366832862834,33.77229600102935,63.17494306088804,9.0
23.75716962415844,46.2157484465703,1349.9366832862834,33.77229600102935,63.17494306088804,9,1,3,1,18,780.0,23.69896296774791,46.38534039271348,1487.4765457951498,33.751179966791796,63.82507354407116,9.0
23.69896296774791,46.38534039271348,1487.4765457951498,33.751179966791796,63.82507354407116,9,0,2,5,19,840.0,23.715131374981212,46.559737724227055,0.0,33.90649308714573,64.7114794061317,9.0
23.715131374981212,46.559737724227055,0.0,33.90649308714573,64.7114794061317,9,0,2,0,20,900.0,23.731304420371618,46.7412551410461,0.0,33.759464115132964,64.15856688569656,9.0
23.731304420371618,46.7412551410461,0.0,33.759464115132964,64.15856688569656,9,0,3,1,26,960.0,23.747472025694776,46.91542825849261,0.0,33.59108605315271,63.655754459848794,9.0
23.747472025694776,46.91542825849261,0.0,33.59108605315271,63.655754459848794,9,0,1,1,26,1020.0,23.76363347949569,47.082831520506176,0.0,33.617417100265875,63.62801823354545,8.0
23.76363347949569,47.082831520506176,0.0,33.617417100265875,63.62801823354545,8,0,3,3,20,1080.0,23.778128605616384,47.24828338763657,0.0,33.69769281114047,63.54762225062313,7.0
23.778128605616384,47.24828338763657,0.0,33.69769281114047,63.54762225062313,7,0,3,2,21,1140.0,23.79095925775657,47.41127677626643,0.0,33.71242143954307,63.37316619730832,7.0
23.79095925775657,47.41127677626643,0.0,33.71242143954307,63.37316619730832,7,1,2,2,22,1200.0,23.73187980761203,47.57089567047685,1438.2033110119335,33.71235912185308,62.67450954871382,8.0
23.73187980761203,47.57089567047685,1438.2033110119335,33.71235912185308,62.67450954871382,8,0,3,6,29,1260.0,23.746379156922508,47.72193180925922,0.0,33.75128699500526,63.04048768745884,8.0
23.746379156922508,47.72193180925922,0.0,33.75128699500526,63.04048768745884,8,1,3,1,21,1320.0,23.695199150701498,47.87511736804122,1313.6033963122748,33.810321386192975,63.15879944836589,8.0
23.695199150701498,47.87511736804122,1313.6033963122748,33.810321386192975,63.15879944836589,8,1,2,0,25,1380.0,23.760834510147664,48.02795418884446,1278.2880509579102,33.85570607558819,63.79966259162605,8.0
23.760834510147664,48.02795418884446,1278.2880509579102,33.85570607558819,63.79966259162605,8,1,1,6,23,1440.0,23.707864960375197,47.97498463907199,1349.4542431595983,33.950174997919945,64.21641125966835,8.0
23.707864960375197,47.97498463907199,1349.4542431595983,33.950174997919945,64.21641125966835,8,1,2,6,24,1500.0,23.78568449870008,48.137398905277955,1582.7865330907346,33.929741651524466,63.990744912214666,7.0
23.78568449870008,48.137398905277955,1582.7865330907346,33.929741651524466,63.990744912214666,7,1,3,5,30,1560.0,23.870612001567082,48.29593236534732,1802.2341907143696,33.89993523159052,64.1802649152865,6.0
23.870612001567082,48.29593236534732,1802.2341907143696,33.89993523159052,64.1802649152865,6,0,2,3,29,1620.0,23.88177964567475,48.45477569084671,0.0,33.78521790872132,63.65961149562232,6.0
23.88177964567475,48.45477569084671,0.0,33.78521790872132,63.65961149562232,6,0,3,2,22,1680.0,23.892943093616854,48.60682404889447,0.0,33.73511850909727,63.46136616839979,6.0
23.892943093616854,48.60682404889447,0.0,33.73511850909727,63.46136616839979,6,0,2,5,24,1740.0,23.904104499464037,48.75536947008952,0.0,33.77735246931041,62.734549219040645,5.0
23.904104499464037,48.75536947008952,0.0,33.77735246931041,62.734549219040645,5,1,1,0,28,1800.0,23.961792065397436,48.81305703602292,1204.794775026798,33.81017450250851,62.384539072572856,5.0
23.961792065397436,48.81305703602292,1204.794775026798,33.81017450250851,62.384539072572856,5,0,2,4,25,1860.0,23.971287011478672,48.94877185638842,0.0,33.759241237460024,62.48763242441511,5.0
23.971287011478672,48.94877185638842,0.0,33.759241237460024,62.48763242441511,5,1,3,0,19,1920.0,23.91210890400464,49.08416046206869,1373.4207856313271,33.742835905151146,62.50344943250457,5.0
23.91210890400464,49.08416046206869,1373.4207856313271,33.742835905151146,62.50344943250457,5,1,3,3,22,1980.0,23.85230621716243,49.21835335177305,1385.9408881782933,33.762968501913306,62.312123258348805,5.0
23.85230621716243,49.21835335177305,1385.9408881782933,33.762968501913306,62.312123258348805,5,0,3,6,29,2040.0,23.861803239238586,49.3492910508388,0.0,33.681219107791826,62.71949327125811,5.0
23.861803239238586,49.3492910508388,0.0,33.681219107791826,62.71949327125811,5,1,2,6,29,2100.0,23.949728393661115,49.48299307304299,1960.7793473393904,33.64433952130221,62.89614649117179,5.0
23.949728393661115,49.48299307304299,1960.7793473393904,33.64433952130221,62.89614649117179,5,1,2,4,28,2160.0,24.02848299625829,49.61712460722428,1731.6195556563996,33.71120310482097,62.66501459964089,5.0
24.02848299625829,49.61712460722428,1731.6195556563996,33.71120310482097,62.66501459964089,5,1,2,1,19,2220.0,23.959132698823694,49.74760350714844,1576.7944287642724,33.63237935830391,62.93107659531587,5.0
23.959132698823694,49.74760350714844,1576.7944287642724,33.63237935830391,62.93107659531587,5,0,3,1,18,2280.0,23.968621807045675,49.87943823803011,0.0,33.59853706249058,63.42637891024781,5.0
23.968621807045675,49.87943823803011,0.0,33.59853706249058,63.42637891024781,5,1,2,5,27,2340.0,24.047203605466386,50.01490764475229,1727.3533644715742,33.48338959464042,63.75735299657935,4.0
24.047203605466386,50.01490764475229,1727.3533644715742,33.48338959464042,63.75735299657935,4,1,3,4,27,2400.0,24.115613527480928,50.15233209827056,1514.8845620392185,33.481537240610194,63.828118852705394,4.0
24.115613527480928,50.15233209827056,1514.8845620392185,33.481537240610194,63.828118852705394,4,0,1,5,20,2460.0,24.12342572493803,50.28908996581491,0.0,33.44500388282013,63.96547070434997,4.0
24.12342572493803,50.28908996581491,0.0,33.44500388282013,63.96547070434997,4,0,2,0,25,2520.0,24.13123644420996,50.42585377320026,0.0,33.375104863139164,63.26526109502028,4.0
24.13123644420996,50.42585377320026,0.0,33.375104863139164,63.26526109502028,4,0,2,5,27,2580.0,24.139044573157257,50.55424784641846,0.0,33.3276942258435,63.382672133830276,3.0
24.139044573157257,50.55424784641846,0.0,33.3276942258435,63.382672133830276,3,1,3,5,27,2640.0,24.208051822236165,50.68253208929258,1571.6906855954387,33.26906342645803,63.34285114575585,3.0
24.208051822236165,50.68253208929258,1571.6906855954387,33.26906342645803,63.34285114575585,3,0,2,2,29,2700.0,24.21418718928964,50.80913527985721,0.0,33.22428430555063,63.097576723053265,3.0
24.21418718928964,50.80913527985721,0.0,33.22428430555063,63.097576723053265,3,0,3,6,24,2760.0,24.220320859193514,50.93201969428917,0.0,33.16097752146283,64.20182718466519,3.0
24.220320859193514,50.93201969428917,0.0,33.16097752146283,64.20182718466519,3,1,3,2,26,2820.0,24.279159037936342,51.064717769192924,1317.6705880187924,33.13558279661526,63.685828332200366,3.0
24.279159037936342,51.064717769192924,1317.6705880187924,33.13558279661526,63.685828332200366,3,1,2,2,30,2880.0,24.353190605534813,51.190928874823,1697.5755034962015,33.063145791315534,63.47016966044253,3.0
24.353190605534813,51.190928874823,1697.5755034962015,33.063145791315534,63.47016966044253,3,0,3,1,23,2940.0,24.35931427070767,51.3137212826792,0.0,33.03137884993607,63.52508812504457,2.0
24.35931427070767,51.3137212826792,0.0,33.03137884993607,63.52508812504457,2,0,2,2,30,3000.0,24.363770006193644,51.43583495110285,0.0,32.98229643163833,63.97280857051873,2.0
24.363770006193644,51.43583495110285,0.0,32.98229643163833,63.97280857051873,2,1,2,5,23,3060.0,24.288109819551266,51.56120468729701,1602.2827504645234,32.93961729209848,63.60999686120016,2.0
24.288109819551266,51.56120468729701,1602.2827504645234,32.93961729209848,63.60999686120016,2,0,1,2,22,3120.0,24.29256486980035,51.68169260903604,0.0,32.975661939537765,63.55802080780085,2.0
24.29256486980035,51.68169260903604,0.0,32.975661939537765,63.55802080780085,2,0,2,2,25,3180.0,24.29702097303601,51.80045589102369,0.0,33.01576431950437,62.270501385616896,2.0
24.29702097303601,51.80045589102369,0.0,33.01576431950437,62.270501385616896,2,0,2,5,29,3240.0,24.30147826448089,51.90515634596962,0.0,33.00152626998246,61.839782227233265,2.0
24.30147826448089,51.90515634596962,0.0,33.00152626998246,61.839782227233265,2,0,1,0,25,3300.0,24.305934932747743,52.00450260478226,0.0,32.88689556318302,61.505176867177724,2.0
24.305934932747743,52.00450260478226,0.0,32.88689556318302,61.505176867177724,2,1,2,0,29,3360.0,24.36965338759683,52.09950934740621,1481.6439040351354,32.96433770354356,62.411413012037904,2.0
24.36965338759683,52.09950934740621,1481.6439040351354,32.96433770354356,62.411413012037904,2,0,3,4,18,3420.0,24.374106543740695,52.20262838405253,0.0,32.9683582257961,62.869329210227505,2.0
24.374106543740695,52.20262838405253,0.0,32.9683582257961,62.869329210227505,2,1,3,2,29,3480.0,24.438154347627577,52.30929539231428,1489.866554103688,33.019428635349975,62.68178674774437,2.0
24.438154347627577,52.30929539231428,1489.866554103688,33.019428635349975,62.68178674774437,2,1,2,0,26,3540.0,24.494355486336197,52.413020305868585,1293.7107391423456,32.84742726792838,62.784006645591056,2.0
24.494355486336197,52.413020305868585,1293.7107391423456,32.84742726792838,62.784006645591056,2,0,1,2,29,3600.0,24.498800588728916,52.51673016926581,0.0,32.75863763275921,63.26645802496817,2.0
24.498800588728916,52.51673016926581,0.0,32.75863763275921,63.26645802496817,2,1,1,1,27,3660.0,24.55049510206072,52.568424682597616,1181.312969091732,32.87121367506304,63.369070104452675,2.0
24.55049510206072,52.568424682597616,1181.312969091732,32.87121367506304,63.369070104452675,2,1,2,4,22,3720.0,24.473757343645733,52.67643113681617,1623.6356473483715,32.90766360563189,62.94908373944065,2.0
24.473757343645733,52.67643113681617,1623.6356473483715,32.90766360563189,62.94908373944065,2,0,3,5,22,3780.0,24.478205140521133,52.779157662842415,0.0,32.87731805160035,63.14364102011966,1.0
24.478205140521133,52.779157662842415,0.0,32.87731805160035,63.14364102011966,1,1,2,4,20,3840.0,24.392863572445627,52.88280249641519,1762.4307701175217,32.789758321172954,62.73521828792129,1.0
24.392863572445627,52.88280249641519,1762.4307701175217,32.789758321172954,62.73521828792129,1,0,1,4,26,3900.0,24.39564346893725,52.981326654330246,0.0,32.63390205144177,62.87435590329138,1.0
24.39564346893725,52.981326654330246,0.0,32.63390205144177,62.87435590329138,1,0,1,6,25,3960.0,24.39841807755667,53.08025694681986,0.0,32.610433429931994,62.308483004508254,1.0
24.39841807755667,53.08025694681986,0.0,32.610433429931994,62.308483004508254,1,0,3,1,22,4020.0,24.40119181140175,53.172539207396746,0.0,32.58616524316903,62.070245492755305,1.0
24.40119181140175,53.172539207396746,0.0,32.58616524316903,62.070245492755305,1,0,1,2,19,4080.0,24.403964643849474,53.26151627025033,0.0,32.54736897616441,62.32380830638622,1.0
24.403964643849474,53.26151627025033,0.0,32.54736897616441,62.32380830638622,1,0,1,4,20,4140.0,24.40673609066055,53.352139190611695,0.0,32.640672369103484,62.21477742711304,2.0
24.40673609066055,53.352139190611695,0.0,32.640672369103484,62.21477742711304,2,0,3,5,28,4200.0,24.41117722186983,53.44076557297671,0.0,32.561799773993684,61.89064969401081,2.0
25.70151112001684,47.74960011045687,0.0,32.973780383878605,51.22121520837563,3,1,1,4,24,60.0,25.642482328965585,47.69057131940561,1302.0906672010105,32.93114651107533,50.89080343805854,3.0
25.642482328965585,47.69057131940561,1302.0906672010105,32.93114651107533,50.89080343805854,3,0,1,1,25,120.0,25.648558617771656,47.722573640592145,0.0,32.99993312660059,51.43523928598366,3.0
25.648558617771656,47.722573640592145,0.0,32.99993312660059,51.43523928598366,3,0,3,5,27,180.0,25.65463699692195,47.75970029704606,0.0,33.18406442937232,51.65776937895004,3.0
25.65463699692195,47.75970029704606,0.0,33.18406442937232,51.65776937895004,3,0,1,5,27,240.0,25.6607213111697,47.7986809878651,0.0,33.16091804612042,51.08512386884507,3.0
25.6607213111697,47.7986809878651,0.0,33.16091804612042,51.08512386884507,3,1,2,1,19,300.0,25.58282337893068,47.8315454166749,1679.625442603691,33.0428875704567,51.80743809216032,4.0
25.58282337893068,47.8315454166749,1679.625442603691,33.0428875704567,51.80743809216032,4,0,1,6,21,360.0,25.590572047737066,47.871304343429756,0.0,32.97662870783134,52.08462810946879,4.0
25.590572047737066,47.871304343429756,0.0,32.97662870783134,52.08462810946879,4,0,2,6,19,420.0,25.598318249625734,47.91343758109014,0.0,32.965879994121266,51.57259169024865,4.0
25.598318249625734,47.91343758109014,0.0,32.965879994121266,51.57259169024865,4,0,2,2,21,480.0,25.606063835017217,47.950029122181725,0.0,32.866745419352014,51.68686557518461,4.0
25.606063835017217,47.950029122181725,0.0,32.866745419352014,51.68686557518461,4,0,3,6,25,540.0,25.613805857736693,47.98739748671176,0.0,32.91910018513914,52.08110109519121,4.0
25.613805857736693,47.98739748671176,0.0,32.91910018513914,52.08110109519121,4,0,1,0,30,600.0,25.62154936754761,48.02833452279655,0.0,32.971367906511006,52.77296795453914,4.0
25.62154936754761,48.02833452279655,0.0,32.971367906511006,52.77296795453914,4,1,1,4,24,660.0,25.564429713396265,47.971214868645205,1297.2929620528566,32.97509466746994,52.33860333814328,4.0
25.564429713396265,47.971214868645205,1297.2929620528566,32.97509466746994,52.33860333814328,4,1,3,3,24,720.0,25.503979226592786,48.01488875334019,1363.9501793723139,33.01209411819269,52.63185944762669,4.0
25.503979226592786,48.01488875334019,1363.9501793723139,33.01209411819269,52.63185944762669,4,1,2,0,24,780.0,25.447217559409395,48.06105846028305,1290.2387535955672,33.06651727688496,52.05765361610598,4.0
25.447217559409395,48.06105846028305,1290.2387535955672,33.06651727688496,52.05765361610598,4,1,1,6,22,840.0,25.378768078998565,47.992608979872216,1524.0691413616107,33.057649898518676,52.082140252704995,5.0
23.25442415013535,53.59269586732479,0.0,15.902841477242378,52.50048744072821,3,0,2,5,22,60.0,23.26001243071292,53.58177378305883,0.0,16.115052422965732,53.06842119892597,3.0
23.26001243071292,53.58177378305883,0.0,16.115052422965732,53.06842119892597,3,1,2,3,24,120.0,23.322849964403893,53.5766402572175,1431.0591422808086,16.10508801196365,53.22113290710732,3.0
23.322849964403893,53.5766402572175,1431.0591422808086,16.10508801196365,53.22113290710732,3,1,1,2,30,180.0,23.387132435750456,53.640922728564064,1467.2432519577858,16.240314118009263,53.300198662609375,3.0
23.387132435750456,53.640922728564064,1467.2432519577858,16.240314118009263,53.300198662609375,3,0,1,6,19,240.0,23.39272754180653,53.637515487904516,0.0,16.15039720869912,53.111438612284054,3.0
23.39272754180653,53.637515487904516,0.0,16.15039720869912,53.111438612284054,3,0,3,3,25,300.0,23.398319464128758,53.632254719148314,0.0,16.277240415949283,52.10396668387394,3.0
23.398319464128758,53.632254719148314,0.0,16.277240415949283,52.10396668387394,3,0,3,2,22,360.0,23.403915428160484,53.61697183879557,0.0,16.126299256231608,52.115539958858555,3.0
23.403915428160484,53.61697183879557,0.0,16.126299256231608,52.115539958858555,3,1,1,2,30,420.0,23.468017560346134,53.68107397098122,1462.7846514511734,16.139539719312477,53.06641882252078,3.0
23.468017560346134,53.68107397098122,1462.7846514511734,16.139539719312477,53.06641882252078,3,1,2,2,27,480.0,23.535731044725452,53.67492741949661,1553.110841017155,16.167878004530554,52.88607849857071,4.0
23.535731044725452,53.67492741949661,1553.110841017155,16.167878004530554,52.88607849857071,4,1,1,0,28,540.0,23.59191398753466,53.73111036230582,1223.2134477637273,16.142869675157527,52.97835084081204,4.0
23.59191398753466,53.73111036230582,1223.2134477637273,16.142869675157527,52.97835084081204,4,1,2,1,30,600.0,23.665714062808995,53.72358276709088,1663.7094187853165,16.142073025855105,52.8217013807512,4.0
23.665714062808995,53.72358276709088,1663.7094187853165,16.142073025855105,52.8217013807512,4,0,3,5,23,660.0,23.67296327477443,53.71456395322748,0.0,16.08025948878042,52.95125171975848,4.0
23.67296327477443,53.71456395322748,0.0,16.08025948878042,52.95125171975848,4,0,3,2,19,720.0,23.680210184648228,53.706930830892794,0.0,15.968298694758706,52.969264356251195,4.0
23.680210184648228,53.706930830892794,0.0,15.968298694758706,52.969264356251195,4,0,1,5,26,780.0,23.6874531209319,53.69955416614638,0.0,15.952257446559216,52.4432779212644,4.0
23.6874531209319,53.69955416614638,0.0,15.952257446559216,52.4432779212644,4,1,3,6,28,840.0,23.764229165150223,53.686991403697554,1738.3471018533694,16.096723636723002,52.190930534653276,4.0
23.764229165150223,53.686991403697554,1738.3471018533694,16.096723636723002,52.190930534653276,4,0,1,6,28,900.0,23.77147358163261,53.67203079500711,0.0,16.036070086656707,51.418001049760285,3.0
23.77147358163261,53.67203079500711,0.0,16.036070086656707,51.418001049760285,3,0,1,6,26,960.0,23.777049068182777,53.649490497554645,0.0,15.995208096084955,51.72791806919933,2.0
23.777049068182777,53.649490497554645,0.0,15.995208096084955,51.72791806919933,2,0,2,6,25,1020.0,23.78095634015037,53.63027477327109,0.0,16.0216798828963,51.76986437887238,2.0
23.78095634015037,53.63027477327109,0.0,16.0216798828963,51.76986437887238,2,1,3,5,28,1080.0,23.851466734333048,53.611670669327104,1665.059251614662,15.99194572838475,51.65511468698158,2.0
23.851466734333048,53.611670669327104,1665.059251614662,15.99194572838475,51.65511468698158,2,0,2,6,27,1140.0,23.855371416966182,53.59210510950365,0.0,16.072340542582005,50.732612155015396,2.0
23.855371416966182,53.59210510950365,0.0,16.072340542582005,50.732612155015396,2,0,1,6,18,1200.0,23.85927864927037,53.56351017995877,0.0,15.95247011941421,50.9669636386401,2.0
23.85927864927037,53.56351017995877,0.0,15.95247011941421,50.9669636386401,2,1,3,5,23,1260.0,23.791477985295842,53.53754471454558,1434.0754071373378,16.04617151309616,50.42102335277257,2.0
23.791477985295842,53.53754471454558,1434.0754071373378,16.04617151309616,50.42102335277257,2,1,2,2,25,1320.0,23.85137697319892,53.50637950092785,1399.7624529704742,16.015722367688625,50.44841223626626,2.0
23.85137697319892,53.50637950092785,1399.7624529704742,16.015722367688625,50.44841223626626,2,1,1,4,23,1380.0,23.79272832045914,53.44773084818807,1251.0826183919353,16.07950196609355,50.20273092871764,2.0
23.79272832045914,53.44773084818807,1251.0826183919353,16.07950196609355,50.20273092871764,2,0,2,6,26,1440.0,23.79663787958066,53.41528084899337,0.0,15.957351090812688,50.58810579632997,2.0
23.79663787958066,53.41528084899337,0.0,15.957351090812688,50.58810579632997,2,1,2,5,20,1500.0,23.711305844639273,53.387009098466734,1784.7478409685496,15.98842318314611,50.65634410028597,2.0
23.711305844639273,53.387009098466734,1784.7478409685496,15.98842318314611,50.65634410028597,2,0,2,3,25,1560.0,23.71521508188389,53.359702448484924,0.0,16.10633357015951,51.15068150007338,2.0
23.71521508188389,53.359702448484924,0.0,16.10633357015951,51.15068150007338,2,0,3,4,30,1620.0,23.719128119166832,53.33761223900081,0.0,16.159218373351933,50.33471015136077,2.0
23.719128119166832,53.33761223900081,0.0,16.159218373351933,50.33471015136077,2,1,3,1,23,1680.0,23.663216306397878,53.307583218124414,1196.5296488818847,16.265639315162474,50.66162539706668,2.0
23.663216306397878,53.307583218124414,1196.5296488818847,16.265639315162474,50.66162539706668,2,1,1,5,19,1740.0,23.590063836207342,53.23443074793388,1541.4510191498673,16.312863661265748,51.49012622053832,2.0
23.590063836207342,53.23443074793388,1541.4510191498673,16.312863661265748,51.49012622053832,2,0,2,4,22,1800.0,23.593987929534844,53.21698770265992,0.0,16.38262510873733,51.37973791873776,2.0
23.593987929534844,53.21698770265992,0.0,16.38262510873733,51.37973791873776,2,1,2,6,18,1860.0,23.498097664515633,53.1986152048207,1996.331058503718,16.165739124167075,50.65337746747156,2.0
23.498097664515633,53.1986152048207,1996.331058503718,16.165739124167075,50.65337746747156,2,1,3,5,20,1920.0,23.421245208509184,53.17316282744721,1615.4942144354497,16.100231188978324,50.434484436482975,3.0
23.421245208509184,53.17316282744721,1615.4942144354497,16.100231188978324,50.434484436482975,3,1,1,4,26,1980.0,23.481023519541445,53.23294113847947,1354.7252874894489,16.20846681730594,49.29868644967643,3.0
23.481023519541445,53.23294113847947,1354.7252874894489,16.20846681730594,49.29868644967643,3,0,2,2,23,2040.0,23.48661443431804,53.19359859159144,0.0,16.140213503936742,49.25161664346983,3.0
23.48661443431804,53.19359859159144,0.0,16.140213503936742,49.25161664346983,3,0,2,3,30,2100.0,23.49220288762036,53.15417877211022,0.0,16.051867334428486,48.715908203489064,3.0
23.49220288762036,53.15417877211022,0.0,16.051867334428486,48.715908203489064,3,1,1,6,30,2160.0,23.566708482260772,53.228684366750635,1723.0068123046767,16.003664335856968,48.77785418971709,3.0
23.566708482260772,53.228684366750635,1723.0068123046767,16.003664335856968,48.77785418971709,3,1,3,3,18,2220.0,23.49143499854741,53.1841760649803,1617.0943115029938,16.10237738790941,48.173900404274754,3.0
23.49143499854741,53.1841760649803,1617.0943115029938,16.10237738790941,48.173900404274754,3,1,3,6,19,2280.0,23.40946514984058,53.134073308373246,1751.1376023961398,16.123368174501145,48.0676850039114,3.0
23.40946514984058,53.134073308373246,1751.1376023961398,16.123368174501145,48.0676850039114,3,1,1,2,18,2340.0,23.345179584112675,53.06978774264534,1397.5205832412319,16.037720565588387,48.364069746673024,2.0
23.345179584112675,53.06978774264534,1397.5205832412319,16.037720565588387,48.364069746673024,2,1,1,3,22,2400.0,23.287735277507732,53.012343436040396,1227.3478260864788,16.06289445960348,48.24940572807878,2.0
23.287735277507732,53.012343436040396,1227.3478260864788,16.06289445960348,48.24940572807878,2,0,1,5,21,2460.0,23.291661116147136,52.96471405896078,0.0,16.14356147534947,47.82097241821246,2.0
23.291661116147136,52.96471405896078,0.0,16.14356147534947,47.82097241821246,2,1,3,4,28,2520.0,23.360819527479148,52.9132766425533,1630.750366334289,16.089632806922562,48.03045047036255,2.0
23.360819527479148,52.9132766425533,1630.750366334289,16.089632806922562,48.03045047036255,2,0,3,2,22,2580.0,23.36474382125513,52.86444838083139,0.0,15.986164900161814,48.30762886960773,3.0
23.36474382125513,52.86444838083139,0.0,15.986164900161814,48.30762886960773,3,1,2,0,18,2640.0,23.294236970493994,52.81888018571915,1521.8846292753076,15.980694053036416,48.940380614307884,4.0
23.294236970493994,52.81888018571915,1521.8846292753076,15.980694053036416,48.940380614307884,4,0,1,2,25,2700.0,23.301493185730077,52.78009519000504,0.0,16.049944024466875,48.99178225681785,4.0
23.301493185730077,52.78009519000504,0.0,16.049944024466875,48.99178225681785,4,0,2,1,30,2760.0,23.308751467424702,52.74221206067317,0.0,16.068838442539903,49.3269916766077,5.0
23.308751467424702,52.74221206067317,0.0,16.068838442539903,49.3269916766077,5,0,1,2,30,2820.0,23.317676803657207,52.70805985683251,0.0,16.14156968037788,49.25336255895385,4.0
23.317676803657207,52.70805985683251,0.0,16.14156968037788,49.25336255895385,4,1,1,3,20,2880.0,23.257899279275918,52.648282332451224,1340.7664162102894,15.929417947448899,49.250276071813865,4.0
23.257899279275918,52.648282332451224,1340.7664162102894,15.929417947448899,49.250276071813865,4,0,3,1,22,2940.0,23.265154996564856,52.61430226984485,0.0,15.928226178935137,48.638125964691625,4.0
23.265154996564856,52.61430226984485,0.0,15.928226178935137,48.638125964691625,4,1,2,1,26,3000.0,23.32970224167959,52.57454050679332,1432.295235216414,15.894229328449226,49.00481355787327,4.0
23.32970224167959,52.57454050679332,1432.295235216414,15.894229328449226,49.00481355787327,4,1,2,2,29,3060.0,23.40472397866445,52.53884323730412,1694.239652049147,15.760890165768554,49.14565903784057,4.0
23.40472397866445,52.53884323730412,1694.239652049147,15.760890165768554,49.14565903784057,4,1,3,1,27,3120.0,23.466474271813304,52.504911395309485,1362.627190232128,15.618248970019136,49.123812706755125,4.0
28.43638789604264,50.421848116780154,0.0,33.44291088716041,56.13833771900355,2,0,2,5,18,60.0,28.44072144680901,50.47901301280239,0.0,33.49079300605839,55.902810933811104,2.0
28.44072144680901,50.47901301280239,0.0,33.49079300605839,55.902810933811104,2,0,2,3,22,120.0,28.44505644919432,50.533250992012476,0.0,33.452312964075354,57.124412195734806,3.0
28.44505644919432,50.533250992012476,0.0,33.452312964075354,57.124412195734806,3,0,1,1,25,180.0,28.451056691078147,50.5991626040497,0.0,33.393857064054885,57.353700689677666,3.0
28.451056691078147,50.5991626040497,0.0,33.393857064054885,57.353700689677666,3,0,3,4,18,240.0,28.457054784423914,50.66670798490598,0.0,33.4795176857321,57.32457156885875,3.0
28.457054784423914,50.66670798490598,0.0,33.4795176857321,57.32457156885875,3,1,2,0,29,300.0,28.512358601704673,50.73328662074551,1232.5767129345652,33.27832890235314,57.68639152844718,3.0
28.512358601704673,50.73328662074551,1232.5767129345652,33.27832890235314,57.68639152844718,3,1,3,6,23,360.0,28.4271441187136,50.802817669822524,1824.1336400218843,33.04702087140985,58.06533572407506,3.0
28.4271441187136,50.802817669822524,1824.1336400218843,33.04702087140985,58.06533572407506,3,1,1,4,21,420.0,28.350850015582548,50.72652356669147,1645.628647122816,32.87921624927966,58.426896740510365,3.0
28.350850015582548,50.72652356669147,1645.628647122816,32.87921624927966,58.426896740510365,3,0,3,3,22,480.0,28.356834294457006,50.80352729842966,0.0,32.86036591572304,58.31282987680355,3.0
28.356834294457006,50.80352729842966,0.0,32.86036591572304,58.31282987680355,3,1,1,6,18,540.0,28.264158034054063,50.71085103802672,1973.1942291397054,32.78819118198172,58.67991843039512,3.0
28.264158034054063,50.71085103802672,1973.1942291397054,32.78819118198172,58.67991843039512,3,1,3,0,19,600.0,28.18966573389868,50.790541711950404,1609.5286918729735,32.67625727171962,58.68262847290441,3.0
28.18966573389868,50.790541711950404,1609.5286918729735,32.67625727171962,58.68262847290441,3,0,2,2,18,660.0,28.195648620283272,50.86946257955994,0.0,32.59813169983388,59.22591826443089,3.0
28.195648620283272,50.86946257955994,0.0,32.59813169983388,59.22591826443089,3,1,3,0,26,720.0,28.14059066934681,50.95302713640865,1220.7606741155798,32.641980461497056,59.51327917083958,3.0
28.14059066934681,50.95302713640865,1220.7606741155798,32.641980461497056,59.51327917083958,3,0,1,2,22,780.0,28.14657404900655,51.03862965675296,0.0,32.64256498693038,60.48765982080121,3.0
28.14657404900655,51.03862965675296,0.0,32.64256498693038,60.48765982080121,3,1,3,4,27,840.0,28.082773554342758,51.13311995839344,1395.6738872344324,32.5726756773474,60.29537493731405,3.0
28.082773554342758,51.13311995839344,1395.6738872344324,32.5726756773474,60.29537493731405,3,1,1,0,26,900.0,28.033549617194335,51.083896021245025,1104.1386777171379,32.653088374692786,59.76403989189561,3.0
28.033549617194335,51.083896021245025,1104.1386777171379,32.653088374692786,59.76403989189561,3,1,2,4,26,960.0,27.96021615653102,51.17069745995153,1586.415572437992,32.561134956244004,60.16627518338517,2.0
27.96021615653102,51.17069745995153,1586.415572437992,32.561134956244004,60.16627518338517,2,0,3,3,18,1020.0,27.964536187157677,51.26065323718587,0.0,32.5081509453137,60.6999493398625,2.0
27.964536187157677,51.26065323718587,0.0,32.5081509453137,60.6999493398625,2,0,1,3,26,1080.0,27.968854307649615,51.355046198212634,0.0,32.36020725934426,60.66967203128072,1.0
27.968854307649615,51.355046198212634,0.0,32.36020725934426,60.66967203128072,1,1,1,5,19,1140.0,27.880973016369932,51.26716490693295,1810.553394228101,32.253286366837315,60.90441214027687,1.0
27.880973016369932,51.26716490693295,1810.553394228101,32.253286366837315,60.90441214027687,1,0,3,4,22,1200.0,27.88361876014828,51.36353737926639,0.0,32.1970855565637,61.24970363709346,1.0
27.88361876014828,51.36353737926639,0.0,32.1970855565637,61.24970363709346,1,0,1,0,25,1260.0,27.886262542374826,51.46239904184466,0.0,32.187916405281335,60.62647608263294,1.0
27.886262542374826,51.46239904184466,0.0,32.187916405281335,60.62647608263294,1,0,1,5,27,1320.0,27.888905930836923,51.55403981225255,0.0,32.099045397365906,60.81721602107029,1.0
27.888905930836923,51.55403981225255,0.0,32.099045397365906,60.81721602107029,1,0,1,5,22,1380.0,27.89154626881914,51.64667157434072,0.0,31.953455785211908,60.779888985084575,1.0
27.89154626881914,51.64667157434072,0.0,31.953455785211908,60.779888985084575,1,0,2,5,28,1440.0,27.89418166580302,51.73800374844816,0.0,32.003498503120795,61.52650976482063,1.0
27.89418166580302,51.73800374844816,0.0,32.003498503120795,61.52650976482063,1,1,1,2,18,1500.0,27.814609643449973,51.65843172609511,1644.1799916191662,32.10055892078263,60.88107946154673,1.0
27.814609643449973,51.65843172609511,1644.1799916191662,32.10055892078263,60.88107946154673,1,0,3,2,28,1560.0,27.817252508425884,51.750658203449625,0.0,32.18540288542804,60.71052769758838,1.0
27.817252508425884,51.750658203449625,0.0,32.18540288542804,60.71052769758838,1,1,3,0,23,1620.0,27.75165066904028,51.84025689839101,1364.9488879634237,32.18745577560457,60.72252146067615,1.0
27.75165066904028,51.84025689839101,1364.9488879634237,32.18745577560457,60.72252146067615,1,1,3,4,23,1680.0,27.672618082002668,51.92907954401386,1633.6089441566585,32.10594194740757,60.647485523582006,1.0
27.672618082002668,51.92907954401386,1633.6089441566585,32.10594194740757,60.647485523582006,1,0,1,1,28,1740.0,27.675265859464847,52.01626360380954,0.0,32.00873925289105,60.76559713203941,0.0
27.675265859464847,52.01626360380954,0.0,32.00873925289105,60.76559713203941,0,0,1,2,21,1800.0,27.676243641911295,52.10375693909184,0.0,32.103634835749205,60.23908901120329,0.0
27.676243641911295,52.10375693909184,0.0,32.103634835749205,60.23908901120329,0,1,1,3,29,1860.0,27.726269194574694,52.15378249175524,1226.1159905901006,32.16299891154491,59.49524864980121,0.0
27.726269194574694,52.15378249175524,1226.1159905901006,32.16299891154491,59.49524864980121,0,1,2,6,20,1920.0,27.619117969039753,52.227197153335695,2162.648997176826,32.04428473265819,60.40778896528002,1.0
27.619117969039753,52.227197153335695,2162.648997176826,32.04428473265819,60.40778896528002,1,0,3,6,19,1980.0,27.62176547459854,52.30900307145514,0.0,31.99349846693824,60.26374761524669,1.0
27.62176547459854,52.30900307145514,0.0,31.99349846693824,60.26374761524669,1,0,2,1,20,2040.0,27.624411199031616,52.388550516893055,0.0,31.83569560866613,60.32703726860816,1.0
27.624411199031616,52.388550516893055,0.0,31.83569560866613,60.32703726860816,1,1,2,3,19,2100.0,27.528297356541945,52.467935384410204,1975.0843727331815,31.752832608721196,60.76479705767407,1.0
27.528297356541945,52.467935384410204,1975.0843727331815,31.752832608721196,60.76479705767407,1,1,3,3,26,2160.0,27.46285493399362,52.55090400114284,1361.6648078012781,31.766326892296423,60.974482264771275,1.0
27.46285493399362,52.55090400114284,1361.6648078012781,31.766326892296423,60.974482264771275,1,1,2,4,25,2220.0,27.384632105296518,52.635139783779124,1617.3255552475405,31.7029135148374,61.04342190327085,1.0
27.384632105296518,52.635139783779124,1617.3255552475405,31.7029135148374,61.04342190327085,1,1,1,2,27,2280.0,27.331218309720605,52.58172598820321,1121.1547657913084,31.814357481337446,60.42998171098499,1.0
27.331218309720605,52.58172598820321,1121.1547657913084,31.814357481337446,60.42998171098499,1,0,1,4,30,2340.0,27.33386774769299,52.660208545431026,0.0,31.743604089649203,60.02473184052572,0.0
27.33386774769299,52.660208545431026,0.0,31.743604089649203,60.02473184052572,0,0,3,5,30,2400.0,27.334848072237723,52.73385377838197,0.0,31.840602152541717,60.632644546596126,0.0
27.334848072237723,52.73385377838197,0.0,31.840602152541717,60.632644546596126,0,1,3,6,24,2460.0,27.25240951551548,52.81284168606411,1668.441637164997,31.78868762133252,61.29261416450975,0.0
27.25240951551548,52.81284168606411,1668.441637164997,31.78868762133252,61.29261416450975,0,1,1,5,20,2520.0,27.16823027838302,52.72866244893165,1703.2755947197177,31.90710056882852,60.809384270696356,0.0
27.16823027838302,52.72866244893165,1703.2755947197177,31.90710056882852,60.809384270696356,0,0,2,6,23,2580.0,27.169221574059367,52.8094696671493,0.0,32.028772613598555,61.41059442942759,0.0
27.169221574059367,52.8094696671493,0.0,32.028772613598555,61.41059442942759,0,0,2,1,18,2640.0,27.17021689242735,52.89548091477209,0.0,32.044415700379005,61.82285227190478,0.0
27.17021689242735,52.89548091477209,0.0,32.044415700379005,61.82285227190478,0,0,2,1,23,2700.0,27.171212699054283,52.98475462834342,0.0,32.104542833608264,61.5570657335259,0.0
27.171212699054283,52.98475462834342,0.0,32.104542833608264,61.5570657335259,0,0,3,4,26,2760.0,27.172210476725436,53.070477739395244,0.0,32.056144636844294,61.31327048836858,0.0
27.172210476725436,53.070477739395244,0.0,32.056144636844294,61.31327048836858,0,1,2,2,29,2820.0,27.23083197220555,53.152905666884976,1440.6341085361212,32.03241383204004,61.51130322392226,0.0
27.23083197220555,53.152905666884976,1440.6341085361212,32.03241383204004,61.51130322392226,0,0,3,1,24,2880.0,27.231825358267546,53.236489642455346,0.0,31.84952790847583,61.98315476453368,0.0
27.231825358267546,53.236489642455346,0.0,31.84952790847583,61.98315476453368,0,0,1,1,25,2940.0,27.23281261501922,53.32395629367613,0.0,31.752922554388547,62.06255692242769,0.0
27.23281261501922,53.32395629367613,0.0,31.752922554388547,62.06255692242769,0,0,1,2,27,3000.0,27.233796618683865,53.41134229996365,0.0,31.772334676817984,61.613332557229626,1.0
27.233796618683865,53.41134229996365,0.0,31.772334676817984,61.613332557229626,1,1,3,1,22,3060.0,27.16358531554935,53.49336220253631,1457.2517547289933,31.758492575062224,62.7835969815177,1.0
27.16358531554935,53.49336220253631,1457.2517547289933,31.758492575062224,62.7835969815177,1,0,3,6,22,3120.0,27.16623847912467,53.58626455032613,0.0,31.771363754997335,63.139311707282175,1.0
27.16623847912467,53.58626455032613,0.0,31.771363754997335,63.139311707282175,1,0,2,4,29,3180.0,27.168891983300533,53.68179502189569,0.0,31.63909412289089,63.65813100999982,1.0
27.168891983300533,53.68179502189569,0.0,31.63909412289089,63.65813100999982,1,1,2,2,22,3240.0,27.08848364649363,53.781558381776726,1661.146870897835,31.826228771738137,62.95322323249402,1.0
27.08848364649363,53.781558381776726,1661.146870897835,31.826228771738137,62.95322323249402,1,0,1,2,24,3300.0,27.091141571331136,53.8732750302839,0.0,31.76223481485181,63.024823072849166,1.0
27.091141571331136,53.8732750302839,0.0,31.76223481485181,63.024823072849166,1,0,1,4,23,3360.0,27.093797274439254,53.964790510709555,0.0,31.879901348745175,62.149843699018376,1.0
27.093797274439254,53.964790510709555,0.0,31.879901348745175,62.149843699018376,1,1,3,5,30,3420.0,27.159448868737023,54.04664104259265,1574.8014373823014,31.94106642194062,62.74116554997549,1.0
27.159448868737023,54.04664104259265,1574.8014373823014,31.94106642194062,62.74116554997549,1,0,3,3,20,3480.0,27.162108255988798,54.133586287666475,0.0,31.949772976928788,63.60790192191806,1.0
27.162108255988798,54.133586287666475,0.0,31.949772976928788,63.60790192191806,1,1,3,5,29,3540.0,27.22482204710886,54.22832944400899,1501.3550574007702,32.054098590372945,64.4579132716934,1.0
27.22482204710886,54.22832944400899,1501.3550574007702,32.054098590372945,64.4579132716934,1,0,1,1,18,3600.0,27.227483022993635,54.33062528228584,0.0,32.17276131174965,64.27373185522669,1.0
27.227483022993635,54.33062528228584,0.0,32.17276131174965,64.27373185522669,1,0,2,6,21,3660.0,27.23014786560326,54.43005634801524,0.0,32.109538141181254,63.81404446525453,1.0
27.23014786560326,54.43005634801524,0.0,32.109538141181254,63.81404446525453,1,0,3,0,21,3720.0,27.23281051194578,54.523896229187635,0.0,31.97200234216179,63.487795447658165,0.0
27.23281051194578,54.523896229187635,0.0,31.97200234216179,63.487795447658165,0,1,3,3,26,3780.0,27.16665305509609,54.61353522137234,1342.9752648805704,32.05056318029934,63.465969302107716,0.0
27.16665305509609,54.61353522137234,1342.9752648805704,32.05056318029934,63.465969302107716,0,1,2,5,29,3840.0,27.23314922626831,54.70205956217969,1637.5010208677932,31.974377825898298,63.241078499094634,0.0
27.23314922626831,54.70205956217969,1637.5010208677932,31.974377825898298,63.241078499094634,0,0,2,0,26,3900.0,27.234140600554966,54.78744975154884,0.0,32.05046074705055,63.881881219842604,0.0
27.234140600554966,54.78744975154884,0.0,32.05046074705055,63.881881219842604,0,0,1,5,23,3960.0,27.235134477893183,54.87839406623178,0.0,32.14691839651755,63.29777685174,1.0
27.235134477893183,54.87839406623178,0.0,32.14691839651755,63.29777685174,1,1,3,4,23,4020.0,27.157822260246757,54.96258789408686,1599.5188755409501,32.1912037459014,63.48217500571915,1.0
27.157822260246757,54.96258789408686,1599.5188755409501,32.1912037459014,63.48217500571915,1,1,3,5,25,4080.0,27.084322525610013,55.047783765203185,1523.3502803919646,32.30210260080784,63.36829855458862,1.0
27.084322525610013,55.047783765203185,1523.3502803919646,32.30210260080784,63.36829855458862,1,1,1,6,18,4140.0,26.992472403404285,54.95593364299746,1890.480964164651,32.463693019690204,64.22049761511273,1.0
26.992472403404285,54.95593364299746,1890.480964164651,32.463693019690204,64.22049761511273,1,0,2,1,21,4200.0,26.99515477742483,55.04857928271861,0.0,32.443435261787535,64.28884998622357,1.0
26.99515477742483,55.04857928271861,0.0,32.443435261787535,64.28884998622357,1,1,2,1,25,4260.0,26.92855164922542,55.14098198975366,1385.6947509777642,32.5280830558846,64.18996277003042,1.0
26.92855164922542,55.14098198975366,1385.6947509777642,32.5280830558846,64.18996277003042,1,0,2,5,27,4320.0,26.93123830027231,55.23147179755643,0.0,32.65650713172182,63.43740626950567,1.0
26.93123830027231,55.23147179755643,0.0,32.65650713172182,63.43740626950567,1,1,3,2,25,4380.0,26.867587146708367,55.31353114227592,1326.8399171664746,32.56088227780663,64.50652160256409,1.0
26.867587146708367,55.31353114227592,1326.8399171664746,32.56088227780663,64.50652160256409,1,0,1,6,29,4440.0,26.870276923212735,55.4054610468788,0.0,32.531521561906864,63.491130103501646,1.0
26.870276923212735,55.4054610468788,0.0,32.531521561906864,63.491130103501646,1,1,1,3,27,4500.0,26.91926399444397,55.45444811811004,1157.4590769152678,32.612169284899174,62.43960534506666,1.0
26.91926399444397,55.45444811811004,1157.4590769152678,32.612169284899174,62.43960534506666,1,1,1,2,29,4560.0,26.970531377165877,55.50571550083194,1214.4404803055818,32.701098763442744,62.67821096789436,1.0
26.970531377165877,55.50571550083194,1214.4404803055818,32.701098763442744,62.67821096789436,1,1,3,4,29,4620.0,27.031380193243034,55.57744045550256,1453.9449291070523,32.84730595160962,62.76540878658331,2.0
27.031380193243034,55.57744045550256,1453.9449291070523,32.84730595160962,62.76540878658331,2,1,2,1,22,4680.0,26.956891876492932,55.649320138813366,1576.976952174311,32.90363573119608,62.354607950263066,2.0
26.956891876492932,55.649320138813366,1576.976952174311,32.90363573119608,62.354607950263066,2,1,3,4,24,4740.0,26.88549902476233,55.71637301692786,1515.1548638485335,32.92932649707667,62.50154907800836,2.0
26.88549902476233,55.71637301692786,1515.1548638485335,32.92932649707667,62.50154907800836,2,1,2,0,29,4800.0,26.94294195468531,55.78422477753867,1326.87005851426,32.861313495587694,62.27165767212607,2.0
26.94294195468531,55.78422477753867,1326.87005851426,32.861313495587694,62.27165767212607,2,1,3,0,29,4860.0,26.99583142810303,55.849099106484545,1213.138192492308,32.787331348803754,63.199499541038634,1.0
26.99583142810303,55.849099106484545,1213.138192492308,32.787331348803754,63.199499541038634,1,1,2,6,22,4920.0,26.901040735530785,55.92260311083009,1949.6748513920363,32.95572031932983,63.37581587099932,1.0
26.901040735530785,55.92260311083009,1949.6748513920363,32.95572031932983,63.37581587099932,1,0,1,4,29,4980.0,26.903742558183577,55.99713523843178,0.0,33.03836719859943,63.74026898657973,1.0
26.903742558183577,55.99713523843178,0.0,33.03836719859943,63.74026898657973,1,1,1,1,18,5040.0,26.830574721456358,55.92396740170456,1517.4464843046378,33.17118478925279,63.98925563621243,2.0
26.830574721456358,55.92396740170456,1517.4464843046378,33.17118478925279,63.98925563621243,2,0,1,3,21,5100.0,26.834952741791952,56.004620284049636,0.0,33.17298420715688,64.46790978224045,2.0
26.834952741791952,56.004620284049636,0.0,33.17298420715688,64.46790978224045,2,0,1,4,30,5160.0,26.839330676174132,56.089253179031545,0.0,33.134363071130736,63.8666139114142,2.0
26.839330676174132,56.089253179031545,0.0,33.134363071130736,63.8666139114142,2,1,3,0,26,5220.0,26.786399017894485,56.16702678635537,1146.1631871895772,33.32495352658368,63.70851014378278,2.0
26.786399017894485,56.16702678635537,1146.1631871895772,33.32495352658368,63.70851014378278,2,0,1,4,28,5280.0,26.79078363637811,56.24244161992964,0.0,33.14665816123879,63.89426225589751,3.0
26.79078363637811,56.24244161992964,0.0,33.14665816123879,63.89426225589751,3,0,2,4,26,5340.0,26.796828832195605,56.31895982628932,0.0,33.14835831953749,63.128188239872784,4.0
26.796828832195605,56.31895982628932,0.0,33.14835831953749,63.128188239872784,4,0,1,0,20,5400.0,26.804540549845182,56.38705211042516,0.0,33.17087207379503,62.6035996309612,4.0
26.804540549845182,56.38705211042516,0.0,33.17087207379503,62.6035996309612,4,0,2,1,22,5460.0,26.81225276089598,56.44921758563052,0.0,33.41058243368177,63.251611515319375,4.0
26.81225276089598,56.44921758563052,0.0,33.41058243368177,63.251611515319375,4,1,3,2,22,5520.0,26.744915640616696,56.51724152492741,1501.1412920342068,33.221770931811214,63.65301964779581,4.0
